variant_id,peptide_id,target_id,position,wt,mut,wt_seq,flag
MccJ25_p1GA,MccJ25,POLR2A,1,G,A,GGAGHVPEYFVGIGTPISFYG,structural_wt_Cys_Gly
MccJ25_p1GC,MccJ25,POLR2A,1,G,C,GGAGHVPEYFVGIGTPISFYG,structural_wt_Cys_Gly
MccJ25_p1GD,MccJ25,POLR2A,1,G,D,GGAGHVPEYFVGIGTPISFYG,structural_wt_Cys_Gly
MccJ25_p1GE,MccJ25,POLR2A,1,G,E,GGAGHVPEYFVGIGTPISFYG,structural_wt_Cys_Gly
MccJ25_p1GF,MccJ25,POLR2A,1,G,F,GGAGHVPEYFVGIGTPISFYG,structural_wt_Cys_Gly
MccJ25_p1GH,MccJ25,POLR2A,1,G,H,GGAGHVPEYFVGIGTPISFYG,structural_wt_Cys_Gly
MccJ25_p1GI,MccJ25,POLR2A,1,G,I,GGAGHVPEYFVGIGTPISFYG,structural_wt_Cys_Gly
MccJ25_p1GK,MccJ25,POLR2A,1,G,K,GGAGHVPEYFVGIGTPISFYG,structural_wt_Cys_Gly
MccJ25_p1GL,MccJ25,POLR2A,1,G,L,GGAGHVPEYFVGIGTPISFYG,structural_wt_Cys_Gly
MccJ25_p1GM,MccJ25,POLR2A,1,G,M,GGAGHVPEYFVGIGTPISFYG,structural_wt_Cys_Gly
MccJ25_p1GN,MccJ25,POLR2A,1,G,N,GGAGHVPEYFVGIGTPISFYG,structural_wt_Cys_Gly
MccJ25_p1GP,MccJ25,POLR2A,1,G,P,GGAGHVPEYFVGIGTPISFYG,structural_wt_Cys_Gly
MccJ25_p1GQ,MccJ25,POLR2A,1,G,Q,GGAGHVPEYFVGIGTPISFYG,structural_wt_Cys_Gly
MccJ25_p1GR,MccJ25,POLR2A,1,G,R,GGAGHVPEYFVGIGTPISFYG,structural_wt_Cys_Gly
MccJ25_p1GS,MccJ25,POLR2A,1,G,S,GGAGHVPEYFVGIGTPISFYG,structural_wt_Cys_Gly
MccJ25_p1GT,MccJ25,POLR2A,1,G,T,GGAGHVPEYFVGIGTPISFYG,structural_wt_Cys_Gly
MccJ25_p1GV,MccJ25,POLR2A,1,G,V,GGAGHVPEYFVGIGTPISFYG,structural_wt_Cys_Gly
MccJ25_p1GW,MccJ25,POLR2A,1,G,W,GGAGHVPEYFVGIGTPISFYG,structural_wt_Cys_Gly
MccJ25_p1GY,MccJ25,POLR2A,1,G,Y,GGAGHVPEYFVGIGTPISFYG,structural_wt_Cys_Gly
MccJ25_p2GA,MccJ25,POLR2A,2,G,A,GGAGHVPEYFVGIGTPISFYG,structural_wt_Cys_Gly
MccJ25_p2GC,MccJ25,POLR2A,2,G,C,GGAGHVPEYFVGIGTPISFYG,structural_wt_Cys_Gly
MccJ25_p2GD,MccJ25,POLR2A,2,G,D,GGAGHVPEYFVGIGTPISFYG,structural_wt_Cys_Gly
MccJ25_p2GE,MccJ25,POLR2A,2,G,E,GGAGHVPEYFVGIGTPISFYG,structural_wt_Cys_Gly
MccJ25_p2GF,MccJ25,POLR2A,2,G,F,GGAGHVPEYFVGIGTPISFYG,structural_wt_Cys_Gly
MccJ25_p2GH,MccJ25,POLR2A,2,G,H,GGAGHVPEYFVGIGTPISFYG,structural_wt_Cys_Gly
MccJ25_p2GI,MccJ25,POLR2A,2,G,I,GGAGHVPEYFVGIGTPISFYG,structural_wt_Cys_Gly
MccJ25_p2GK,MccJ25,POLR2A,2,G,K,GGAGHVPEYFVGIGTPISFYG,structural_wt_Cys_Gly
MccJ25_p2GL,MccJ25,POLR2A,2,G,L,GGAGHVPEYFVGIGTPISFYG,structural_wt_Cys_Gly
MccJ25_p2GM,MccJ25,POLR2A,2,G,M,GGAGHVPEYFVGIGTPISFYG,structural_wt_Cys_Gly
MccJ25_p2GN,MccJ25,POLR2A,2,G,N,GGAGHVPEYFVGIGTPISFYG,structural_wt_Cys_Gly
MccJ25_p2GP,MccJ25,POLR2A,2,G,P,GGAGHVPEYFVGIGTPISFYG,structural_wt_Cys_Gly
MccJ25_p2GQ,MccJ25,POLR2A,2,G,Q,GGAGHVPEYFVGIGTPISFYG,structural_wt_Cys_Gly
MccJ25_p2GR,MccJ25,POLR2A,2,G,R,GGAGHVPEYFVGIGTPISFYG,structural_wt_Cys_Gly
MccJ25_p2GS,MccJ25,POLR2A,2,G,S,GGAGHVPEYFVGIGTPISFYG,structural_wt_Cys_Gly
MccJ25_p2GT,MccJ25,POLR2A,2,G,T,GGAGHVPEYFVGIGTPISFYG,structural_wt_Cys_Gly
MccJ25_p2GV,MccJ25,POLR2A,2,G,V,GGAGHVPEYFVGIGTPISFYG,structural_wt_Cys_Gly
MccJ25_p2GW,MccJ25,POLR2A,2,G,W,GGAGHVPEYFVGIGTPISFYG,structural_wt_Cys_Gly
MccJ25_p2GY,MccJ25,POLR2A,2,G,Y,GGAGHVPEYFVGIGTPISFYG,structural_wt_Cys_Gly
MccJ25_p3AC,MccJ25,POLR2A,3,A,C,GGAGHVPEYFVGIGTPISFYG,
MccJ25_p3AD,MccJ25,POLR2A,3,A,D,GGAGHVPEYFVGIGTPISFYG,
MccJ25_p3AE,MccJ25,POLR2A,3,A,E,GGAGHVPEYFVGIGTPISFYG,
MccJ25_p3AF,MccJ25,POLR2A,3,A,F,GGAGHVPEYFVGIGTPISFYG,
MccJ25_p3AG,MccJ25,POLR2A,3,A,G,GGAGHVPEYFVGIGTPISFYG,
MccJ25_p3AH,MccJ25,POLR2A,3,A,H,GGAGHVPEYFVGIGTPISFYG,
MccJ25_p3AI,MccJ25,POLR2A,3,A,I,GGAGHVPEYFVGIGTPISFYG,
MccJ25_p3AK,MccJ25,POLR2A,3,A,K,GGAGHVPEYFVGIGTPISFYG,
MccJ25_p3AL,MccJ25,POLR2A,3,A,L,GGAGHVPEYFVGIGTPISFYG,
MccJ25_p3AM,MccJ25,POLR2A,3,A,M,GGAGHVPEYFVGIGTPISFYG,
MccJ25_p3AN,MccJ25,POLR2A,3,A,N,GGAGHVPEYFVGIGTPISFYG,
MccJ25_p3AP,MccJ25,POLR2A,3,A,P,GGAGHVPEYFVGIGTPISFYG,
MccJ25_p3AQ,MccJ25,POLR2A,3,A,Q,GGAGHVPEYFVGIGTPISFYG,
MccJ25_p3AR,MccJ25,POLR2A,3,A,R,GGAGHVPEYFVGIGTPISFYG,
MccJ25_p3AS,MccJ25,POLR2A,3,A,S,GGAGHVPEYFVGIGTPISFYG,
MccJ25_p3AT,MccJ25,POLR2A,3,A,T,GGAGHVPEYFVGIGTPISFYG,
MccJ25_p3AV,MccJ25,POLR2A,3,A,V,GGAGHVPEYFVGIGTPISFYG,
MccJ25_p3AW,MccJ25,POLR2A,3,A,W,GGAGHVPEYFVGIGTPISFYG,
MccJ25_p3AY,MccJ25,POLR2A,3,A,Y,GGAGHVPEYFVGIGTPISFYG,
MccJ25_p4GA,MccJ25,POLR2A,4,G,A,GGAGHVPEYFVGIGTPISFYG,structural_wt_Cys_Gly
MccJ25_p4GC,MccJ25,POLR2A,4,G,C,GGAGHVPEYFVGIGTPISFYG,structural_wt_Cys_Gly
MccJ25_p4GD,MccJ25,POLR2A,4,G,D,GGAGHVPEYFVGIGTPISFYG,structural_wt_Cys_Gly
MccJ25_p4GE,MccJ25,POLR2A,4,G,E,GGAGHVPEYFVGIGTPISFYG,structural_wt_Cys_Gly
MccJ25_p4GF,MccJ25,POLR2A,4,G,F,GGAGHVPEYFVGIGTPISFYG,structural_wt_Cys_Gly
MccJ25_p4GH,MccJ25,POLR2A,4,G,H,GGAGHVPEYFVGIGTPISFYG,structural_wt_Cys_Gly
MccJ25_p4GI,MccJ25,POLR2A,4,G,I,GGAGHVPEYFVGIGTPISFYG,structural_wt_Cys_Gly
MccJ25_p4GK,MccJ25,POLR2A,4,G,K,GGAGHVPEYFVGIGTPISFYG,structural_wt_Cys_Gly
MccJ25_p4GL,MccJ25,POLR2A,4,G,L,GGAGHVPEYFVGIGTPISFYG,structural_wt_Cys_Gly
MccJ25_p4GM,MccJ25,POLR2A,4,G,M,GGAGHVPEYFVGIGTPISFYG,structural_wt_Cys_Gly
MccJ25_p4GN,MccJ25,POLR2A,4,G,N,GGAGHVPEYFVGIGTPISFYG,structural_wt_Cys_Gly
MccJ25_p4GP,MccJ25,POLR2A,4,G,P,GGAGHVPEYFVGIGTPISFYG,structural_wt_Cys_Gly
MccJ25_p4GQ,MccJ25,POLR2A,4,G,Q,GGAGHVPEYFVGIGTPISFYG,structural_wt_Cys_Gly
MccJ25_p4GR,MccJ25,POLR2A,4,G,R,GGAGHVPEYFVGIGTPISFYG,structural_wt_Cys_Gly
MccJ25_p4GS,MccJ25,POLR2A,4,G,S,GGAGHVPEYFVGIGTPISFYG,structural_wt_Cys_Gly
MccJ25_p4GT,MccJ25,POLR2A,4,G,T,GGAGHVPEYFVGIGTPISFYG,structural_wt_Cys_Gly
MccJ25_p4GV,MccJ25,POLR2A,4,G,V,GGAGHVPEYFVGIGTPISFYG,structural_wt_Cys_Gly
MccJ25_p4GW,MccJ25,POLR2A,4,G,W,GGAGHVPEYFVGIGTPISFYG,structural_wt_Cys_Gly
MccJ25_p4GY,MccJ25,POLR2A,4,G,Y,GGAGHVPEYFVGIGTPISFYG,structural_wt_Cys_Gly
MccJ25_p5HA,MccJ25,POLR2A,5,H,A,GGAGHVPEYFVGIGTPISFYG,
MccJ25_p5HC,MccJ25,POLR2A,5,H,C,GGAGHVPEYFVGIGTPISFYG,
MccJ25_p5HD,MccJ25,POLR2A,5,H,D,GGAGHVPEYFVGIGTPISFYG,
MccJ25_p5HE,MccJ25,POLR2A,5,H,E,GGAGHVPEYFVGIGTPISFYG,
MccJ25_p5HF,MccJ25,POLR2A,5,H,F,GGAGHVPEYFVGIGTPISFYG,
MccJ25_p5HG,MccJ25,POLR2A,5,H,G,GGAGHVPEYFVGIGTPISFYG,
MccJ25_p5HI,MccJ25,POLR2A,5,H,I,GGAGHVPEYFVGIGTPISFYG,
MccJ25_p5HK,MccJ25,POLR2A,5,H,K,GGAGHVPEYFVGIGTPISFYG,
MccJ25_p5HL,MccJ25,POLR2A,5,H,L,GGAGHVPEYFVGIGTPISFYG,
MccJ25_p5HM,MccJ25,POLR2A,5,H,M,GGAGHVPEYFVGIGTPISFYG,
MccJ25_p5HN,MccJ25,POLR2A,5,H,N,GGAGHVPEYFVGIGTPISFYG,
MccJ25_p5HP,MccJ25,POLR2A,5,H,P,GGAGHVPEYFVGIGTPISFYG,
MccJ25_p5HQ,MccJ25,POLR2A,5,H,Q,GGAGHVPEYFVGIGTPISFYG,
MccJ25_p5HR,MccJ25,POLR2A,5,H,R,GGAGHVPEYFVGIGTPISFYG,
MccJ25_p5HS,MccJ25,POLR2A,5,H,S,GGAGHVPEYFVGIGTPISFYG,
MccJ25_p5HT,MccJ25,POLR2A,5,H,T,GGAGHVPEYFVGIGTPISFYG,
MccJ25_p5HV,MccJ25,POLR2A,5,H,V,GGAGHVPEYFVGIGTPISFYG,
MccJ25_p5HW,MccJ25,POLR2A,5,H,W,GGAGHVPEYFVGIGTPISFYG,
MccJ25_p5HY,MccJ25,POLR2A,5,H,Y,GGAGHVPEYFVGIGTPISFYG,
MccJ25_p6VA,MccJ25,POLR2A,6,V,A,GGAGHVPEYFVGIGTPISFYG,
MccJ25_p6VC,MccJ25,POLR2A,6,V,C,GGAGHVPEYFVGIGTPISFYG,
MccJ25_p6VD,MccJ25,POLR2A,6,V,D,GGAGHVPEYFVGIGTPISFYG,
MccJ25_p6VE,MccJ25,POLR2A,6,V,E,GGAGHVPEYFVGIGTPISFYG,
MccJ25_p6VF,MccJ25,POLR2A,6,V,F,GGAGHVPEYFVGIGTPISFYG,
MccJ25_p6VG,MccJ25,POLR2A,6,V,G,GGAGHVPEYFVGIGTPISFYG,
MccJ25_p6VH,MccJ25,POLR2A,6,V,H,GGAGHVPEYFVGIGTPISFYG,
MccJ25_p6VI,MccJ25,POLR2A,6,V,I,GGAGHVPEYFVGIGTPISFYG,
MccJ25_p6VK,MccJ25,POLR2A,6,V,K,GGAGHVPEYFVGIGTPISFYG,
MccJ25_p6VL,MccJ25,POLR2A,6,V,L,GGAGHVPEYFVGIGTPISFYG,
MccJ25_p6VM,MccJ25,POLR2A,6,V,M,GGAGHVPEYFVGIGTPISFYG,
MccJ25_p6VN,MccJ25,POLR2A,6,V,N,GGAGHVPEYFVGIGTPISFYG,
MccJ25_p6VP,MccJ25,POLR2A,6,V,P,GGAGHVPEYFVGIGTPISFYG,
MccJ25_p6VQ,MccJ25,POLR2A,6,V,Q,GGAGHVPEYFVGIGTPISFYG,
MccJ25_p6VR,MccJ25,POLR2A,6,V,R,GGAGHVPEYFVGIGTPISFYG,
MccJ25_p6VS,MccJ25,POLR2A,6,V,S,GGAGHVPEYFVGIGTPISFYG,
MccJ25_p6VT,MccJ25,POLR2A,6,V,T,GGAGHVPEYFVGIGTPISFYG,
MccJ25_p6VW,MccJ25,POLR2A,6,V,W,GGAGHVPEYFVGIGTPISFYG,
MccJ25_p6VY,MccJ25,POLR2A,6,V,Y,GGAGHVPEYFVGIGTPISFYG,
MccJ25_p7PA,MccJ25,POLR2A,7,P,A,GGAGHVPEYFVGIGTPISFYG,
MccJ25_p7PC,MccJ25,POLR2A,7,P,C,GGAGHVPEYFVGIGTPISFYG,
MccJ25_p7PD,MccJ25,POLR2A,7,P,D,GGAGHVPEYFVGIGTPISFYG,
MccJ25_p7PE,MccJ25,POLR2A,7,P,E,GGAGHVPEYFVGIGTPISFYG,
MccJ25_p7PF,MccJ25,POLR2A,7,P,F,GGAGHVPEYFVGIGTPISFYG,
MccJ25_p7PG,MccJ25,POLR2A,7,P,G,GGAGHVPEYFVGIGTPISFYG,may_break_turn
MccJ25_p7PH,MccJ25,POLR2A,7,P,H,GGAGHVPEYFVGIGTPISFYG,
MccJ25_p7PI,MccJ25,POLR2A,7,P,I,GGAGHVPEYFVGIGTPISFYG,
MccJ25_p7PK,MccJ25,POLR2A,7,P,K,GGAGHVPEYFVGIGTPISFYG,
MccJ25_p7PL,MccJ25,POLR2A,7,P,L,GGAGHVPEYFVGIGTPISFYG,
MccJ25_p7PM,MccJ25,POLR2A,7,P,M,GGAGHVPEYFVGIGTPISFYG,
MccJ25_p7PN,MccJ25,POLR2A,7,P,N,GGAGHVPEYFVGIGTPISFYG,
MccJ25_p7PQ,MccJ25,POLR2A,7,P,Q,GGAGHVPEYFVGIGTPISFYG,
MccJ25_p7PR,MccJ25,POLR2A,7,P,R,GGAGHVPEYFVGIGTPISFYG,
MccJ25_p7PS,MccJ25,POLR2A,7,P,S,GGAGHVPEYFVGIGTPISFYG,
MccJ25_p7PT,MccJ25,POLR2A,7,P,T,GGAGHVPEYFVGIGTPISFYG,
MccJ25_p7PV,MccJ25,POLR2A,7,P,V,GGAGHVPEYFVGIGTPISFYG,
MccJ25_p7PW,MccJ25,POLR2A,7,P,W,GGAGHVPEYFVGIGTPISFYG,
MccJ25_p7PY,MccJ25,POLR2A,7,P,Y,GGAGHVPEYFVGIGTPISFYG,
MccJ25_p8EA,MccJ25,POLR2A,8,E,A,GGAGHVPEYFVGIGTPISFYG,
MccJ25_p8EC,MccJ25,POLR2A,8,E,C,GGAGHVPEYFVGIGTPISFYG,
MccJ25_p8ED,MccJ25,POLR2A,8,E,D,GGAGHVPEYFVGIGTPISFYG,
MccJ25_p8EF,MccJ25,POLR2A,8,E,F,GGAGHVPEYFVGIGTPISFYG,
MccJ25_p8EG,MccJ25,POLR2A,8,E,G,GGAGHVPEYFVGIGTPISFYG,
MccJ25_p8EH,MccJ25,POLR2A,8,E,H,GGAGHVPEYFVGIGTPISFYG,
MccJ25_p8EI,MccJ25,POLR2A,8,E,I,GGAGHVPEYFVGIGTPISFYG,
MccJ25_p8EK,MccJ25,POLR2A,8,E,K,GGAGHVPEYFVGIGTPISFYG,
MccJ25_p8EL,MccJ25,POLR2A,8,E,L,GGAGHVPEYFVGIGTPISFYG,
MccJ25_p8EM,MccJ25,POLR2A,8,E,M,GGAGHVPEYFVGIGTPISFYG,
MccJ25_p8EN,MccJ25,POLR2A,8,E,N,GGAGHVPEYFVGIGTPISFYG,
MccJ25_p8EP,MccJ25,POLR2A,8,E,P,GGAGHVPEYFVGIGTPISFYG,
MccJ25_p8EQ,MccJ25,POLR2A,8,E,Q,GGAGHVPEYFVGIGTPISFYG,
MccJ25_p8ER,MccJ25,POLR2A,8,E,R,GGAGHVPEYFVGIGTPISFYG,
MccJ25_p8ES,MccJ25,POLR2A,8,E,S,GGAGHVPEYFVGIGTPISFYG,
MccJ25_p8ET,MccJ25,POLR2A,8,E,T,GGAGHVPEYFVGIGTPISFYG,
MccJ25_p8EV,MccJ25,POLR2A,8,E,V,GGAGHVPEYFVGIGTPISFYG,
MccJ25_p8EW,MccJ25,POLR2A,8,E,W,GGAGHVPEYFVGIGTPISFYG,
MccJ25_p8EY,MccJ25,POLR2A,8,E,Y,GGAGHVPEYFVGIGTPISFYG,
MccJ25_p9YA,MccJ25,POLR2A,9,Y,A,GGAGHVPEYFVGIGTPISFYG,
MccJ25_p9YC,MccJ25,POLR2A,9,Y,C,GGAGHVPEYFVGIGTPISFYG,
MccJ25_p9YD,MccJ25,POLR2A,9,Y,D,GGAGHVPEYFVGIGTPISFYG,
MccJ25_p9YE,MccJ25,POLR2A,9,Y,E,GGAGHVPEYFVGIGTPISFYG,
MccJ25_p9YF,MccJ25,POLR2A,9,Y,F,GGAGHVPEYFVGIGTPISFYG,
MccJ25_p9YG,MccJ25,POLR2A,9,Y,G,GGAGHVPEYFVGIGTPISFYG,
MccJ25_p9YH,MccJ25,POLR2A,9,Y,H,GGAGHVPEYFVGIGTPISFYG,
MccJ25_p9YI,MccJ25,POLR2A,9,Y,I,GGAGHVPEYFVGIGTPISFYG,
MccJ25_p9YK,MccJ25,POLR2A,9,Y,K,GGAGHVPEYFVGIGTPISFYG,
MccJ25_p9YL,MccJ25,POLR2A,9,Y,L,GGAGHVPEYFVGIGTPISFYG,
MccJ25_p9YM,MccJ25,POLR2A,9,Y,M,GGAGHVPEYFVGIGTPISFYG,
MccJ25_p9YN,MccJ25,POLR2A,9,Y,N,GGAGHVPEYFVGIGTPISFYG,
MccJ25_p9YP,MccJ25,POLR2A,9,Y,P,GGAGHVPEYFVGIGTPISFYG,
MccJ25_p9YQ,MccJ25,POLR2A,9,Y,Q,GGAGHVPEYFVGIGTPISFYG,
MccJ25_p9YR,MccJ25,POLR2A,9,Y,R,GGAGHVPEYFVGIGTPISFYG,
MccJ25_p9YS,MccJ25,POLR2A,9,Y,S,GGAGHVPEYFVGIGTPISFYG,
MccJ25_p9YT,MccJ25,POLR2A,9,Y,T,GGAGHVPEYFVGIGTPISFYG,
MccJ25_p9YV,MccJ25,POLR2A,9,Y,V,GGAGHVPEYFVGIGTPISFYG,
MccJ25_p9YW,MccJ25,POLR2A,9,Y,W,GGAGHVPEYFVGIGTPISFYG,
MccJ25_p10FA,MccJ25,POLR2A,10,F,A,GGAGHVPEYFVGIGTPISFYG,
MccJ25_p10FC,MccJ25,POLR2A,10,F,C,GGAGHVPEYFVGIGTPISFYG,
MccJ25_p10FD,MccJ25,POLR2A,10,F,D,GGAGHVPEYFVGIGTPISFYG,
MccJ25_p10FE,MccJ25,POLR2A,10,F,E,GGAGHVPEYFVGIGTPISFYG,
MccJ25_p10FG,MccJ25,POLR2A,10,F,G,GGAGHVPEYFVGIGTPISFYG,
MccJ25_p10FH,MccJ25,POLR2A,10,F,H,GGAGHVPEYFVGIGTPISFYG,
MccJ25_p10FI,MccJ25,POLR2A,10,F,I,GGAGHVPEYFVGIGTPISFYG,
MccJ25_p10FK,MccJ25,POLR2A,10,F,K,GGAGHVPEYFVGIGTPISFYG,
MccJ25_p10FL,MccJ25,POLR2A,10,F,L,GGAGHVPEYFVGIGTPISFYG,
MccJ25_p10FM,MccJ25,POLR2A,10,F,M,GGAGHVPEYFVGIGTPISFYG,
MccJ25_p10FN,MccJ25,POLR2A,10,F,N,GGAGHVPEYFVGIGTPISFYG,
MccJ25_p10FP,MccJ25,POLR2A,10,F,P,GGAGHVPEYFVGIGTPISFYG,
MccJ25_p10FQ,MccJ25,POLR2A,10,F,Q,GGAGHVPEYFVGIGTPISFYG,
MccJ25_p10FR,MccJ25,POLR2A,10,F,R,GGAGHVPEYFVGIGTPISFYG,
MccJ25_p10FS,MccJ25,POLR2A,10,F,S,GGAGHVPEYFVGIGTPISFYG,
MccJ25_p10FT,MccJ25,POLR2A,10,F,T,GGAGHVPEYFVGIGTPISFYG,
MccJ25_p10FV,MccJ25,POLR2A,10,F,V,GGAGHVPEYFVGIGTPISFYG,
MccJ25_p10FW,MccJ25,POLR2A,10,F,W,GGAGHVPEYFVGIGTPISFYG,
MccJ25_p10FY,MccJ25,POLR2A,10,F,Y,GGAGHVPEYFVGIGTPISFYG,
MccJ25_p11VA,MccJ25,POLR2A,11,V,A,GGAGHVPEYFVGIGTPISFYG,
MccJ25_p11VC,MccJ25,POLR2A,11,V,C,GGAGHVPEYFVGIGTPISFYG,
MccJ25_p11VD,MccJ25,POLR2A,11,V,D,GGAGHVPEYFVGIGTPISFYG,
MccJ25_p11VE,MccJ25,POLR2A,11,V,E,GGAGHVPEYFVGIGTPISFYG,
MccJ25_p11VF,MccJ25,POLR2A,11,V,F,GGAGHVPEYFVGIGTPISFYG,
MccJ25_p11VG,MccJ25,POLR2A,11,V,G,GGAGHVPEYFVGIGTPISFYG,
MccJ25_p11VH,MccJ25,POLR2A,11,V,H,GGAGHVPEYFVGIGTPISFYG,
MccJ25_p11VI,MccJ25,POLR2A,11,V,I,GGAGHVPEYFVGIGTPISFYG,
MccJ25_p11VK,MccJ25,POLR2A,11,V,K,GGAGHVPEYFVGIGTPISFYG,
MccJ25_p11VL,MccJ25,POLR2A,11,V,L,GGAGHVPEYFVGIGTPISFYG,
MccJ25_p11VM,MccJ25,POLR2A,11,V,M,GGAGHVPEYFVGIGTPISFYG,
MccJ25_p11VN,MccJ25,POLR2A,11,V,N,GGAGHVPEYFVGIGTPISFYG,
MccJ25_p11VP,MccJ25,POLR2A,11,V,P,GGAGHVPEYFVGIGTPISFYG,
MccJ25_p11VQ,MccJ25,POLR2A,11,V,Q,GGAGHVPEYFVGIGTPISFYG,
MccJ25_p11VR,MccJ25,POLR2A,11,V,R,GGAGHVPEYFVGIGTPISFYG,
MccJ25_p11VS,MccJ25,POLR2A,11,V,S,GGAGHVPEYFVGIGTPISFYG,
MccJ25_p11VT,MccJ25,POLR2A,11,V,T,GGAGHVPEYFVGIGTPISFYG,
MccJ25_p11VW,MccJ25,POLR2A,11,V,W,GGAGHVPEYFVGIGTPISFYG,
MccJ25_p11VY,MccJ25,POLR2A,11,V,Y,GGAGHVPEYFVGIGTPISFYG,
MccJ25_p12GA,MccJ25,POLR2A,12,G,A,GGAGHVPEYFVGIGTPISFYG,structural_wt_Cys_Gly
MccJ25_p12GC,MccJ25,POLR2A,12,G,C,GGAGHVPEYFVGIGTPISFYG,structural_wt_Cys_Gly
MccJ25_p12GD,MccJ25,POLR2A,12,G,D,GGAGHVPEYFVGIGTPISFYG,structural_wt_Cys_Gly
MccJ25_p12GE,MccJ25,POLR2A,12,G,E,GGAGHVPEYFVGIGTPISFYG,structural_wt_Cys_Gly
MccJ25_p12GF,MccJ25,POLR2A,12,G,F,GGAGHVPEYFVGIGTPISFYG,structural_wt_Cys_Gly
MccJ25_p12GH,MccJ25,POLR2A,12,G,H,GGAGHVPEYFVGIGTPISFYG,structural_wt_Cys_Gly
MccJ25_p12GI,MccJ25,POLR2A,12,G,I,GGAGHVPEYFVGIGTPISFYG,structural_wt_Cys_Gly
MccJ25_p12GK,MccJ25,POLR2A,12,G,K,GGAGHVPEYFVGIGTPISFYG,structural_wt_Cys_Gly
MccJ25_p12GL,MccJ25,POLR2A,12,G,L,GGAGHVPEYFVGIGTPISFYG,structural_wt_Cys_Gly
MccJ25_p12GM,MccJ25,POLR2A,12,G,M,GGAGHVPEYFVGIGTPISFYG,structural_wt_Cys_Gly
MccJ25_p12GN,MccJ25,POLR2A,12,G,N,GGAGHVPEYFVGIGTPISFYG,structural_wt_Cys_Gly
MccJ25_p12GP,MccJ25,POLR2A,12,G,P,GGAGHVPEYFVGIGTPISFYG,structural_wt_Cys_Gly
MccJ25_p12GQ,MccJ25,POLR2A,12,G,Q,GGAGHVPEYFVGIGTPISFYG,structural_wt_Cys_Gly
MccJ25_p12GR,MccJ25,POLR2A,12,G,R,GGAGHVPEYFVGIGTPISFYG,structural_wt_Cys_Gly
MccJ25_p12GS,MccJ25,POLR2A,12,G,S,GGAGHVPEYFVGIGTPISFYG,structural_wt_Cys_Gly
MccJ25_p12GT,MccJ25,POLR2A,12,G,T,GGAGHVPEYFVGIGTPISFYG,structural_wt_Cys_Gly
MccJ25_p12GV,MccJ25,POLR2A,12,G,V,GGAGHVPEYFVGIGTPISFYG,structural_wt_Cys_Gly
MccJ25_p12GW,MccJ25,POLR2A,12,G,W,GGAGHVPEYFVGIGTPISFYG,structural_wt_Cys_Gly
MccJ25_p12GY,MccJ25,POLR2A,12,G,Y,GGAGHVPEYFVGIGTPISFYG,structural_wt_Cys_Gly
MccJ25_p13IA,MccJ25,POLR2A,13,I,A,GGAGHVPEYFVGIGTPISFYG,
MccJ25_p13IC,MccJ25,POLR2A,13,I,C,GGAGHVPEYFVGIGTPISFYG,
MccJ25_p13ID,MccJ25,POLR2A,13,I,D,GGAGHVPEYFVGIGTPISFYG,
MccJ25_p13IE,MccJ25,POLR2A,13,I,E,GGAGHVPEYFVGIGTPISFYG,
MccJ25_p13IF,MccJ25,POLR2A,13,I,F,GGAGHVPEYFVGIGTPISFYG,
MccJ25_p13IG,MccJ25,POLR2A,13,I,G,GGAGHVPEYFVGIGTPISFYG,
MccJ25_p13IH,MccJ25,POLR2A,13,I,H,GGAGHVPEYFVGIGTPISFYG,
MccJ25_p13IK,MccJ25,POLR2A,13,I,K,GGAGHVPEYFVGIGTPISFYG,
MccJ25_p13IL,MccJ25,POLR2A,13,I,L,GGAGHVPEYFVGIGTPISFYG,
MccJ25_p13IM,MccJ25,POLR2A,13,I,M,GGAGHVPEYFVGIGTPISFYG,
MccJ25_p13IN,MccJ25,POLR2A,13,I,N,GGAGHVPEYFVGIGTPISFYG,
MccJ25_p13IP,MccJ25,POLR2A,13,I,P,GGAGHVPEYFVGIGTPISFYG,
MccJ25_p13IQ,MccJ25,POLR2A,13,I,Q,GGAGHVPEYFVGIGTPISFYG,
MccJ25_p13IR,MccJ25,POLR2A,13,I,R,GGAGHVPEYFVGIGTPISFYG,
MccJ25_p13IS,MccJ25,POLR2A,13,I,S,GGAGHVPEYFVGIGTPISFYG,
MccJ25_p13IT,MccJ25,POLR2A,13,I,T,GGAGHVPEYFVGIGTPISFYG,
MccJ25_p13IV,MccJ25,POLR2A,13,I,V,GGAGHVPEYFVGIGTPISFYG,
MccJ25_p13IW,MccJ25,POLR2A,13,I,W,GGAGHVPEYFVGIGTPISFYG,
MccJ25_p13IY,MccJ25,POLR2A,13,I,Y,GGAGHVPEYFVGIGTPISFYG,
MccJ25_p14GA,MccJ25,POLR2A,14,G,A,GGAGHVPEYFVGIGTPISFYG,structural_wt_Cys_Gly
MccJ25_p14GC,MccJ25,POLR2A,14,G,C,GGAGHVPEYFVGIGTPISFYG,structural_wt_Cys_Gly
MccJ25_p14GD,MccJ25,POLR2A,14,G,D,GGAGHVPEYFVGIGTPISFYG,structural_wt_Cys_Gly
MccJ25_p14GE,MccJ25,POLR2A,14,G,E,GGAGHVPEYFVGIGTPISFYG,structural_wt_Cys_Gly
MccJ25_p14GF,MccJ25,POLR2A,14,G,F,GGAGHVPEYFVGIGTPISFYG,structural_wt_Cys_Gly
MccJ25_p14GH,MccJ25,POLR2A,14,G,H,GGAGHVPEYFVGIGTPISFYG,structural_wt_Cys_Gly
MccJ25_p14GI,MccJ25,POLR2A,14,G,I,GGAGHVPEYFVGIGTPISFYG,structural_wt_Cys_Gly
MccJ25_p14GK,MccJ25,POLR2A,14,G,K,GGAGHVPEYFVGIGTPISFYG,structural_wt_Cys_Gly
MccJ25_p14GL,MccJ25,POLR2A,14,G,L,GGAGHVPEYFVGIGTPISFYG,structural_wt_Cys_Gly
MccJ25_p14GM,MccJ25,POLR2A,14,G,M,GGAGHVPEYFVGIGTPISFYG,structural_wt_Cys_Gly
MccJ25_p14GN,MccJ25,POLR2A,14,G,N,GGAGHVPEYFVGIGTPISFYG,structural_wt_Cys_Gly
MccJ25_p14GP,MccJ25,POLR2A,14,G,P,GGAGHVPEYFVGIGTPISFYG,structural_wt_Cys_Gly
MccJ25_p14GQ,MccJ25,POLR2A,14,G,Q,GGAGHVPEYFVGIGTPISFYG,structural_wt_Cys_Gly
MccJ25_p14GR,MccJ25,POLR2A,14,G,R,GGAGHVPEYFVGIGTPISFYG,structural_wt_Cys_Gly
MccJ25_p14GS,MccJ25,POLR2A,14,G,S,GGAGHVPEYFVGIGTPISFYG,structural_wt_Cys_Gly
MccJ25_p14GT,MccJ25,POLR2A,14,G,T,GGAGHVPEYFVGIGTPISFYG,structural_wt_Cys_Gly
MccJ25_p14GV,MccJ25,POLR2A,14,G,V,GGAGHVPEYFVGIGTPISFYG,structural_wt_Cys_Gly
MccJ25_p14GW,MccJ25,POLR2A,14,G,W,GGAGHVPEYFVGIGTPISFYG,structural_wt_Cys_Gly
MccJ25_p14GY,MccJ25,POLR2A,14,G,Y,GGAGHVPEYFVGIGTPISFYG,structural_wt_Cys_Gly
MccJ25_p15TA,MccJ25,POLR2A,15,T,A,GGAGHVPEYFVGIGTPISFYG,
MccJ25_p15TC,MccJ25,POLR2A,15,T,C,GGAGHVPEYFVGIGTPISFYG,
MccJ25_p15TD,MccJ25,POLR2A,15,T,D,GGAGHVPEYFVGIGTPISFYG,
MccJ25_p15TE,MccJ25,POLR2A,15,T,E,GGAGHVPEYFVGIGTPISFYG,
MccJ25_p15TF,MccJ25,POLR2A,15,T,F,GGAGHVPEYFVGIGTPISFYG,
MccJ25_p15TG,MccJ25,POLR2A,15,T,G,GGAGHVPEYFVGIGTPISFYG,
MccJ25_p15TH,MccJ25,POLR2A,15,T,H,GGAGHVPEYFVGIGTPISFYG,
MccJ25_p15TI,MccJ25,POLR2A,15,T,I,GGAGHVPEYFVGIGTPISFYG,
MccJ25_p15TK,MccJ25,POLR2A,15,T,K,GGAGHVPEYFVGIGTPISFYG,
MccJ25_p15TL,MccJ25,POLR2A,15,T,L,GGAGHVPEYFVGIGTPISFYG,
MccJ25_p15TM,MccJ25,POLR2A,15,T,M,GGAGHVPEYFVGIGTPISFYG,
MccJ25_p15TN,MccJ25,POLR2A,15,T,N,GGAGHVPEYFVGIGTPISFYG,
MccJ25_p15TP,MccJ25,POLR2A,15,T,P,GGAGHVPEYFVGIGTPISFYG,
MccJ25_p15TQ,MccJ25,POLR2A,15,T,Q,GGAGHVPEYFVGIGTPISFYG,
MccJ25_p15TR,MccJ25,POLR2A,15,T,R,GGAGHVPEYFVGIGTPISFYG,
MccJ25_p15TS,MccJ25,POLR2A,15,T,S,GGAGHVPEYFVGIGTPISFYG,
MccJ25_p15TV,MccJ25,POLR2A,15,T,V,GGAGHVPEYFVGIGTPISFYG,
MccJ25_p15TW,MccJ25,POLR2A,15,T,W,GGAGHVPEYFVGIGTPISFYG,
MccJ25_p15TY,MccJ25,POLR2A,15,T,Y,GGAGHVPEYFVGIGTPISFYG,
MccJ25_p16PA,MccJ25,POLR2A,16,P,A,GGAGHVPEYFVGIGTPISFYG,
MccJ25_p16PC,MccJ25,POLR2A,16,P,C,GGAGHVPEYFVGIGTPISFYG,
MccJ25_p16PD,MccJ25,POLR2A,16,P,D,GGAGHVPEYFVGIGTPISFYG,
MccJ25_p16PE,MccJ25,POLR2A,16,P,E,GGAGHVPEYFVGIGTPISFYG,
MccJ25_p16PF,MccJ25,POLR2A,16,P,F,GGAGHVPEYFVGIGTPISFYG,
MccJ25_p16PG,MccJ25,POLR2A,16,P,G,GGAGHVPEYFVGIGTPISFYG,may_break_turn
MccJ25_p16PH,MccJ25,POLR2A,16,P,H,GGAGHVPEYFVGIGTPISFYG,
MccJ25_p16PI,MccJ25,POLR2A,16,P,I,GGAGHVPEYFVGIGTPISFYG,
MccJ25_p16PK,MccJ25,POLR2A,16,P,K,GGAGHVPEYFVGIGTPISFYG,
MccJ25_p16PL,MccJ25,POLR2A,16,P,L,GGAGHVPEYFVGIGTPISFYG,
MccJ25_p16PM,MccJ25,POLR2A,16,P,M,GGAGHVPEYFVGIGTPISFYG,
MccJ25_p16PN,MccJ25,POLR2A,16,P,N,GGAGHVPEYFVGIGTPISFYG,
MccJ25_p16PQ,MccJ25,POLR2A,16,P,Q,GGAGHVPEYFVGIGTPISFYG,
MccJ25_p16PR,MccJ25,POLR2A,16,P,R,GGAGHVPEYFVGIGTPISFYG,
MccJ25_p16PS,MccJ25,POLR2A,16,P,S,GGAGHVPEYFVGIGTPISFYG,
MccJ25_p16PT,MccJ25,POLR2A,16,P,T,GGAGHVPEYFVGIGTPISFYG,
MccJ25_p16PV,MccJ25,POLR2A,16,P,V,GGAGHVPEYFVGIGTPISFYG,
MccJ25_p16PW,MccJ25,POLR2A,16,P,W,GGAGHVPEYFVGIGTPISFYG,
MccJ25_p16PY,MccJ25,POLR2A,16,P,Y,GGAGHVPEYFVGIGTPISFYG,
MccJ25_p17IA,MccJ25,POLR2A,17,I,A,GGAGHVPEYFVGIGTPISFYG,
MccJ25_p17IC,MccJ25,POLR2A,17,I,C,GGAGHVPEYFVGIGTPISFYG,
MccJ25_p17ID,MccJ25,POLR2A,17,I,D,GGAGHVPEYFVGIGTPISFYG,
MccJ25_p17IE,MccJ25,POLR2A,17,I,E,GGAGHVPEYFVGIGTPISFYG,
MccJ25_p17IF,MccJ25,POLR2A,17,I,F,GGAGHVPEYFVGIGTPISFYG,
MccJ25_p17IG,MccJ25,POLR2A,17,I,G,GGAGHVPEYFVGIGTPISFYG,
MccJ25_p17IH,MccJ25,POLR2A,17,I,H,GGAGHVPEYFVGIGTPISFYG,
MccJ25_p17IK,MccJ25,POLR2A,17,I,K,GGAGHVPEYFVGIGTPISFYG,
MccJ25_p17IL,MccJ25,POLR2A,17,I,L,GGAGHVPEYFVGIGTPISFYG,
MccJ25_p17IM,MccJ25,POLR2A,17,I,M,GGAGHVPEYFVGIGTPISFYG,
MccJ25_p17IN,MccJ25,POLR2A,17,I,N,GGAGHVPEYFVGIGTPISFYG,
MccJ25_p17IP,MccJ25,POLR2A,17,I,P,GGAGHVPEYFVGIGTPISFYG,
MccJ25_p17IQ,MccJ25,POLR2A,17,I,Q,GGAGHVPEYFVGIGTPISFYG,
MccJ25_p17IR,MccJ25,POLR2A,17,I,R,GGAGHVPEYFVGIGTPISFYG,
MccJ25_p17IS,MccJ25,POLR2A,17,I,S,GGAGHVPEYFVGIGTPISFYG,
MccJ25_p17IT,MccJ25,POLR2A,17,I,T,GGAGHVPEYFVGIGTPISFYG,
MccJ25_p17IV,MccJ25,POLR2A,17,I,V,GGAGHVPEYFVGIGTPISFYG,
MccJ25_p17IW,MccJ25,POLR2A,17,I,W,GGAGHVPEYFVGIGTPISFYG,
MccJ25_p17IY,MccJ25,POLR2A,17,I,Y,GGAGHVPEYFVGIGTPISFYG,
MccJ25_p18SA,MccJ25,POLR2A,18,S,A,GGAGHVPEYFVGIGTPISFYG,
MccJ25_p18SC,MccJ25,POLR2A,18,S,C,GGAGHVPEYFVGIGTPISFYG,
MccJ25_p18SD,MccJ25,POLR2A,18,S,D,GGAGHVPEYFVGIGTPISFYG,
MccJ25_p18SE,MccJ25,POLR2A,18,S,E,GGAGHVPEYFVGIGTPISFYG,
MccJ25_p18SF,MccJ25,POLR2A,18,S,F,GGAGHVPEYFVGIGTPISFYG,
MccJ25_p18SG,MccJ25,POLR2A,18,S,G,GGAGHVPEYFVGIGTPISFYG,
MccJ25_p18SH,MccJ25,POLR2A,18,S,H,GGAGHVPEYFVGIGTPISFYG,
MccJ25_p18SI,MccJ25,POLR2A,18,S,I,GGAGHVPEYFVGIGTPISFYG,
MccJ25_p18SK,MccJ25,POLR2A,18,S,K,GGAGHVPEYFVGIGTPISFYG,
MccJ25_p18SL,MccJ25,POLR2A,18,S,L,GGAGHVPEYFVGIGTPISFYG,
MccJ25_p18SM,MccJ25,POLR2A,18,S,M,GGAGHVPEYFVGIGTPISFYG,
MccJ25_p18SN,MccJ25,POLR2A,18,S,N,GGAGHVPEYFVGIGTPISFYG,
MccJ25_p18SP,MccJ25,POLR2A,18,S,P,GGAGHVPEYFVGIGTPISFYG,
MccJ25_p18SQ,MccJ25,POLR2A,18,S,Q,GGAGHVPEYFVGIGTPISFYG,
MccJ25_p18SR,MccJ25,POLR2A,18,S,R,GGAGHVPEYFVGIGTPISFYG,
MccJ25_p18ST,MccJ25,POLR2A,18,S,T,GGAGHVPEYFVGIGTPISFYG,
MccJ25_p18SV,MccJ25,POLR2A,18,S,V,GGAGHVPEYFVGIGTPISFYG,
MccJ25_p18SW,MccJ25,POLR2A,18,S,W,GGAGHVPEYFVGIGTPISFYG,
MccJ25_p18SY,MccJ25,POLR2A,18,S,Y,GGAGHVPEYFVGIGTPISFYG,
MccJ25_p19FA,MccJ25,POLR2A,19,F,A,GGAGHVPEYFVGIGTPISFYG,
MccJ25_p19FC,MccJ25,POLR2A,19,F,C,GGAGHVPEYFVGIGTPISFYG,
MccJ25_p19FD,MccJ25,POLR2A,19,F,D,GGAGHVPEYFVGIGTPISFYG,
MccJ25_p19FE,MccJ25,POLR2A,19,F,E,GGAGHVPEYFVGIGTPISFYG,
MccJ25_p19FG,MccJ25,POLR2A,19,F,G,GGAGHVPEYFVGIGTPISFYG,
MccJ25_p19FH,MccJ25,POLR2A,19,F,H,GGAGHVPEYFVGIGTPISFYG,
MccJ25_p19FI,MccJ25,POLR2A,19,F,I,GGAGHVPEYFVGIGTPISFYG,
MccJ25_p19FK,MccJ25,POLR2A,19,F,K,GGAGHVPEYFVGIGTPISFYG,
MccJ25_p19FL,MccJ25,POLR2A,19,F,L,GGAGHVPEYFVGIGTPISFYG,
MccJ25_p19FM,MccJ25,POLR2A,19,F,M,GGAGHVPEYFVGIGTPISFYG,
MccJ25_p19FN,MccJ25,POLR2A,19,F,N,GGAGHVPEYFVGIGTPISFYG,
MccJ25_p19FP,MccJ25,POLR2A,19,F,P,GGAGHVPEYFVGIGTPISFYG,
MccJ25_p19FQ,MccJ25,POLR2A,19,F,Q,GGAGHVPEYFVGIGTPISFYG,
MccJ25_p19FR,MccJ25,POLR2A,19,F,R,GGAGHVPEYFVGIGTPISFYG,
MccJ25_p19FS,MccJ25,POLR2A,19,F,S,GGAGHVPEYFVGIGTPISFYG,
MccJ25_p19FT,MccJ25,POLR2A,19,F,T,GGAGHVPEYFVGIGTPISFYG,
MccJ25_p19FV,MccJ25,POLR2A,19,F,V,GGAGHVPEYFVGIGTPISFYG,
MccJ25_p19FW,MccJ25,POLR2A,19,F,W,GGAGHVPEYFVGIGTPISFYG,
MccJ25_p19FY,MccJ25,POLR2A,19,F,Y,GGAGHVPEYFVGIGTPISFYG,
MccJ25_p20YA,MccJ25,POLR2A,20,Y,A,GGAGHVPEYFVGIGTPISFYG,
MccJ25_p20YC,MccJ25,POLR2A,20,Y,C,GGAGHVPEYFVGIGTPISFYG,
MccJ25_p20YD,MccJ25,POLR2A,20,Y,D,GGAGHVPEYFVGIGTPISFYG,
MccJ25_p20YE,MccJ25,POLR2A,20,Y,E,GGAGHVPEYFVGIGTPISFYG,
MccJ25_p20YF,MccJ25,POLR2A,20,Y,F,GGAGHVPEYFVGIGTPISFYG,
MccJ25_p20YG,MccJ25,POLR2A,20,Y,G,GGAGHVPEYFVGIGTPISFYG,
MccJ25_p20YH,MccJ25,POLR2A,20,Y,H,GGAGHVPEYFVGIGTPISFYG,
MccJ25_p20YI,MccJ25,POLR2A,20,Y,I,GGAGHVPEYFVGIGTPISFYG,
MccJ25_p20YK,MccJ25,POLR2A,20,Y,K,GGAGHVPEYFVGIGTPISFYG,
MccJ25_p20YL,MccJ25,POLR2A,20,Y,L,GGAGHVPEYFVGIGTPISFYG,
MccJ25_p20YM,MccJ25,POLR2A,20,Y,M,GGAGHVPEYFVGIGTPISFYG,
MccJ25_p20YN,MccJ25,POLR2A,20,Y,N,GGAGHVPEYFVGIGTPISFYG,
MccJ25_p20YP,MccJ25,POLR2A,20,Y,P,GGAGHVPEYFVGIGTPISFYG,
MccJ25_p20YQ,MccJ25,POLR2A,20,Y,Q,GGAGHVPEYFVGIGTPISFYG,
MccJ25_p20YR,MccJ25,POLR2A,20,Y,R,GGAGHVPEYFVGIGTPISFYG,
MccJ25_p20YS,MccJ25,POLR2A,20,Y,S,GGAGHVPEYFVGIGTPISFYG,
MccJ25_p20YT,MccJ25,POLR2A,20,Y,T,GGAGHVPEYFVGIGTPISFYG,
MccJ25_p20YV,MccJ25,POLR2A,20,Y,V,GGAGHVPEYFVGIGTPISFYG,
MccJ25_p20YW,MccJ25,POLR2A,20,Y,W,GGAGHVPEYFVGIGTPISFYG,
MccJ25_p21GA,MccJ25,POLR2A,21,G,A,GGAGHVPEYFVGIGTPISFYG,structural_wt_Cys_Gly
MccJ25_p21GC,MccJ25,POLR2A,21,G,C,GGAGHVPEYFVGIGTPISFYG,structural_wt_Cys_Gly
MccJ25_p21GD,MccJ25,POLR2A,21,G,D,GGAGHVPEYFVGIGTPISFYG,structural_wt_Cys_Gly
MccJ25_p21GE,MccJ25,POLR2A,21,G,E,GGAGHVPEYFVGIGTPISFYG,structural_wt_Cys_Gly
MccJ25_p21GF,MccJ25,POLR2A,21,G,F,GGAGHVPEYFVGIGTPISFYG,structural_wt_Cys_Gly
MccJ25_p21GH,MccJ25,POLR2A,21,G,H,GGAGHVPEYFVGIGTPISFYG,structural_wt_Cys_Gly
MccJ25_p21GI,MccJ25,POLR2A,21,G,I,GGAGHVPEYFVGIGTPISFYG,structural_wt_Cys_Gly
MccJ25_p21GK,MccJ25,POLR2A,21,G,K,GGAGHVPEYFVGIGTPISFYG,structural_wt_Cys_Gly
MccJ25_p21GL,MccJ25,POLR2A,21,G,L,GGAGHVPEYFVGIGTPISFYG,structural_wt_Cys_Gly
MccJ25_p21GM,MccJ25,POLR2A,21,G,M,GGAGHVPEYFVGIGTPISFYG,structural_wt_Cys_Gly
MccJ25_p21GN,MccJ25,POLR2A,21,G,N,GGAGHVPEYFVGIGTPISFYG,structural_wt_Cys_Gly
MccJ25_p21GP,MccJ25,POLR2A,21,G,P,GGAGHVPEYFVGIGTPISFYG,structural_wt_Cys_Gly
MccJ25_p21GQ,MccJ25,POLR2A,21,G,Q,GGAGHVPEYFVGIGTPISFYG,structural_wt_Cys_Gly
MccJ25_p21GR,MccJ25,POLR2A,21,G,R,GGAGHVPEYFVGIGTPISFYG,structural_wt_Cys_Gly
MccJ25_p21GS,MccJ25,POLR2A,21,G,S,GGAGHVPEYFVGIGTPISFYG,structural_wt_Cys_Gly
MccJ25_p21GT,MccJ25,POLR2A,21,G,T,GGAGHVPEYFVGIGTPISFYG,structural_wt_Cys_Gly
MccJ25_p21GV,MccJ25,POLR2A,21,G,V,GGAGHVPEYFVGIGTPISFYG,structural_wt_Cys_Gly
MccJ25_p21GW,MccJ25,POLR2A,21,G,W,GGAGHVPEYFVGIGTPISFYG,structural_wt_Cys_Gly
MccJ25_p21GY,MccJ25,POLR2A,21,G,Y,GGAGHVPEYFVGIGTPISFYG,structural_wt_Cys_Gly
Ubonodin_p1GA,Ubonodin,POLR2A,1,G,A,GGDGSIAEYFNRPMHIHDWQIMDSGYYG,structural_wt_Cys_Gly
Ubonodin_p1GC,Ubonodin,POLR2A,1,G,C,GGDGSIAEYFNRPMHIHDWQIMDSGYYG,structural_wt_Cys_Gly
Ubonodin_p1GD,Ubonodin,POLR2A,1,G,D,GGDGSIAEYFNRPMHIHDWQIMDSGYYG,structural_wt_Cys_Gly
Ubonodin_p1GE,Ubonodin,POLR2A,1,G,E,GGDGSIAEYFNRPMHIHDWQIMDSGYYG,structural_wt_Cys_Gly
Ubonodin_p1GF,Ubonodin,POLR2A,1,G,F,GGDGSIAEYFNRPMHIHDWQIMDSGYYG,structural_wt_Cys_Gly
Ubonodin_p1GH,Ubonodin,POLR2A,1,G,H,GGDGSIAEYFNRPMHIHDWQIMDSGYYG,structural_wt_Cys_Gly
Ubonodin_p1GI,Ubonodin,POLR2A,1,G,I,GGDGSIAEYFNRPMHIHDWQIMDSGYYG,structural_wt_Cys_Gly
Ubonodin_p1GK,Ubonodin,POLR2A,1,G,K,GGDGSIAEYFNRPMHIHDWQIMDSGYYG,structural_wt_Cys_Gly
Ubonodin_p1GL,Ubonodin,POLR2A,1,G,L,GGDGSIAEYFNRPMHIHDWQIMDSGYYG,structural_wt_Cys_Gly
Ubonodin_p1GM,Ubonodin,POLR2A,1,G,M,GGDGSIAEYFNRPMHIHDWQIMDSGYYG,structural_wt_Cys_Gly
Ubonodin_p1GN,Ubonodin,POLR2A,1,G,N,GGDGSIAEYFNRPMHIHDWQIMDSGYYG,structural_wt_Cys_Gly
Ubonodin_p1GP,Ubonodin,POLR2A,1,G,P,GGDGSIAEYFNRPMHIHDWQIMDSGYYG,structural_wt_Cys_Gly
Ubonodin_p1GQ,Ubonodin,POLR2A,1,G,Q,GGDGSIAEYFNRPMHIHDWQIMDSGYYG,structural_wt_Cys_Gly
Ubonodin_p1GR,Ubonodin,POLR2A,1,G,R,GGDGSIAEYFNRPMHIHDWQIMDSGYYG,structural_wt_Cys_Gly
Ubonodin_p1GS,Ubonodin,POLR2A,1,G,S,GGDGSIAEYFNRPMHIHDWQIMDSGYYG,structural_wt_Cys_Gly
Ubonodin_p1GT,Ubonodin,POLR2A,1,G,T,GGDGSIAEYFNRPMHIHDWQIMDSGYYG,structural_wt_Cys_Gly
Ubonodin_p1GV,Ubonodin,POLR2A,1,G,V,GGDGSIAEYFNRPMHIHDWQIMDSGYYG,structural_wt_Cys_Gly
Ubonodin_p1GW,Ubonodin,POLR2A,1,G,W,GGDGSIAEYFNRPMHIHDWQIMDSGYYG,structural_wt_Cys_Gly
Ubonodin_p1GY,Ubonodin,POLR2A,1,G,Y,GGDGSIAEYFNRPMHIHDWQIMDSGYYG,structural_wt_Cys_Gly
Ubonodin_p2GA,Ubonodin,POLR2A,2,G,A,GGDGSIAEYFNRPMHIHDWQIMDSGYYG,structural_wt_Cys_Gly
Ubonodin_p2GC,Ubonodin,POLR2A,2,G,C,GGDGSIAEYFNRPMHIHDWQIMDSGYYG,structural_wt_Cys_Gly
Ubonodin_p2GD,Ubonodin,POLR2A,2,G,D,GGDGSIAEYFNRPMHIHDWQIMDSGYYG,structural_wt_Cys_Gly
Ubonodin_p2GE,Ubonodin,POLR2A,2,G,E,GGDGSIAEYFNRPMHIHDWQIMDSGYYG,structural_wt_Cys_Gly
Ubonodin_p2GF,Ubonodin,POLR2A,2,G,F,GGDGSIAEYFNRPMHIHDWQIMDSGYYG,structural_wt_Cys_Gly
Ubonodin_p2GH,Ubonodin,POLR2A,2,G,H,GGDGSIAEYFNRPMHIHDWQIMDSGYYG,structural_wt_Cys_Gly
Ubonodin_p2GI,Ubonodin,POLR2A,2,G,I,GGDGSIAEYFNRPMHIHDWQIMDSGYYG,structural_wt_Cys_Gly
Ubonodin_p2GK,Ubonodin,POLR2A,2,G,K,GGDGSIAEYFNRPMHIHDWQIMDSGYYG,structural_wt_Cys_Gly
Ubonodin_p2GL,Ubonodin,POLR2A,2,G,L,GGDGSIAEYFNRPMHIHDWQIMDSGYYG,structural_wt_Cys_Gly
Ubonodin_p2GM,Ubonodin,POLR2A,2,G,M,GGDGSIAEYFNRPMHIHDWQIMDSGYYG,structural_wt_Cys_Gly
Ubonodin_p2GN,Ubonodin,POLR2A,2,G,N,GGDGSIAEYFNRPMHIHDWQIMDSGYYG,structural_wt_Cys_Gly
Ubonodin_p2GP,Ubonodin,POLR2A,2,G,P,GGDGSIAEYFNRPMHIHDWQIMDSGYYG,structural_wt_Cys_Gly
Ubonodin_p2GQ,Ubonodin,POLR2A,2,G,Q,GGDGSIAEYFNRPMHIHDWQIMDSGYYG,structural_wt_Cys_Gly
Ubonodin_p2GR,Ubonodin,POLR2A,2,G,R,GGDGSIAEYFNRPMHIHDWQIMDSGYYG,structural_wt_Cys_Gly
Ubonodin_p2GS,Ubonodin,POLR2A,2,G,S,GGDGSIAEYFNRPMHIHDWQIMDSGYYG,structural_wt_Cys_Gly
Ubonodin_p2GT,Ubonodin,POLR2A,2,G,T,GGDGSIAEYFNRPMHIHDWQIMDSGYYG,structural_wt_Cys_Gly
Ubonodin_p2GV,Ubonodin,POLR2A,2,G,V,GGDGSIAEYFNRPMHIHDWQIMDSGYYG,structural_wt_Cys_Gly
Ubonodin_p2GW,Ubonodin,POLR2A,2,G,W,GGDGSIAEYFNRPMHIHDWQIMDSGYYG,structural_wt_Cys_Gly
Ubonodin_p2GY,Ubonodin,POLR2A,2,G,Y,GGDGSIAEYFNRPMHIHDWQIMDSGYYG,structural_wt_Cys_Gly
Ubonodin_p3DA,Ubonodin,POLR2A,3,D,A,GGDGSIAEYFNRPMHIHDWQIMDSGYYG,
Ubonodin_p3DC,Ubonodin,POLR2A,3,D,C,GGDGSIAEYFNRPMHIHDWQIMDSGYYG,
Ubonodin_p3DE,Ubonodin,POLR2A,3,D,E,GGDGSIAEYFNRPMHIHDWQIMDSGYYG,
Ubonodin_p3DF,Ubonodin,POLR2A,3,D,F,GGDGSIAEYFNRPMHIHDWQIMDSGYYG,
Ubonodin_p3DG,Ubonodin,POLR2A,3,D,G,GGDGSIAEYFNRPMHIHDWQIMDSGYYG,
Ubonodin_p3DH,Ubonodin,POLR2A,3,D,H,GGDGSIAEYFNRPMHIHDWQIMDSGYYG,
Ubonodin_p3DI,Ubonodin,POLR2A,3,D,I,GGDGSIAEYFNRPMHIHDWQIMDSGYYG,
Ubonodin_p3DK,Ubonodin,POLR2A,3,D,K,GGDGSIAEYFNRPMHIHDWQIMDSGYYG,
Ubonodin_p3DL,Ubonodin,POLR2A,3,D,L,GGDGSIAEYFNRPMHIHDWQIMDSGYYG,
Ubonodin_p3DM,Ubonodin,POLR2A,3,D,M,GGDGSIAEYFNRPMHIHDWQIMDSGYYG,
Ubonodin_p3DN,Ubonodin,POLR2A,3,D,N,GGDGSIAEYFNRPMHIHDWQIMDSGYYG,
Ubonodin_p3DP,Ubonodin,POLR2A,3,D,P,GGDGSIAEYFNRPMHIHDWQIMDSGYYG,
Ubonodin_p3DQ,Ubonodin,POLR2A,3,D,Q,GGDGSIAEYFNRPMHIHDWQIMDSGYYG,
Ubonodin_p3DR,Ubonodin,POLR2A,3,D,R,GGDGSIAEYFNRPMHIHDWQIMDSGYYG,
Ubonodin_p3DS,Ubonodin,POLR2A,3,D,S,GGDGSIAEYFNRPMHIHDWQIMDSGYYG,
Ubonodin_p3DT,Ubonodin,POLR2A,3,D,T,GGDGSIAEYFNRPMHIHDWQIMDSGYYG,
Ubonodin_p3DV,Ubonodin,POLR2A,3,D,V,GGDGSIAEYFNRPMHIHDWQIMDSGYYG,
Ubonodin_p3DW,Ubonodin,POLR2A,3,D,W,GGDGSIAEYFNRPMHIHDWQIMDSGYYG,
Ubonodin_p3DY,Ubonodin,POLR2A,3,D,Y,GGDGSIAEYFNRPMHIHDWQIMDSGYYG,
Ubonodin_p4GA,Ubonodin,POLR2A,4,G,A,GGDGSIAEYFNRPMHIHDWQIMDSGYYG,structural_wt_Cys_Gly
Ubonodin_p4GC,Ubonodin,POLR2A,4,G,C,GGDGSIAEYFNRPMHIHDWQIMDSGYYG,structural_wt_Cys_Gly
Ubonodin_p4GD,Ubonodin,POLR2A,4,G,D,GGDGSIAEYFNRPMHIHDWQIMDSGYYG,structural_wt_Cys_Gly
Ubonodin_p4GE,Ubonodin,POLR2A,4,G,E,GGDGSIAEYFNRPMHIHDWQIMDSGYYG,structural_wt_Cys_Gly
Ubonodin_p4GF,Ubonodin,POLR2A,4,G,F,GGDGSIAEYFNRPMHIHDWQIMDSGYYG,structural_wt_Cys_Gly
Ubonodin_p4GH,Ubonodin,POLR2A,4,G,H,GGDGSIAEYFNRPMHIHDWQIMDSGYYG,structural_wt_Cys_Gly
Ubonodin_p4GI,Ubonodin,POLR2A,4,G,I,GGDGSIAEYFNRPMHIHDWQIMDSGYYG,structural_wt_Cys_Gly
Ubonodin_p4GK,Ubonodin,POLR2A,4,G,K,GGDGSIAEYFNRPMHIHDWQIMDSGYYG,structural_wt_Cys_Gly
Ubonodin_p4GL,Ubonodin,POLR2A,4,G,L,GGDGSIAEYFNRPMHIHDWQIMDSGYYG,structural_wt_Cys_Gly
Ubonodin_p4GM,Ubonodin,POLR2A,4,G,M,GGDGSIAEYFNRPMHIHDWQIMDSGYYG,structural_wt_Cys_Gly
Ubonodin_p4GN,Ubonodin,POLR2A,4,G,N,GGDGSIAEYFNRPMHIHDWQIMDSGYYG,structural_wt_Cys_Gly
Ubonodin_p4GP,Ubonodin,POLR2A,4,G,P,GGDGSIAEYFNRPMHIHDWQIMDSGYYG,structural_wt_Cys_Gly
Ubonodin_p4GQ,Ubonodin,POLR2A,4,G,Q,GGDGSIAEYFNRPMHIHDWQIMDSGYYG,structural_wt_Cys_Gly
Ubonodin_p4GR,Ubonodin,POLR2A,4,G,R,GGDGSIAEYFNRPMHIHDWQIMDSGYYG,structural_wt_Cys_Gly
Ubonodin_p4GS,Ubonodin,POLR2A,4,G,S,GGDGSIAEYFNRPMHIHDWQIMDSGYYG,structural_wt_Cys_Gly
Ubonodin_p4GT,Ubonodin,POLR2A,4,G,T,GGDGSIAEYFNRPMHIHDWQIMDSGYYG,structural_wt_Cys_Gly
Ubonodin_p4GV,Ubonodin,POLR2A,4,G,V,GGDGSIAEYFNRPMHIHDWQIMDSGYYG,structural_wt_Cys_Gly
Ubonodin_p4GW,Ubonodin,POLR2A,4,G,W,GGDGSIAEYFNRPMHIHDWQIMDSGYYG,structural_wt_Cys_Gly
Ubonodin_p4GY,Ubonodin,POLR2A,4,G,Y,GGDGSIAEYFNRPMHIHDWQIMDSGYYG,structural_wt_Cys_Gly
Ubonodin_p5SA,Ubonodin,POLR2A,5,S,A,GGDGSIAEYFNRPMHIHDWQIMDSGYYG,
Ubonodin_p5SC,Ubonodin,POLR2A,5,S,C,GGDGSIAEYFNRPMHIHDWQIMDSGYYG,
Ubonodin_p5SD,Ubonodin,POLR2A,5,S,D,GGDGSIAEYFNRPMHIHDWQIMDSGYYG,
Ubonodin_p5SE,Ubonodin,POLR2A,5,S,E,GGDGSIAEYFNRPMHIHDWQIMDSGYYG,
Ubonodin_p5SF,Ubonodin,POLR2A,5,S,F,GGDGSIAEYFNRPMHIHDWQIMDSGYYG,
Ubonodin_p5SG,Ubonodin,POLR2A,5,S,G,GGDGSIAEYFNRPMHIHDWQIMDSGYYG,
Ubonodin_p5SH,Ubonodin,POLR2A,5,S,H,GGDGSIAEYFNRPMHIHDWQIMDSGYYG,
Ubonodin_p5SI,Ubonodin,POLR2A,5,S,I,GGDGSIAEYFNRPMHIHDWQIMDSGYYG,
Ubonodin_p5SK,Ubonodin,POLR2A,5,S,K,GGDGSIAEYFNRPMHIHDWQIMDSGYYG,
Ubonodin_p5SL,Ubonodin,POLR2A,5,S,L,GGDGSIAEYFNRPMHIHDWQIMDSGYYG,
Ubonodin_p5SM,Ubonodin,POLR2A,5,S,M,GGDGSIAEYFNRPMHIHDWQIMDSGYYG,
Ubonodin_p5SN,Ubonodin,POLR2A,5,S,N,GGDGSIAEYFNRPMHIHDWQIMDSGYYG,
Ubonodin_p5SP,Ubonodin,POLR2A,5,S,P,GGDGSIAEYFNRPMHIHDWQIMDSGYYG,
Ubonodin_p5SQ,Ubonodin,POLR2A,5,S,Q,GGDGSIAEYFNRPMHIHDWQIMDSGYYG,
Ubonodin_p5SR,Ubonodin,POLR2A,5,S,R,GGDGSIAEYFNRPMHIHDWQIMDSGYYG,
Ubonodin_p5ST,Ubonodin,POLR2A,5,S,T,GGDGSIAEYFNRPMHIHDWQIMDSGYYG,
Ubonodin_p5SV,Ubonodin,POLR2A,5,S,V,GGDGSIAEYFNRPMHIHDWQIMDSGYYG,
Ubonodin_p5SW,Ubonodin,POLR2A,5,S,W,GGDGSIAEYFNRPMHIHDWQIMDSGYYG,
Ubonodin_p5SY,Ubonodin,POLR2A,5,S,Y,GGDGSIAEYFNRPMHIHDWQIMDSGYYG,
Ubonodin_p6IA,Ubonodin,POLR2A,6,I,A,GGDGSIAEYFNRPMHIHDWQIMDSGYYG,
Ubonodin_p6IC,Ubonodin,POLR2A,6,I,C,GGDGSIAEYFNRPMHIHDWQIMDSGYYG,
Ubonodin_p6ID,Ubonodin,POLR2A,6,I,D,GGDGSIAEYFNRPMHIHDWQIMDSGYYG,
Ubonodin_p6IE,Ubonodin,POLR2A,6,I,E,GGDGSIAEYFNRPMHIHDWQIMDSGYYG,
Ubonodin_p6IF,Ubonodin,POLR2A,6,I,F,GGDGSIAEYFNRPMHIHDWQIMDSGYYG,
Ubonodin_p6IG,Ubonodin,POLR2A,6,I,G,GGDGSIAEYFNRPMHIHDWQIMDSGYYG,
Ubonodin_p6IH,Ubonodin,POLR2A,6,I,H,GGDGSIAEYFNRPMHIHDWQIMDSGYYG,
Ubonodin_p6IK,Ubonodin,POLR2A,6,I,K,GGDGSIAEYFNRPMHIHDWQIMDSGYYG,
Ubonodin_p6IL,Ubonodin,POLR2A,6,I,L,GGDGSIAEYFNRPMHIHDWQIMDSGYYG,
Ubonodin_p6IM,Ubonodin,POLR2A,6,I,M,GGDGSIAEYFNRPMHIHDWQIMDSGYYG,
Ubonodin_p6IN,Ubonodin,POLR2A,6,I,N,GGDGSIAEYFNRPMHIHDWQIMDSGYYG,
Ubonodin_p6IP,Ubonodin,POLR2A,6,I,P,GGDGSIAEYFNRPMHIHDWQIMDSGYYG,
Ubonodin_p6IQ,Ubonodin,POLR2A,6,I,Q,GGDGSIAEYFNRPMHIHDWQIMDSGYYG,
Ubonodin_p6IR,Ubonodin,POLR2A,6,I,R,GGDGSIAEYFNRPMHIHDWQIMDSGYYG,
Ubonodin_p6IS,Ubonodin,POLR2A,6,I,S,GGDGSIAEYFNRPMHIHDWQIMDSGYYG,
Ubonodin_p6IT,Ubonodin,POLR2A,6,I,T,GGDGSIAEYFNRPMHIHDWQIMDSGYYG,
Ubonodin_p6IV,Ubonodin,POLR2A,6,I,V,GGDGSIAEYFNRPMHIHDWQIMDSGYYG,
Ubonodin_p6IW,Ubonodin,POLR2A,6,I,W,GGDGSIAEYFNRPMHIHDWQIMDSGYYG,
Ubonodin_p6IY,Ubonodin,POLR2A,6,I,Y,GGDGSIAEYFNRPMHIHDWQIMDSGYYG,
Ubonodin_p7AC,Ubonodin,POLR2A,7,A,C,GGDGSIAEYFNRPMHIHDWQIMDSGYYG,
Ubonodin_p7AD,Ubonodin,POLR2A,7,A,D,GGDGSIAEYFNRPMHIHDWQIMDSGYYG,
Ubonodin_p7AE,Ubonodin,POLR2A,7,A,E,GGDGSIAEYFNRPMHIHDWQIMDSGYYG,
Ubonodin_p7AF,Ubonodin,POLR2A,7,A,F,GGDGSIAEYFNRPMHIHDWQIMDSGYYG,
Ubonodin_p7AG,Ubonodin,POLR2A,7,A,G,GGDGSIAEYFNRPMHIHDWQIMDSGYYG,
Ubonodin_p7AH,Ubonodin,POLR2A,7,A,H,GGDGSIAEYFNRPMHIHDWQIMDSGYYG,
Ubonodin_p7AI,Ubonodin,POLR2A,7,A,I,GGDGSIAEYFNRPMHIHDWQIMDSGYYG,
Ubonodin_p7AK,Ubonodin,POLR2A,7,A,K,GGDGSIAEYFNRPMHIHDWQIMDSGYYG,
Ubonodin_p7AL,Ubonodin,POLR2A,7,A,L,GGDGSIAEYFNRPMHIHDWQIMDSGYYG,
Ubonodin_p7AM,Ubonodin,POLR2A,7,A,M,GGDGSIAEYFNRPMHIHDWQIMDSGYYG,
Ubonodin_p7AN,Ubonodin,POLR2A,7,A,N,GGDGSIAEYFNRPMHIHDWQIMDSGYYG,
Ubonodin_p7AP,Ubonodin,POLR2A,7,A,P,GGDGSIAEYFNRPMHIHDWQIMDSGYYG,
Ubonodin_p7AQ,Ubonodin,POLR2A,7,A,Q,GGDGSIAEYFNRPMHIHDWQIMDSGYYG,
Ubonodin_p7AR,Ubonodin,POLR2A,7,A,R,GGDGSIAEYFNRPMHIHDWQIMDSGYYG,
Ubonodin_p7AS,Ubonodin,POLR2A,7,A,S,GGDGSIAEYFNRPMHIHDWQIMDSGYYG,
Ubonodin_p7AT,Ubonodin,POLR2A,7,A,T,GGDGSIAEYFNRPMHIHDWQIMDSGYYG,
Ubonodin_p7AV,Ubonodin,POLR2A,7,A,V,GGDGSIAEYFNRPMHIHDWQIMDSGYYG,
Ubonodin_p7AW,Ubonodin,POLR2A,7,A,W,GGDGSIAEYFNRPMHIHDWQIMDSGYYG,
Ubonodin_p7AY,Ubonodin,POLR2A,7,A,Y,GGDGSIAEYFNRPMHIHDWQIMDSGYYG,
Ubonodin_p8EA,Ubonodin,POLR2A,8,E,A,GGDGSIAEYFNRPMHIHDWQIMDSGYYG,
Ubonodin_p8EC,Ubonodin,POLR2A,8,E,C,GGDGSIAEYFNRPMHIHDWQIMDSGYYG,
Ubonodin_p8ED,Ubonodin,POLR2A,8,E,D,GGDGSIAEYFNRPMHIHDWQIMDSGYYG,
Ubonodin_p8EF,Ubonodin,POLR2A,8,E,F,GGDGSIAEYFNRPMHIHDWQIMDSGYYG,
Ubonodin_p8EG,Ubonodin,POLR2A,8,E,G,GGDGSIAEYFNRPMHIHDWQIMDSGYYG,
Ubonodin_p8EH,Ubonodin,POLR2A,8,E,H,GGDGSIAEYFNRPMHIHDWQIMDSGYYG,
Ubonodin_p8EI,Ubonodin,POLR2A,8,E,I,GGDGSIAEYFNRPMHIHDWQIMDSGYYG,
Ubonodin_p8EK,Ubonodin,POLR2A,8,E,K,GGDGSIAEYFNRPMHIHDWQIMDSGYYG,
Ubonodin_p8EL,Ubonodin,POLR2A,8,E,L,GGDGSIAEYFNRPMHIHDWQIMDSGYYG,
Ubonodin_p8EM,Ubonodin,POLR2A,8,E,M,GGDGSIAEYFNRPMHIHDWQIMDSGYYG,
Ubonodin_p8EN,Ubonodin,POLR2A,8,E,N,GGDGSIAEYFNRPMHIHDWQIMDSGYYG,
Ubonodin_p8EP,Ubonodin,POLR2A,8,E,P,GGDGSIAEYFNRPMHIHDWQIMDSGYYG,
Ubonodin_p8EQ,Ubonodin,POLR2A,8,E,Q,GGDGSIAEYFNRPMHIHDWQIMDSGYYG,
Ubonodin_p8ER,Ubonodin,POLR2A,8,E,R,GGDGSIAEYFNRPMHIHDWQIMDSGYYG,
Ubonodin_p8ES,Ubonodin,POLR2A,8,E,S,GGDGSIAEYFNRPMHIHDWQIMDSGYYG,
Ubonodin_p8ET,Ubonodin,POLR2A,8,E,T,GGDGSIAEYFNRPMHIHDWQIMDSGYYG,
Ubonodin_p8EV,Ubonodin,POLR2A,8,E,V,GGDGSIAEYFNRPMHIHDWQIMDSGYYG,
Ubonodin_p8EW,Ubonodin,POLR2A,8,E,W,GGDGSIAEYFNRPMHIHDWQIMDSGYYG,
Ubonodin_p8EY,Ubonodin,POLR2A,8,E,Y,GGDGSIAEYFNRPMHIHDWQIMDSGYYG,
Ubonodin_p9YA,Ubonodin,POLR2A,9,Y,A,GGDGSIAEYFNRPMHIHDWQIMDSGYYG,
Ubonodin_p9YC,Ubonodin,POLR2A,9,Y,C,GGDGSIAEYFNRPMHIHDWQIMDSGYYG,
Ubonodin_p9YD,Ubonodin,POLR2A,9,Y,D,GGDGSIAEYFNRPMHIHDWQIMDSGYYG,
Ubonodin_p9YE,Ubonodin,POLR2A,9,Y,E,GGDGSIAEYFNRPMHIHDWQIMDSGYYG,
Ubonodin_p9YF,Ubonodin,POLR2A,9,Y,F,GGDGSIAEYFNRPMHIHDWQIMDSGYYG,
Ubonodin_p9YG,Ubonodin,POLR2A,9,Y,G,GGDGSIAEYFNRPMHIHDWQIMDSGYYG,
Ubonodin_p9YH,Ubonodin,POLR2A,9,Y,H,GGDGSIAEYFNRPMHIHDWQIMDSGYYG,
Ubonodin_p9YI,Ubonodin,POLR2A,9,Y,I,GGDGSIAEYFNRPMHIHDWQIMDSGYYG,
Ubonodin_p9YK,Ubonodin,POLR2A,9,Y,K,GGDGSIAEYFNRPMHIHDWQIMDSGYYG,
Ubonodin_p9YL,Ubonodin,POLR2A,9,Y,L,GGDGSIAEYFNRPMHIHDWQIMDSGYYG,
Ubonodin_p9YM,Ubonodin,POLR2A,9,Y,M,GGDGSIAEYFNRPMHIHDWQIMDSGYYG,
Ubonodin_p9YN,Ubonodin,POLR2A,9,Y,N,GGDGSIAEYFNRPMHIHDWQIMDSGYYG,
Ubonodin_p9YP,Ubonodin,POLR2A,9,Y,P,GGDGSIAEYFNRPMHIHDWQIMDSGYYG,
Ubonodin_p9YQ,Ubonodin,POLR2A,9,Y,Q,GGDGSIAEYFNRPMHIHDWQIMDSGYYG,
Ubonodin_p9YR,Ubonodin,POLR2A,9,Y,R,GGDGSIAEYFNRPMHIHDWQIMDSGYYG,
Ubonodin_p9YS,Ubonodin,POLR2A,9,Y,S,GGDGSIAEYFNRPMHIHDWQIMDSGYYG,
Ubonodin_p9YT,Ubonodin,POLR2A,9,Y,T,GGDGSIAEYFNRPMHIHDWQIMDSGYYG,
Ubonodin_p9YV,Ubonodin,POLR2A,9,Y,V,GGDGSIAEYFNRPMHIHDWQIMDSGYYG,
Ubonodin_p9YW,Ubonodin,POLR2A,9,Y,W,GGDGSIAEYFNRPMHIHDWQIMDSGYYG,
Ubonodin_p10FA,Ubonodin,POLR2A,10,F,A,GGDGSIAEYFNRPMHIHDWQIMDSGYYG,
Ubonodin_p10FC,Ubonodin,POLR2A,10,F,C,GGDGSIAEYFNRPMHIHDWQIMDSGYYG,
Ubonodin_p10FD,Ubonodin,POLR2A,10,F,D,GGDGSIAEYFNRPMHIHDWQIMDSGYYG,
Ubonodin_p10FE,Ubonodin,POLR2A,10,F,E,GGDGSIAEYFNRPMHIHDWQIMDSGYYG,
Ubonodin_p10FG,Ubonodin,POLR2A,10,F,G,GGDGSIAEYFNRPMHIHDWQIMDSGYYG,
Ubonodin_p10FH,Ubonodin,POLR2A,10,F,H,GGDGSIAEYFNRPMHIHDWQIMDSGYYG,
Ubonodin_p10FI,Ubonodin,POLR2A,10,F,I,GGDGSIAEYFNRPMHIHDWQIMDSGYYG,
Ubonodin_p10FK,Ubonodin,POLR2A,10,F,K,GGDGSIAEYFNRPMHIHDWQIMDSGYYG,
Ubonodin_p10FL,Ubonodin,POLR2A,10,F,L,GGDGSIAEYFNRPMHIHDWQIMDSGYYG,
Ubonodin_p10FM,Ubonodin,POLR2A,10,F,M,GGDGSIAEYFNRPMHIHDWQIMDSGYYG,
Ubonodin_p10FN,Ubonodin,POLR2A,10,F,N,GGDGSIAEYFNRPMHIHDWQIMDSGYYG,
Ubonodin_p10FP,Ubonodin,POLR2A,10,F,P,GGDGSIAEYFNRPMHIHDWQIMDSGYYG,
Ubonodin_p10FQ,Ubonodin,POLR2A,10,F,Q,GGDGSIAEYFNRPMHIHDWQIMDSGYYG,
Ubonodin_p10FR,Ubonodin,POLR2A,10,F,R,GGDGSIAEYFNRPMHIHDWQIMDSGYYG,
Ubonodin_p10FS,Ubonodin,POLR2A,10,F,S,GGDGSIAEYFNRPMHIHDWQIMDSGYYG,
Ubonodin_p10FT,Ubonodin,POLR2A,10,F,T,GGDGSIAEYFNRPMHIHDWQIMDSGYYG,
Ubonodin_p10FV,Ubonodin,POLR2A,10,F,V,GGDGSIAEYFNRPMHIHDWQIMDSGYYG,
Ubonodin_p10FW,Ubonodin,POLR2A,10,F,W,GGDGSIAEYFNRPMHIHDWQIMDSGYYG,
Ubonodin_p10FY,Ubonodin,POLR2A,10,F,Y,GGDGSIAEYFNRPMHIHDWQIMDSGYYG,
Ubonodin_p11NA,Ubonodin,POLR2A,11,N,A,GGDGSIAEYFNRPMHIHDWQIMDSGYYG,
Ubonodin_p11NC,Ubonodin,POLR2A,11,N,C,GGDGSIAEYFNRPMHIHDWQIMDSGYYG,
Ubonodin_p11ND,Ubonodin,POLR2A,11,N,D,GGDGSIAEYFNRPMHIHDWQIMDSGYYG,
Ubonodin_p11NE,Ubonodin,POLR2A,11,N,E,GGDGSIAEYFNRPMHIHDWQIMDSGYYG,
Ubonodin_p11NF,Ubonodin,POLR2A,11,N,F,GGDGSIAEYFNRPMHIHDWQIMDSGYYG,
Ubonodin_p11NG,Ubonodin,POLR2A,11,N,G,GGDGSIAEYFNRPMHIHDWQIMDSGYYG,
Ubonodin_p11NH,Ubonodin,POLR2A,11,N,H,GGDGSIAEYFNRPMHIHDWQIMDSGYYG,
Ubonodin_p11NI,Ubonodin,POLR2A,11,N,I,GGDGSIAEYFNRPMHIHDWQIMDSGYYG,
Ubonodin_p11NK,Ubonodin,POLR2A,11,N,K,GGDGSIAEYFNRPMHIHDWQIMDSGYYG,
Ubonodin_p11NL,Ubonodin,POLR2A,11,N,L,GGDGSIAEYFNRPMHIHDWQIMDSGYYG,
Ubonodin_p11NM,Ubonodin,POLR2A,11,N,M,GGDGSIAEYFNRPMHIHDWQIMDSGYYG,
Ubonodin_p11NP,Ubonodin,POLR2A,11,N,P,GGDGSIAEYFNRPMHIHDWQIMDSGYYG,
Ubonodin_p11NQ,Ubonodin,POLR2A,11,N,Q,GGDGSIAEYFNRPMHIHDWQIMDSGYYG,
Ubonodin_p11NR,Ubonodin,POLR2A,11,N,R,GGDGSIAEYFNRPMHIHDWQIMDSGYYG,
Ubonodin_p11NS,Ubonodin,POLR2A,11,N,S,GGDGSIAEYFNRPMHIHDWQIMDSGYYG,
Ubonodin_p11NT,Ubonodin,POLR2A,11,N,T,GGDGSIAEYFNRPMHIHDWQIMDSGYYG,
Ubonodin_p11NV,Ubonodin,POLR2A,11,N,V,GGDGSIAEYFNRPMHIHDWQIMDSGYYG,
Ubonodin_p11NW,Ubonodin,POLR2A,11,N,W,GGDGSIAEYFNRPMHIHDWQIMDSGYYG,
Ubonodin_p11NY,Ubonodin,POLR2A,11,N,Y,GGDGSIAEYFNRPMHIHDWQIMDSGYYG,
Ubonodin_p12RA,Ubonodin,POLR2A,12,R,A,GGDGSIAEYFNRPMHIHDWQIMDSGYYG,
Ubonodin_p12RC,Ubonodin,POLR2A,12,R,C,GGDGSIAEYFNRPMHIHDWQIMDSGYYG,
Ubonodin_p12RD,Ubonodin,POLR2A,12,R,D,GGDGSIAEYFNRPMHIHDWQIMDSGYYG,
Ubonodin_p12RE,Ubonodin,POLR2A,12,R,E,GGDGSIAEYFNRPMHIHDWQIMDSGYYG,
Ubonodin_p12RF,Ubonodin,POLR2A,12,R,F,GGDGSIAEYFNRPMHIHDWQIMDSGYYG,
Ubonodin_p12RG,Ubonodin,POLR2A,12,R,G,GGDGSIAEYFNRPMHIHDWQIMDSGYYG,
Ubonodin_p12RH,Ubonodin,POLR2A,12,R,H,GGDGSIAEYFNRPMHIHDWQIMDSGYYG,
Ubonodin_p12RI,Ubonodin,POLR2A,12,R,I,GGDGSIAEYFNRPMHIHDWQIMDSGYYG,
Ubonodin_p12RK,Ubonodin,POLR2A,12,R,K,GGDGSIAEYFNRPMHIHDWQIMDSGYYG,
Ubonodin_p12RL,Ubonodin,POLR2A,12,R,L,GGDGSIAEYFNRPMHIHDWQIMDSGYYG,
Ubonodin_p12RM,Ubonodin,POLR2A,12,R,M,GGDGSIAEYFNRPMHIHDWQIMDSGYYG,
Ubonodin_p12RN,Ubonodin,POLR2A,12,R,N,GGDGSIAEYFNRPMHIHDWQIMDSGYYG,
Ubonodin_p12RP,Ubonodin,POLR2A,12,R,P,GGDGSIAEYFNRPMHIHDWQIMDSGYYG,
Ubonodin_p12RQ,Ubonodin,POLR2A,12,R,Q,GGDGSIAEYFNRPMHIHDWQIMDSGYYG,
Ubonodin_p12RS,Ubonodin,POLR2A,12,R,S,GGDGSIAEYFNRPMHIHDWQIMDSGYYG,
Ubonodin_p12RT,Ubonodin,POLR2A,12,R,T,GGDGSIAEYFNRPMHIHDWQIMDSGYYG,
Ubonodin_p12RV,Ubonodin,POLR2A,12,R,V,GGDGSIAEYFNRPMHIHDWQIMDSGYYG,
Ubonodin_p12RW,Ubonodin,POLR2A,12,R,W,GGDGSIAEYFNRPMHIHDWQIMDSGYYG,
Ubonodin_p12RY,Ubonodin,POLR2A,12,R,Y,GGDGSIAEYFNRPMHIHDWQIMDSGYYG,
Ubonodin_p13PA,Ubonodin,POLR2A,13,P,A,GGDGSIAEYFNRPMHIHDWQIMDSGYYG,
Ubonodin_p13PC,Ubonodin,POLR2A,13,P,C,GGDGSIAEYFNRPMHIHDWQIMDSGYYG,
Ubonodin_p13PD,Ubonodin,POLR2A,13,P,D,GGDGSIAEYFNRPMHIHDWQIMDSGYYG,
Ubonodin_p13PE,Ubonodin,POLR2A,13,P,E,GGDGSIAEYFNRPMHIHDWQIMDSGYYG,
Ubonodin_p13PF,Ubonodin,POLR2A,13,P,F,GGDGSIAEYFNRPMHIHDWQIMDSGYYG,
Ubonodin_p13PG,Ubonodin,POLR2A,13,P,G,GGDGSIAEYFNRPMHIHDWQIMDSGYYG,may_break_turn
Ubonodin_p13PH,Ubonodin,POLR2A,13,P,H,GGDGSIAEYFNRPMHIHDWQIMDSGYYG,
Ubonodin_p13PI,Ubonodin,POLR2A,13,P,I,GGDGSIAEYFNRPMHIHDWQIMDSGYYG,
Ubonodin_p13PK,Ubonodin,POLR2A,13,P,K,GGDGSIAEYFNRPMHIHDWQIMDSGYYG,
Ubonodin_p13PL,Ubonodin,POLR2A,13,P,L,GGDGSIAEYFNRPMHIHDWQIMDSGYYG,
Ubonodin_p13PM,Ubonodin,POLR2A,13,P,M,GGDGSIAEYFNRPMHIHDWQIMDSGYYG,
Ubonodin_p13PN,Ubonodin,POLR2A,13,P,N,GGDGSIAEYFNRPMHIHDWQIMDSGYYG,
Ubonodin_p13PQ,Ubonodin,POLR2A,13,P,Q,GGDGSIAEYFNRPMHIHDWQIMDSGYYG,
Ubonodin_p13PR,Ubonodin,POLR2A,13,P,R,GGDGSIAEYFNRPMHIHDWQIMDSGYYG,
Ubonodin_p13PS,Ubonodin,POLR2A,13,P,S,GGDGSIAEYFNRPMHIHDWQIMDSGYYG,
Ubonodin_p13PT,Ubonodin,POLR2A,13,P,T,GGDGSIAEYFNRPMHIHDWQIMDSGYYG,
Ubonodin_p13PV,Ubonodin,POLR2A,13,P,V,GGDGSIAEYFNRPMHIHDWQIMDSGYYG,
Ubonodin_p13PW,Ubonodin,POLR2A,13,P,W,GGDGSIAEYFNRPMHIHDWQIMDSGYYG,
Ubonodin_p13PY,Ubonodin,POLR2A,13,P,Y,GGDGSIAEYFNRPMHIHDWQIMDSGYYG,
Ubonodin_p14MA,Ubonodin,POLR2A,14,M,A,GGDGSIAEYFNRPMHIHDWQIMDSGYYG,
Ubonodin_p14MC,Ubonodin,POLR2A,14,M,C,GGDGSIAEYFNRPMHIHDWQIMDSGYYG,
Ubonodin_p14MD,Ubonodin,POLR2A,14,M,D,GGDGSIAEYFNRPMHIHDWQIMDSGYYG,
Ubonodin_p14ME,Ubonodin,POLR2A,14,M,E,GGDGSIAEYFNRPMHIHDWQIMDSGYYG,
Ubonodin_p14MF,Ubonodin,POLR2A,14,M,F,GGDGSIAEYFNRPMHIHDWQIMDSGYYG,
Ubonodin_p14MG,Ubonodin,POLR2A,14,M,G,GGDGSIAEYFNRPMHIHDWQIMDSGYYG,
Ubonodin_p14MH,Ubonodin,POLR2A,14,M,H,GGDGSIAEYFNRPMHIHDWQIMDSGYYG,
Ubonodin_p14MI,Ubonodin,POLR2A,14,M,I,GGDGSIAEYFNRPMHIHDWQIMDSGYYG,
Ubonodin_p14MK,Ubonodin,POLR2A,14,M,K,GGDGSIAEYFNRPMHIHDWQIMDSGYYG,
Ubonodin_p14ML,Ubonodin,POLR2A,14,M,L,GGDGSIAEYFNRPMHIHDWQIMDSGYYG,
Ubonodin_p14MN,Ubonodin,POLR2A,14,M,N,GGDGSIAEYFNRPMHIHDWQIMDSGYYG,
Ubonodin_p14MP,Ubonodin,POLR2A,14,M,P,GGDGSIAEYFNRPMHIHDWQIMDSGYYG,
Ubonodin_p14MQ,Ubonodin,POLR2A,14,M,Q,GGDGSIAEYFNRPMHIHDWQIMDSGYYG,
Ubonodin_p14MR,Ubonodin,POLR2A,14,M,R,GGDGSIAEYFNRPMHIHDWQIMDSGYYG,
Ubonodin_p14MS,Ubonodin,POLR2A,14,M,S,GGDGSIAEYFNRPMHIHDWQIMDSGYYG,
Ubonodin_p14MT,Ubonodin,POLR2A,14,M,T,GGDGSIAEYFNRPMHIHDWQIMDSGYYG,
Ubonodin_p14MV,Ubonodin,POLR2A,14,M,V,GGDGSIAEYFNRPMHIHDWQIMDSGYYG,
Ubonodin_p14MW,Ubonodin,POLR2A,14,M,W,GGDGSIAEYFNRPMHIHDWQIMDSGYYG,
Ubonodin_p14MY,Ubonodin,POLR2A,14,M,Y,GGDGSIAEYFNRPMHIHDWQIMDSGYYG,
Ubonodin_p15HA,Ubonodin,POLR2A,15,H,A,GGDGSIAEYFNRPMHIHDWQIMDSGYYG,
Ubonodin_p15HC,Ubonodin,POLR2A,15,H,C,GGDGSIAEYFNRPMHIHDWQIMDSGYYG,
Ubonodin_p15HD,Ubonodin,POLR2A,15,H,D,GGDGSIAEYFNRPMHIHDWQIMDSGYYG,
Ubonodin_p15HE,Ubonodin,POLR2A,15,H,E,GGDGSIAEYFNRPMHIHDWQIMDSGYYG,
Ubonodin_p15HF,Ubonodin,POLR2A,15,H,F,GGDGSIAEYFNRPMHIHDWQIMDSGYYG,
Ubonodin_p15HG,Ubonodin,POLR2A,15,H,G,GGDGSIAEYFNRPMHIHDWQIMDSGYYG,
Ubonodin_p15HI,Ubonodin,POLR2A,15,H,I,GGDGSIAEYFNRPMHIHDWQIMDSGYYG,
Ubonodin_p15HK,Ubonodin,POLR2A,15,H,K,GGDGSIAEYFNRPMHIHDWQIMDSGYYG,
Ubonodin_p15HL,Ubonodin,POLR2A,15,H,L,GGDGSIAEYFNRPMHIHDWQIMDSGYYG,
Ubonodin_p15HM,Ubonodin,POLR2A,15,H,M,GGDGSIAEYFNRPMHIHDWQIMDSGYYG,
Ubonodin_p15HN,Ubonodin,POLR2A,15,H,N,GGDGSIAEYFNRPMHIHDWQIMDSGYYG,
Ubonodin_p15HP,Ubonodin,POLR2A,15,H,P,GGDGSIAEYFNRPMHIHDWQIMDSGYYG,
Ubonodin_p15HQ,Ubonodin,POLR2A,15,H,Q,GGDGSIAEYFNRPMHIHDWQIMDSGYYG,
Ubonodin_p15HR,Ubonodin,POLR2A,15,H,R,GGDGSIAEYFNRPMHIHDWQIMDSGYYG,
Ubonodin_p15HS,Ubonodin,POLR2A,15,H,S,GGDGSIAEYFNRPMHIHDWQIMDSGYYG,
Ubonodin_p15HT,Ubonodin,POLR2A,15,H,T,GGDGSIAEYFNRPMHIHDWQIMDSGYYG,
Ubonodin_p15HV,Ubonodin,POLR2A,15,H,V,GGDGSIAEYFNRPMHIHDWQIMDSGYYG,
Ubonodin_p15HW,Ubonodin,POLR2A,15,H,W,GGDGSIAEYFNRPMHIHDWQIMDSGYYG,
Ubonodin_p15HY,Ubonodin,POLR2A,15,H,Y,GGDGSIAEYFNRPMHIHDWQIMDSGYYG,
Ubonodin_p16IA,Ubonodin,POLR2A,16,I,A,GGDGSIAEYFNRPMHIHDWQIMDSGYYG,
Ubonodin_p16IC,Ubonodin,POLR2A,16,I,C,GGDGSIAEYFNRPMHIHDWQIMDSGYYG,
Ubonodin_p16ID,Ubonodin,POLR2A,16,I,D,GGDGSIAEYFNRPMHIHDWQIMDSGYYG,
Ubonodin_p16IE,Ubonodin,POLR2A,16,I,E,GGDGSIAEYFNRPMHIHDWQIMDSGYYG,
Ubonodin_p16IF,Ubonodin,POLR2A,16,I,F,GGDGSIAEYFNRPMHIHDWQIMDSGYYG,
Ubonodin_p16IG,Ubonodin,POLR2A,16,I,G,GGDGSIAEYFNRPMHIHDWQIMDSGYYG,
Ubonodin_p16IH,Ubonodin,POLR2A,16,I,H,GGDGSIAEYFNRPMHIHDWQIMDSGYYG,
Ubonodin_p16IK,Ubonodin,POLR2A,16,I,K,GGDGSIAEYFNRPMHIHDWQIMDSGYYG,
Ubonodin_p16IL,Ubonodin,POLR2A,16,I,L,GGDGSIAEYFNRPMHIHDWQIMDSGYYG,
Ubonodin_p16IM,Ubonodin,POLR2A,16,I,M,GGDGSIAEYFNRPMHIHDWQIMDSGYYG,
Ubonodin_p16IN,Ubonodin,POLR2A,16,I,N,GGDGSIAEYFNRPMHIHDWQIMDSGYYG,
Ubonodin_p16IP,Ubonodin,POLR2A,16,I,P,GGDGSIAEYFNRPMHIHDWQIMDSGYYG,
Ubonodin_p16IQ,Ubonodin,POLR2A,16,I,Q,GGDGSIAEYFNRPMHIHDWQIMDSGYYG,
Ubonodin_p16IR,Ubonodin,POLR2A,16,I,R,GGDGSIAEYFNRPMHIHDWQIMDSGYYG,
Ubonodin_p16IS,Ubonodin,POLR2A,16,I,S,GGDGSIAEYFNRPMHIHDWQIMDSGYYG,
Ubonodin_p16IT,Ubonodin,POLR2A,16,I,T,GGDGSIAEYFNRPMHIHDWQIMDSGYYG,
Ubonodin_p16IV,Ubonodin,POLR2A,16,I,V,GGDGSIAEYFNRPMHIHDWQIMDSGYYG,
Ubonodin_p16IW,Ubonodin,POLR2A,16,I,W,GGDGSIAEYFNRPMHIHDWQIMDSGYYG,
Ubonodin_p16IY,Ubonodin,POLR2A,16,I,Y,GGDGSIAEYFNRPMHIHDWQIMDSGYYG,
Ubonodin_p17HA,Ubonodin,POLR2A,17,H,A,GGDGSIAEYFNRPMHIHDWQIMDSGYYG,
Ubonodin_p17HC,Ubonodin,POLR2A,17,H,C,GGDGSIAEYFNRPMHIHDWQIMDSGYYG,
Ubonodin_p17HD,Ubonodin,POLR2A,17,H,D,GGDGSIAEYFNRPMHIHDWQIMDSGYYG,
Ubonodin_p17HE,Ubonodin,POLR2A,17,H,E,GGDGSIAEYFNRPMHIHDWQIMDSGYYG,
Ubonodin_p17HF,Ubonodin,POLR2A,17,H,F,GGDGSIAEYFNRPMHIHDWQIMDSGYYG,
Ubonodin_p17HG,Ubonodin,POLR2A,17,H,G,GGDGSIAEYFNRPMHIHDWQIMDSGYYG,
Ubonodin_p17HI,Ubonodin,POLR2A,17,H,I,GGDGSIAEYFNRPMHIHDWQIMDSGYYG,
Ubonodin_p17HK,Ubonodin,POLR2A,17,H,K,GGDGSIAEYFNRPMHIHDWQIMDSGYYG,
Ubonodin_p17HL,Ubonodin,POLR2A,17,H,L,GGDGSIAEYFNRPMHIHDWQIMDSGYYG,
Ubonodin_p17HM,Ubonodin,POLR2A,17,H,M,GGDGSIAEYFNRPMHIHDWQIMDSGYYG,
Ubonodin_p17HN,Ubonodin,POLR2A,17,H,N,GGDGSIAEYFNRPMHIHDWQIMDSGYYG,
Ubonodin_p17HP,Ubonodin,POLR2A,17,H,P,GGDGSIAEYFNRPMHIHDWQIMDSGYYG,
Ubonodin_p17HQ,Ubonodin,POLR2A,17,H,Q,GGDGSIAEYFNRPMHIHDWQIMDSGYYG,
Ubonodin_p17HR,Ubonodin,POLR2A,17,H,R,GGDGSIAEYFNRPMHIHDWQIMDSGYYG,
Ubonodin_p17HS,Ubonodin,POLR2A,17,H,S,GGDGSIAEYFNRPMHIHDWQIMDSGYYG,
Ubonodin_p17HT,Ubonodin,POLR2A,17,H,T,GGDGSIAEYFNRPMHIHDWQIMDSGYYG,
Ubonodin_p17HV,Ubonodin,POLR2A,17,H,V,GGDGSIAEYFNRPMHIHDWQIMDSGYYG,
Ubonodin_p17HW,Ubonodin,POLR2A,17,H,W,GGDGSIAEYFNRPMHIHDWQIMDSGYYG,
Ubonodin_p17HY,Ubonodin,POLR2A,17,H,Y,GGDGSIAEYFNRPMHIHDWQIMDSGYYG,
Ubonodin_p18DA,Ubonodin,POLR2A,18,D,A,GGDGSIAEYFNRPMHIHDWQIMDSGYYG,
Ubonodin_p18DC,Ubonodin,POLR2A,18,D,C,GGDGSIAEYFNRPMHIHDWQIMDSGYYG,
Ubonodin_p18DE,Ubonodin,POLR2A,18,D,E,GGDGSIAEYFNRPMHIHDWQIMDSGYYG,
Ubonodin_p18DF,Ubonodin,POLR2A,18,D,F,GGDGSIAEYFNRPMHIHDWQIMDSGYYG,
Ubonodin_p18DG,Ubonodin,POLR2A,18,D,G,GGDGSIAEYFNRPMHIHDWQIMDSGYYG,
Ubonodin_p18DH,Ubonodin,POLR2A,18,D,H,GGDGSIAEYFNRPMHIHDWQIMDSGYYG,
Ubonodin_p18DI,Ubonodin,POLR2A,18,D,I,GGDGSIAEYFNRPMHIHDWQIMDSGYYG,
Ubonodin_p18DK,Ubonodin,POLR2A,18,D,K,GGDGSIAEYFNRPMHIHDWQIMDSGYYG,
Ubonodin_p18DL,Ubonodin,POLR2A,18,D,L,GGDGSIAEYFNRPMHIHDWQIMDSGYYG,
Ubonodin_p18DM,Ubonodin,POLR2A,18,D,M,GGDGSIAEYFNRPMHIHDWQIMDSGYYG,
Ubonodin_p18DN,Ubonodin,POLR2A,18,D,N,GGDGSIAEYFNRPMHIHDWQIMDSGYYG,
Ubonodin_p18DP,Ubonodin,POLR2A,18,D,P,GGDGSIAEYFNRPMHIHDWQIMDSGYYG,
Ubonodin_p18DQ,Ubonodin,POLR2A,18,D,Q,GGDGSIAEYFNRPMHIHDWQIMDSGYYG,
Ubonodin_p18DR,Ubonodin,POLR2A,18,D,R,GGDGSIAEYFNRPMHIHDWQIMDSGYYG,
Ubonodin_p18DS,Ubonodin,POLR2A,18,D,S,GGDGSIAEYFNRPMHIHDWQIMDSGYYG,
Ubonodin_p18DT,Ubonodin,POLR2A,18,D,T,GGDGSIAEYFNRPMHIHDWQIMDSGYYG,
Ubonodin_p18DV,Ubonodin,POLR2A,18,D,V,GGDGSIAEYFNRPMHIHDWQIMDSGYYG,
Ubonodin_p18DW,Ubonodin,POLR2A,18,D,W,GGDGSIAEYFNRPMHIHDWQIMDSGYYG,
Ubonodin_p18DY,Ubonodin,POLR2A,18,D,Y,GGDGSIAEYFNRPMHIHDWQIMDSGYYG,
Ubonodin_p19WA,Ubonodin,POLR2A,19,W,A,GGDGSIAEYFNRPMHIHDWQIMDSGYYG,
Ubonodin_p19WC,Ubonodin,POLR2A,19,W,C,GGDGSIAEYFNRPMHIHDWQIMDSGYYG,
Ubonodin_p19WD,Ubonodin,POLR2A,19,W,D,GGDGSIAEYFNRPMHIHDWQIMDSGYYG,
Ubonodin_p19WE,Ubonodin,POLR2A,19,W,E,GGDGSIAEYFNRPMHIHDWQIMDSGYYG,
Ubonodin_p19WF,Ubonodin,POLR2A,19,W,F,GGDGSIAEYFNRPMHIHDWQIMDSGYYG,
Ubonodin_p19WG,Ubonodin,POLR2A,19,W,G,GGDGSIAEYFNRPMHIHDWQIMDSGYYG,
Ubonodin_p19WH,Ubonodin,POLR2A,19,W,H,GGDGSIAEYFNRPMHIHDWQIMDSGYYG,
Ubonodin_p19WI,Ubonodin,POLR2A,19,W,I,GGDGSIAEYFNRPMHIHDWQIMDSGYYG,
Ubonodin_p19WK,Ubonodin,POLR2A,19,W,K,GGDGSIAEYFNRPMHIHDWQIMDSGYYG,
Ubonodin_p19WL,Ubonodin,POLR2A,19,W,L,GGDGSIAEYFNRPMHIHDWQIMDSGYYG,
Ubonodin_p19WM,Ubonodin,POLR2A,19,W,M,GGDGSIAEYFNRPMHIHDWQIMDSGYYG,
Ubonodin_p19WN,Ubonodin,POLR2A,19,W,N,GGDGSIAEYFNRPMHIHDWQIMDSGYYG,
Ubonodin_p19WP,Ubonodin,POLR2A,19,W,P,GGDGSIAEYFNRPMHIHDWQIMDSGYYG,
Ubonodin_p19WQ,Ubonodin,POLR2A,19,W,Q,GGDGSIAEYFNRPMHIHDWQIMDSGYYG,
Ubonodin_p19WR,Ubonodin,POLR2A,19,W,R,GGDGSIAEYFNRPMHIHDWQIMDSGYYG,
Ubonodin_p19WS,Ubonodin,POLR2A,19,W,S,GGDGSIAEYFNRPMHIHDWQIMDSGYYG,
Ubonodin_p19WT,Ubonodin,POLR2A,19,W,T,GGDGSIAEYFNRPMHIHDWQIMDSGYYG,
Ubonodin_p19WV,Ubonodin,POLR2A,19,W,V,GGDGSIAEYFNRPMHIHDWQIMDSGYYG,
Ubonodin_p19WY,Ubonodin,POLR2A,19,W,Y,GGDGSIAEYFNRPMHIHDWQIMDSGYYG,
Ubonodin_p20QA,Ubonodin,POLR2A,20,Q,A,GGDGSIAEYFNRPMHIHDWQIMDSGYYG,
Ubonodin_p20QC,Ubonodin,POLR2A,20,Q,C,GGDGSIAEYFNRPMHIHDWQIMDSGYYG,
Ubonodin_p20QD,Ubonodin,POLR2A,20,Q,D,GGDGSIAEYFNRPMHIHDWQIMDSGYYG,
Ubonodin_p20QE,Ubonodin,POLR2A,20,Q,E,GGDGSIAEYFNRPMHIHDWQIMDSGYYG,
Ubonodin_p20QF,Ubonodin,POLR2A,20,Q,F,GGDGSIAEYFNRPMHIHDWQIMDSGYYG,
Ubonodin_p20QG,Ubonodin,POLR2A,20,Q,G,GGDGSIAEYFNRPMHIHDWQIMDSGYYG,
Ubonodin_p20QH,Ubonodin,POLR2A,20,Q,H,GGDGSIAEYFNRPMHIHDWQIMDSGYYG,
Ubonodin_p20QI,Ubonodin,POLR2A,20,Q,I,GGDGSIAEYFNRPMHIHDWQIMDSGYYG,
Ubonodin_p20QK,Ubonodin,POLR2A,20,Q,K,GGDGSIAEYFNRPMHIHDWQIMDSGYYG,
Ubonodin_p20QL,Ubonodin,POLR2A,20,Q,L,GGDGSIAEYFNRPMHIHDWQIMDSGYYG,
Ubonodin_p20QM,Ubonodin,POLR2A,20,Q,M,GGDGSIAEYFNRPMHIHDWQIMDSGYYG,
Ubonodin_p20QN,Ubonodin,POLR2A,20,Q,N,GGDGSIAEYFNRPMHIHDWQIMDSGYYG,
Ubonodin_p20QP,Ubonodin,POLR2A,20,Q,P,GGDGSIAEYFNRPMHIHDWQIMDSGYYG,
Ubonodin_p20QR,Ubonodin,POLR2A,20,Q,R,GGDGSIAEYFNRPMHIHDWQIMDSGYYG,
Ubonodin_p20QS,Ubonodin,POLR2A,20,Q,S,GGDGSIAEYFNRPMHIHDWQIMDSGYYG,
Ubonodin_p20QT,Ubonodin,POLR2A,20,Q,T,GGDGSIAEYFNRPMHIHDWQIMDSGYYG,
Ubonodin_p20QV,Ubonodin,POLR2A,20,Q,V,GGDGSIAEYFNRPMHIHDWQIMDSGYYG,
Ubonodin_p20QW,Ubonodin,POLR2A,20,Q,W,GGDGSIAEYFNRPMHIHDWQIMDSGYYG,
Ubonodin_p20QY,Ubonodin,POLR2A,20,Q,Y,GGDGSIAEYFNRPMHIHDWQIMDSGYYG,
Ubonodin_p21IA,Ubonodin,POLR2A,21,I,A,GGDGSIAEYFNRPMHIHDWQIMDSGYYG,
Ubonodin_p21IC,Ubonodin,POLR2A,21,I,C,GGDGSIAEYFNRPMHIHDWQIMDSGYYG,
Ubonodin_p21ID,Ubonodin,POLR2A,21,I,D,GGDGSIAEYFNRPMHIHDWQIMDSGYYG,
Ubonodin_p21IE,Ubonodin,POLR2A,21,I,E,GGDGSIAEYFNRPMHIHDWQIMDSGYYG,
Ubonodin_p21IF,Ubonodin,POLR2A,21,I,F,GGDGSIAEYFNRPMHIHDWQIMDSGYYG,
Ubonodin_p21IG,Ubonodin,POLR2A,21,I,G,GGDGSIAEYFNRPMHIHDWQIMDSGYYG,
Ubonodin_p21IH,Ubonodin,POLR2A,21,I,H,GGDGSIAEYFNRPMHIHDWQIMDSGYYG,
Ubonodin_p21IK,Ubonodin,POLR2A,21,I,K,GGDGSIAEYFNRPMHIHDWQIMDSGYYG,
Ubonodin_p21IL,Ubonodin,POLR2A,21,I,L,GGDGSIAEYFNRPMHIHDWQIMDSGYYG,
Ubonodin_p21IM,Ubonodin,POLR2A,21,I,M,GGDGSIAEYFNRPMHIHDWQIMDSGYYG,
Ubonodin_p21IN,Ubonodin,POLR2A,21,I,N,GGDGSIAEYFNRPMHIHDWQIMDSGYYG,
Ubonodin_p21IP,Ubonodin,POLR2A,21,I,P,GGDGSIAEYFNRPMHIHDWQIMDSGYYG,
Ubonodin_p21IQ,Ubonodin,POLR2A,21,I,Q,GGDGSIAEYFNRPMHIHDWQIMDSGYYG,
Ubonodin_p21IR,Ubonodin,POLR2A,21,I,R,GGDGSIAEYFNRPMHIHDWQIMDSGYYG,
Ubonodin_p21IS,Ubonodin,POLR2A,21,I,S,GGDGSIAEYFNRPMHIHDWQIMDSGYYG,
Ubonodin_p21IT,Ubonodin,POLR2A,21,I,T,GGDGSIAEYFNRPMHIHDWQIMDSGYYG,
Ubonodin_p21IV,Ubonodin,POLR2A,21,I,V,GGDGSIAEYFNRPMHIHDWQIMDSGYYG,
Ubonodin_p21IW,Ubonodin,POLR2A,21,I,W,GGDGSIAEYFNRPMHIHDWQIMDSGYYG,
Ubonodin_p21IY,Ubonodin,POLR2A,21,I,Y,GGDGSIAEYFNRPMHIHDWQIMDSGYYG,
Ubonodin_p22MA,Ubonodin,POLR2A,22,M,A,GGDGSIAEYFNRPMHIHDWQIMDSGYYG,
Ubonodin_p22MC,Ubonodin,POLR2A,22,M,C,GGDGSIAEYFNRPMHIHDWQIMDSGYYG,
Ubonodin_p22MD,Ubonodin,POLR2A,22,M,D,GGDGSIAEYFNRPMHIHDWQIMDSGYYG,
Ubonodin_p22ME,Ubonodin,POLR2A,22,M,E,GGDGSIAEYFNRPMHIHDWQIMDSGYYG,
Ubonodin_p22MF,Ubonodin,POLR2A,22,M,F,GGDGSIAEYFNRPMHIHDWQIMDSGYYG,
Ubonodin_p22MG,Ubonodin,POLR2A,22,M,G,GGDGSIAEYFNRPMHIHDWQIMDSGYYG,
Ubonodin_p22MH,Ubonodin,POLR2A,22,M,H,GGDGSIAEYFNRPMHIHDWQIMDSGYYG,
Ubonodin_p22MI,Ubonodin,POLR2A,22,M,I,GGDGSIAEYFNRPMHIHDWQIMDSGYYG,
Ubonodin_p22MK,Ubonodin,POLR2A,22,M,K,GGDGSIAEYFNRPMHIHDWQIMDSGYYG,
Ubonodin_p22ML,Ubonodin,POLR2A,22,M,L,GGDGSIAEYFNRPMHIHDWQIMDSGYYG,
Ubonodin_p22MN,Ubonodin,POLR2A,22,M,N,GGDGSIAEYFNRPMHIHDWQIMDSGYYG,
Ubonodin_p22MP,Ubonodin,POLR2A,22,M,P,GGDGSIAEYFNRPMHIHDWQIMDSGYYG,
Ubonodin_p22MQ,Ubonodin,POLR2A,22,M,Q,GGDGSIAEYFNRPMHIHDWQIMDSGYYG,
Ubonodin_p22MR,Ubonodin,POLR2A,22,M,R,GGDGSIAEYFNRPMHIHDWQIMDSGYYG,
Ubonodin_p22MS,Ubonodin,POLR2A,22,M,S,GGDGSIAEYFNRPMHIHDWQIMDSGYYG,
Ubonodin_p22MT,Ubonodin,POLR2A,22,M,T,GGDGSIAEYFNRPMHIHDWQIMDSGYYG,
Ubonodin_p22MV,Ubonodin,POLR2A,22,M,V,GGDGSIAEYFNRPMHIHDWQIMDSGYYG,
Ubonodin_p22MW,Ubonodin,POLR2A,22,M,W,GGDGSIAEYFNRPMHIHDWQIMDSGYYG,
Ubonodin_p22MY,Ubonodin,POLR2A,22,M,Y,GGDGSIAEYFNRPMHIHDWQIMDSGYYG,
Ubonodin_p23DA,Ubonodin,POLR2A,23,D,A,GGDGSIAEYFNRPMHIHDWQIMDSGYYG,
Ubonodin_p23DC,Ubonodin,POLR2A,23,D,C,GGDGSIAEYFNRPMHIHDWQIMDSGYYG,
Ubonodin_p23DE,Ubonodin,POLR2A,23,D,E,GGDGSIAEYFNRPMHIHDWQIMDSGYYG,
Ubonodin_p23DF,Ubonodin,POLR2A,23,D,F,GGDGSIAEYFNRPMHIHDWQIMDSGYYG,
Ubonodin_p23DG,Ubonodin,POLR2A,23,D,G,GGDGSIAEYFNRPMHIHDWQIMDSGYYG,
Ubonodin_p23DH,Ubonodin,POLR2A,23,D,H,GGDGSIAEYFNRPMHIHDWQIMDSGYYG,
Ubonodin_p23DI,Ubonodin,POLR2A,23,D,I,GGDGSIAEYFNRPMHIHDWQIMDSGYYG,
Ubonodin_p23DK,Ubonodin,POLR2A,23,D,K,GGDGSIAEYFNRPMHIHDWQIMDSGYYG,
Ubonodin_p23DL,Ubonodin,POLR2A,23,D,L,GGDGSIAEYFNRPMHIHDWQIMDSGYYG,
Ubonodin_p23DM,Ubonodin,POLR2A,23,D,M,GGDGSIAEYFNRPMHIHDWQIMDSGYYG,
Ubonodin_p23DN,Ubonodin,POLR2A,23,D,N,GGDGSIAEYFNRPMHIHDWQIMDSGYYG,
Ubonodin_p23DP,Ubonodin,POLR2A,23,D,P,GGDGSIAEYFNRPMHIHDWQIMDSGYYG,
Ubonodin_p23DQ,Ubonodin,POLR2A,23,D,Q,GGDGSIAEYFNRPMHIHDWQIMDSGYYG,
Ubonodin_p23DR,Ubonodin,POLR2A,23,D,R,GGDGSIAEYFNRPMHIHDWQIMDSGYYG,
Ubonodin_p23DS,Ubonodin,POLR2A,23,D,S,GGDGSIAEYFNRPMHIHDWQIMDSGYYG,
Ubonodin_p23DT,Ubonodin,POLR2A,23,D,T,GGDGSIAEYFNRPMHIHDWQIMDSGYYG,
Ubonodin_p23DV,Ubonodin,POLR2A,23,D,V,GGDGSIAEYFNRPMHIHDWQIMDSGYYG,
Ubonodin_p23DW,Ubonodin,POLR2A,23,D,W,GGDGSIAEYFNRPMHIHDWQIMDSGYYG,
Ubonodin_p23DY,Ubonodin,POLR2A,23,D,Y,GGDGSIAEYFNRPMHIHDWQIMDSGYYG,
Ubonodin_p24SA,Ubonodin,POLR2A,24,S,A,GGDGSIAEYFNRPMHIHDWQIMDSGYYG,
Ubonodin_p24SC,Ubonodin,POLR2A,24,S,C,GGDGSIAEYFNRPMHIHDWQIMDSGYYG,
Ubonodin_p24SD,Ubonodin,POLR2A,24,S,D,GGDGSIAEYFNRPMHIHDWQIMDSGYYG,
Ubonodin_p24SE,Ubonodin,POLR2A,24,S,E,GGDGSIAEYFNRPMHIHDWQIMDSGYYG,
Ubonodin_p24SF,Ubonodin,POLR2A,24,S,F,GGDGSIAEYFNRPMHIHDWQIMDSGYYG,
Ubonodin_p24SG,Ubonodin,POLR2A,24,S,G,GGDGSIAEYFNRPMHIHDWQIMDSGYYG,
Ubonodin_p24SH,Ubonodin,POLR2A,24,S,H,GGDGSIAEYFNRPMHIHDWQIMDSGYYG,
Ubonodin_p24SI,Ubonodin,POLR2A,24,S,I,GGDGSIAEYFNRPMHIHDWQIMDSGYYG,
Ubonodin_p24SK,Ubonodin,POLR2A,24,S,K,GGDGSIAEYFNRPMHIHDWQIMDSGYYG,
Ubonodin_p24SL,Ubonodin,POLR2A,24,S,L,GGDGSIAEYFNRPMHIHDWQIMDSGYYG,
Ubonodin_p24SM,Ubonodin,POLR2A,24,S,M,GGDGSIAEYFNRPMHIHDWQIMDSGYYG,
Ubonodin_p24SN,Ubonodin,POLR2A,24,S,N,GGDGSIAEYFNRPMHIHDWQIMDSGYYG,
Ubonodin_p24SP,Ubonodin,POLR2A,24,S,P,GGDGSIAEYFNRPMHIHDWQIMDSGYYG,
Ubonodin_p24SQ,Ubonodin,POLR2A,24,S,Q,GGDGSIAEYFNRPMHIHDWQIMDSGYYG,
Ubonodin_p24SR,Ubonodin,POLR2A,24,S,R,GGDGSIAEYFNRPMHIHDWQIMDSGYYG,
Ubonodin_p24ST,Ubonodin,POLR2A,24,S,T,GGDGSIAEYFNRPMHIHDWQIMDSGYYG,
Ubonodin_p24SV,Ubonodin,POLR2A,24,S,V,GGDGSIAEYFNRPMHIHDWQIMDSGYYG,
Ubonodin_p24SW,Ubonodin,POLR2A,24,S,W,GGDGSIAEYFNRPMHIHDWQIMDSGYYG,
Ubonodin_p24SY,Ubonodin,POLR2A,24,S,Y,GGDGSIAEYFNRPMHIHDWQIMDSGYYG,
Ubonodin_p25GA,Ubonodin,POLR2A,25,G,A,GGDGSIAEYFNRPMHIHDWQIMDSGYYG,structural_wt_Cys_Gly
Ubonodin_p25GC,Ubonodin,POLR2A,25,G,C,GGDGSIAEYFNRPMHIHDWQIMDSGYYG,structural_wt_Cys_Gly
Ubonodin_p25GD,Ubonodin,POLR2A,25,G,D,GGDGSIAEYFNRPMHIHDWQIMDSGYYG,structural_wt_Cys_Gly
Ubonodin_p25GE,Ubonodin,POLR2A,25,G,E,GGDGSIAEYFNRPMHIHDWQIMDSGYYG,structural_wt_Cys_Gly
Ubonodin_p25GF,Ubonodin,POLR2A,25,G,F,GGDGSIAEYFNRPMHIHDWQIMDSGYYG,structural_wt_Cys_Gly
Ubonodin_p25GH,Ubonodin,POLR2A,25,G,H,GGDGSIAEYFNRPMHIHDWQIMDSGYYG,structural_wt_Cys_Gly
Ubonodin_p25GI,Ubonodin,POLR2A,25,G,I,GGDGSIAEYFNRPMHIHDWQIMDSGYYG,structural_wt_Cys_Gly
Ubonodin_p25GK,Ubonodin,POLR2A,25,G,K,GGDGSIAEYFNRPMHIHDWQIMDSGYYG,structural_wt_Cys_Gly
Ubonodin_p25GL,Ubonodin,POLR2A,25,G,L,GGDGSIAEYFNRPMHIHDWQIMDSGYYG,structural_wt_Cys_Gly
Ubonodin_p25GM,Ubonodin,POLR2A,25,G,M,GGDGSIAEYFNRPMHIHDWQIMDSGYYG,structural_wt_Cys_Gly
Ubonodin_p25GN,Ubonodin,POLR2A,25,G,N,GGDGSIAEYFNRPMHIHDWQIMDSGYYG,structural_wt_Cys_Gly
Ubonodin_p25GP,Ubonodin,POLR2A,25,G,P,GGDGSIAEYFNRPMHIHDWQIMDSGYYG,structural_wt_Cys_Gly
Ubonodin_p25GQ,Ubonodin,POLR2A,25,G,Q,GGDGSIAEYFNRPMHIHDWQIMDSGYYG,structural_wt_Cys_Gly
Ubonodin_p25GR,Ubonodin,POLR2A,25,G,R,GGDGSIAEYFNRPMHIHDWQIMDSGYYG,structural_wt_Cys_Gly
Ubonodin_p25GS,Ubonodin,POLR2A,25,G,S,GGDGSIAEYFNRPMHIHDWQIMDSGYYG,structural_wt_Cys_Gly
Ubonodin_p25GT,Ubonodin,POLR2A,25,G,T,GGDGSIAEYFNRPMHIHDWQIMDSGYYG,structural_wt_Cys_Gly
Ubonodin_p25GV,Ubonodin,POLR2A,25,G,V,GGDGSIAEYFNRPMHIHDWQIMDSGYYG,structural_wt_Cys_Gly
Ubonodin_p25GW,Ubonodin,POLR2A,25,G,W,GGDGSIAEYFNRPMHIHDWQIMDSGYYG,structural_wt_Cys_Gly
Ubonodin_p25GY,Ubonodin,POLR2A,25,G,Y,GGDGSIAEYFNRPMHIHDWQIMDSGYYG,structural_wt_Cys_Gly
Ubonodin_p26YA,Ubonodin,POLR2A,26,Y,A,GGDGSIAEYFNRPMHIHDWQIMDSGYYG,
Ubonodin_p26YC,Ubonodin,POLR2A,26,Y,C,GGDGSIAEYFNRPMHIHDWQIMDSGYYG,
Ubonodin_p26YD,Ubonodin,POLR2A,26,Y,D,GGDGSIAEYFNRPMHIHDWQIMDSGYYG,
Ubonodin_p26YE,Ubonodin,POLR2A,26,Y,E,GGDGSIAEYFNRPMHIHDWQIMDSGYYG,
Ubonodin_p26YF,Ubonodin,POLR2A,26,Y,F,GGDGSIAEYFNRPMHIHDWQIMDSGYYG,
Ubonodin_p26YG,Ubonodin,POLR2A,26,Y,G,GGDGSIAEYFNRPMHIHDWQIMDSGYYG,
Ubonodin_p26YH,Ubonodin,POLR2A,26,Y,H,GGDGSIAEYFNRPMHIHDWQIMDSGYYG,
Ubonodin_p26YI,Ubonodin,POLR2A,26,Y,I,GGDGSIAEYFNRPMHIHDWQIMDSGYYG,
Ubonodin_p26YK,Ubonodin,POLR2A,26,Y,K,GGDGSIAEYFNRPMHIHDWQIMDSGYYG,
Ubonodin_p26YL,Ubonodin,POLR2A,26,Y,L,GGDGSIAEYFNRPMHIHDWQIMDSGYYG,
Ubonodin_p26YM,Ubonodin,POLR2A,26,Y,M,GGDGSIAEYFNRPMHIHDWQIMDSGYYG,
Ubonodin_p26YN,Ubonodin,POLR2A,26,Y,N,GGDGSIAEYFNRPMHIHDWQIMDSGYYG,
Ubonodin_p26YP,Ubonodin,POLR2A,26,Y,P,GGDGSIAEYFNRPMHIHDWQIMDSGYYG,
Ubonodin_p26YQ,Ubonodin,POLR2A,26,Y,Q,GGDGSIAEYFNRPMHIHDWQIMDSGYYG,
Ubonodin_p26YR,Ubonodin,POLR2A,26,Y,R,GGDGSIAEYFNRPMHIHDWQIMDSGYYG,
Ubonodin_p26YS,Ubonodin,POLR2A,26,Y,S,GGDGSIAEYFNRPMHIHDWQIMDSGYYG,
Ubonodin_p26YT,Ubonodin,POLR2A,26,Y,T,GGDGSIAEYFNRPMHIHDWQIMDSGYYG,
Ubonodin_p26YV,Ubonodin,POLR2A,26,Y,V,GGDGSIAEYFNRPMHIHDWQIMDSGYYG,
Ubonodin_p26YW,Ubonodin,POLR2A,26,Y,W,GGDGSIAEYFNRPMHIHDWQIMDSGYYG,
Ubonodin_p27YA,Ubonodin,POLR2A,27,Y,A,GGDGSIAEYFNRPMHIHDWQIMDSGYYG,
Ubonodin_p27YC,Ubonodin,POLR2A,27,Y,C,GGDGSIAEYFNRPMHIHDWQIMDSGYYG,
Ubonodin_p27YD,Ubonodin,POLR2A,27,Y,D,GGDGSIAEYFNRPMHIHDWQIMDSGYYG,
Ubonodin_p27YE,Ubonodin,POLR2A,27,Y,E,GGDGSIAEYFNRPMHIHDWQIMDSGYYG,
Ubonodin_p27YF,Ubonodin,POLR2A,27,Y,F,GGDGSIAEYFNRPMHIHDWQIMDSGYYG,
Ubonodin_p27YG,Ubonodin,POLR2A,27,Y,G,GGDGSIAEYFNRPMHIHDWQIMDSGYYG,
Ubonodin_p27YH,Ubonodin,POLR2A,27,Y,H,GGDGSIAEYFNRPMHIHDWQIMDSGYYG,
Ubonodin_p27YI,Ubonodin,POLR2A,27,Y,I,GGDGSIAEYFNRPMHIHDWQIMDSGYYG,
Ubonodin_p27YK,Ubonodin,POLR2A,27,Y,K,GGDGSIAEYFNRPMHIHDWQIMDSGYYG,
Ubonodin_p27YL,Ubonodin,POLR2A,27,Y,L,GGDGSIAEYFNRPMHIHDWQIMDSGYYG,
Ubonodin_p27YM,Ubonodin,POLR2A,27,Y,M,GGDGSIAEYFNRPMHIHDWQIMDSGYYG,
Ubonodin_p27YN,Ubonodin,POLR2A,27,Y,N,GGDGSIAEYFNRPMHIHDWQIMDSGYYG,
Ubonodin_p27YP,Ubonodin,POLR2A,27,Y,P,GGDGSIAEYFNRPMHIHDWQIMDSGYYG,
Ubonodin_p27YQ,Ubonodin,POLR2A,27,Y,Q,GGDGSIAEYFNRPMHIHDWQIMDSGYYG,
Ubonodin_p27YR,Ubonodin,POLR2A,27,Y,R,GGDGSIAEYFNRPMHIHDWQIMDSGYYG,
Ubonodin_p27YS,Ubonodin,POLR2A,27,Y,S,GGDGSIAEYFNRPMHIHDWQIMDSGYYG,
Ubonodin_p27YT,Ubonodin,POLR2A,27,Y,T,GGDGSIAEYFNRPMHIHDWQIMDSGYYG,
Ubonodin_p27YV,Ubonodin,POLR2A,27,Y,V,GGDGSIAEYFNRPMHIHDWQIMDSGYYG,
Ubonodin_p27YW,Ubonodin,POLR2A,27,Y,W,GGDGSIAEYFNRPMHIHDWQIMDSGYYG,
Ubonodin_p28GA,Ubonodin,POLR2A,28,G,A,GGDGSIAEYFNRPMHIHDWQIMDSGYYG,structural_wt_Cys_Gly
Ubonodin_p28GC,Ubonodin,POLR2A,28,G,C,GGDGSIAEYFNRPMHIHDWQIMDSGYYG,structural_wt_Cys_Gly
Ubonodin_p28GD,Ubonodin,POLR2A,28,G,D,GGDGSIAEYFNRPMHIHDWQIMDSGYYG,structural_wt_Cys_Gly
Ubonodin_p28GE,Ubonodin,POLR2A,28,G,E,GGDGSIAEYFNRPMHIHDWQIMDSGYYG,structural_wt_Cys_Gly
Ubonodin_p28GF,Ubonodin,POLR2A,28,G,F,GGDGSIAEYFNRPMHIHDWQIMDSGYYG,structural_wt_Cys_Gly
Ubonodin_p28GH,Ubonodin,POLR2A,28,G,H,GGDGSIAEYFNRPMHIHDWQIMDSGYYG,structural_wt_Cys_Gly
Ubonodin_p28GI,Ubonodin,POLR2A,28,G,I,GGDGSIAEYFNRPMHIHDWQIMDSGYYG,structural_wt_Cys_Gly
Ubonodin_p28GK,Ubonodin,POLR2A,28,G,K,GGDGSIAEYFNRPMHIHDWQIMDSGYYG,structural_wt_Cys_Gly
Ubonodin_p28GL,Ubonodin,POLR2A,28,G,L,GGDGSIAEYFNRPMHIHDWQIMDSGYYG,structural_wt_Cys_Gly
Ubonodin_p28GM,Ubonodin,POLR2A,28,G,M,GGDGSIAEYFNRPMHIHDWQIMDSGYYG,structural_wt_Cys_Gly
Ubonodin_p28GN,Ubonodin,POLR2A,28,G,N,GGDGSIAEYFNRPMHIHDWQIMDSGYYG,structural_wt_Cys_Gly
Ubonodin_p28GP,Ubonodin,POLR2A,28,G,P,GGDGSIAEYFNRPMHIHDWQIMDSGYYG,structural_wt_Cys_Gly
Ubonodin_p28GQ,Ubonodin,POLR2A,28,G,Q,GGDGSIAEYFNRPMHIHDWQIMDSGYYG,structural_wt_Cys_Gly
Ubonodin_p28GR,Ubonodin,POLR2A,28,G,R,GGDGSIAEYFNRPMHIHDWQIMDSGYYG,structural_wt_Cys_Gly
Ubonodin_p28GS,Ubonodin,POLR2A,28,G,S,GGDGSIAEYFNRPMHIHDWQIMDSGYYG,structural_wt_Cys_Gly
Ubonodin_p28GT,Ubonodin,POLR2A,28,G,T,GGDGSIAEYFNRPMHIHDWQIMDSGYYG,structural_wt_Cys_Gly
Ubonodin_p28GV,Ubonodin,POLR2A,28,G,V,GGDGSIAEYFNRPMHIHDWQIMDSGYYG,structural_wt_Cys_Gly
Ubonodin_p28GW,Ubonodin,POLR2A,28,G,W,GGDGSIAEYFNRPMHIHDWQIMDSGYYG,structural_wt_Cys_Gly
Ubonodin_p28GY,Ubonodin,POLR2A,28,G,Y,GGDGSIAEYFNRPMHIHDWQIMDSGYYG,structural_wt_Cys_Gly
Capistruin_p1GA,Capistruin,POLR2A,1,G,A,GTPGFQTPDARVISRFGFN,structural_wt_Cys_Gly
Capistruin_p1GC,Capistruin,POLR2A,1,G,C,GTPGFQTPDARVISRFGFN,structural_wt_Cys_Gly
Capistruin_p1GD,Capistruin,POLR2A,1,G,D,GTPGFQTPDARVISRFGFN,structural_wt_Cys_Gly
Capistruin_p1GE,Capistruin,POLR2A,1,G,E,GTPGFQTPDARVISRFGFN,structural_wt_Cys_Gly
Capistruin_p1GF,Capistruin,POLR2A,1,G,F,GTPGFQTPDARVISRFGFN,structural_wt_Cys_Gly
Capistruin_p1GH,Capistruin,POLR2A,1,G,H,GTPGFQTPDARVISRFGFN,structural_wt_Cys_Gly
Capistruin_p1GI,Capistruin,POLR2A,1,G,I,GTPGFQTPDARVISRFGFN,structural_wt_Cys_Gly
Capistruin_p1GK,Capistruin,POLR2A,1,G,K,GTPGFQTPDARVISRFGFN,structural_wt_Cys_Gly
Capistruin_p1GL,Capistruin,POLR2A,1,G,L,GTPGFQTPDARVISRFGFN,structural_wt_Cys_Gly
Capistruin_p1GM,Capistruin,POLR2A,1,G,M,GTPGFQTPDARVISRFGFN,structural_wt_Cys_Gly
Capistruin_p1GN,Capistruin,POLR2A,1,G,N,GTPGFQTPDARVISRFGFN,structural_wt_Cys_Gly
Capistruin_p1GP,Capistruin,POLR2A,1,G,P,GTPGFQTPDARVISRFGFN,structural_wt_Cys_Gly
Capistruin_p1GQ,Capistruin,POLR2A,1,G,Q,GTPGFQTPDARVISRFGFN,structural_wt_Cys_Gly
Capistruin_p1GR,Capistruin,POLR2A,1,G,R,GTPGFQTPDARVISRFGFN,structural_wt_Cys_Gly
Capistruin_p1GS,Capistruin,POLR2A,1,G,S,GTPGFQTPDARVISRFGFN,structural_wt_Cys_Gly
Capistruin_p1GT,Capistruin,POLR2A,1,G,T,GTPGFQTPDARVISRFGFN,structural_wt_Cys_Gly
Capistruin_p1GV,Capistruin,POLR2A,1,G,V,GTPGFQTPDARVISRFGFN,structural_wt_Cys_Gly
Capistruin_p1GW,Capistruin,POLR2A,1,G,W,GTPGFQTPDARVISRFGFN,structural_wt_Cys_Gly
Capistruin_p1GY,Capistruin,POLR2A,1,G,Y,GTPGFQTPDARVISRFGFN,structural_wt_Cys_Gly
Capistruin_p2TA,Capistruin,POLR2A,2,T,A,GTPGFQTPDARVISRFGFN,
Capistruin_p2TC,Capistruin,POLR2A,2,T,C,GTPGFQTPDARVISRFGFN,
Capistruin_p2TD,Capistruin,POLR2A,2,T,D,GTPGFQTPDARVISRFGFN,
Capistruin_p2TE,Capistruin,POLR2A,2,T,E,GTPGFQTPDARVISRFGFN,
Capistruin_p2TF,Capistruin,POLR2A,2,T,F,GTPGFQTPDARVISRFGFN,
Capistruin_p2TG,Capistruin,POLR2A,2,T,G,GTPGFQTPDARVISRFGFN,
Capistruin_p2TH,Capistruin,POLR2A,2,T,H,GTPGFQTPDARVISRFGFN,
Capistruin_p2TI,Capistruin,POLR2A,2,T,I,GTPGFQTPDARVISRFGFN,
Capistruin_p2TK,Capistruin,POLR2A,2,T,K,GTPGFQTPDARVISRFGFN,
Capistruin_p2TL,Capistruin,POLR2A,2,T,L,GTPGFQTPDARVISRFGFN,
Capistruin_p2TM,Capistruin,POLR2A,2,T,M,GTPGFQTPDARVISRFGFN,
Capistruin_p2TN,Capistruin,POLR2A,2,T,N,GTPGFQTPDARVISRFGFN,
Capistruin_p2TP,Capistruin,POLR2A,2,T,P,GTPGFQTPDARVISRFGFN,
Capistruin_p2TQ,Capistruin,POLR2A,2,T,Q,GTPGFQTPDARVISRFGFN,
Capistruin_p2TR,Capistruin,POLR2A,2,T,R,GTPGFQTPDARVISRFGFN,
Capistruin_p2TS,Capistruin,POLR2A,2,T,S,GTPGFQTPDARVISRFGFN,
Capistruin_p2TV,Capistruin,POLR2A,2,T,V,GTPGFQTPDARVISRFGFN,
Capistruin_p2TW,Capistruin,POLR2A,2,T,W,GTPGFQTPDARVISRFGFN,
Capistruin_p2TY,Capistruin,POLR2A,2,T,Y,GTPGFQTPDARVISRFGFN,
Capistruin_p3PA,Capistruin,POLR2A,3,P,A,GTPGFQTPDARVISRFGFN,
Capistruin_p3PC,Capistruin,POLR2A,3,P,C,GTPGFQTPDARVISRFGFN,
Capistruin_p3PD,Capistruin,POLR2A,3,P,D,GTPGFQTPDARVISRFGFN,
Capistruin_p3PE,Capistruin,POLR2A,3,P,E,GTPGFQTPDARVISRFGFN,
Capistruin_p3PF,Capistruin,POLR2A,3,P,F,GTPGFQTPDARVISRFGFN,
Capistruin_p3PG,Capistruin,POLR2A,3,P,G,GTPGFQTPDARVISRFGFN,may_break_turn
Capistruin_p3PH,Capistruin,POLR2A,3,P,H,GTPGFQTPDARVISRFGFN,
Capistruin_p3PI,Capistruin,POLR2A,3,P,I,GTPGFQTPDARVISRFGFN,
Capistruin_p3PK,Capistruin,POLR2A,3,P,K,GTPGFQTPDARVISRFGFN,
Capistruin_p3PL,Capistruin,POLR2A,3,P,L,GTPGFQTPDARVISRFGFN,
Capistruin_p3PM,Capistruin,POLR2A,3,P,M,GTPGFQTPDARVISRFGFN,
Capistruin_p3PN,Capistruin,POLR2A,3,P,N,GTPGFQTPDARVISRFGFN,
Capistruin_p3PQ,Capistruin,POLR2A,3,P,Q,GTPGFQTPDARVISRFGFN,
Capistruin_p3PR,Capistruin,POLR2A,3,P,R,GTPGFQTPDARVISRFGFN,
Capistruin_p3PS,Capistruin,POLR2A,3,P,S,GTPGFQTPDARVISRFGFN,
Capistruin_p3PT,Capistruin,POLR2A,3,P,T,GTPGFQTPDARVISRFGFN,
Capistruin_p3PV,Capistruin,POLR2A,3,P,V,GTPGFQTPDARVISRFGFN,
Capistruin_p3PW,Capistruin,POLR2A,3,P,W,GTPGFQTPDARVISRFGFN,
Capistruin_p3PY,Capistruin,POLR2A,3,P,Y,GTPGFQTPDARVISRFGFN,
Capistruin_p4GA,Capistruin,POLR2A,4,G,A,GTPGFQTPDARVISRFGFN,structural_wt_Cys_Gly
Capistruin_p4GC,Capistruin,POLR2A,4,G,C,GTPGFQTPDARVISRFGFN,structural_wt_Cys_Gly
Capistruin_p4GD,Capistruin,POLR2A,4,G,D,GTPGFQTPDARVISRFGFN,structural_wt_Cys_Gly
Capistruin_p4GE,Capistruin,POLR2A,4,G,E,GTPGFQTPDARVISRFGFN,structural_wt_Cys_Gly
Capistruin_p4GF,Capistruin,POLR2A,4,G,F,GTPGFQTPDARVISRFGFN,structural_wt_Cys_Gly
Capistruin_p4GH,Capistruin,POLR2A,4,G,H,GTPGFQTPDARVISRFGFN,structural_wt_Cys_Gly
Capistruin_p4GI,Capistruin,POLR2A,4,G,I,GTPGFQTPDARVISRFGFN,structural_wt_Cys_Gly
Capistruin_p4GK,Capistruin,POLR2A,4,G,K,GTPGFQTPDARVISRFGFN,structural_wt_Cys_Gly
Capistruin_p4GL,Capistruin,POLR2A,4,G,L,GTPGFQTPDARVISRFGFN,structural_wt_Cys_Gly
Capistruin_p4GM,Capistruin,POLR2A,4,G,M,GTPGFQTPDARVISRFGFN,structural_wt_Cys_Gly
Capistruin_p4GN,Capistruin,POLR2A,4,G,N,GTPGFQTPDARVISRFGFN,structural_wt_Cys_Gly
Capistruin_p4GP,Capistruin,POLR2A,4,G,P,GTPGFQTPDARVISRFGFN,structural_wt_Cys_Gly
Capistruin_p4GQ,Capistruin,POLR2A,4,G,Q,GTPGFQTPDARVISRFGFN,structural_wt_Cys_Gly
Capistruin_p4GR,Capistruin,POLR2A,4,G,R,GTPGFQTPDARVISRFGFN,structural_wt_Cys_Gly
Capistruin_p4GS,Capistruin,POLR2A,4,G,S,GTPGFQTPDARVISRFGFN,structural_wt_Cys_Gly
Capistruin_p4GT,Capistruin,POLR2A,4,G,T,GTPGFQTPDARVISRFGFN,structural_wt_Cys_Gly
Capistruin_p4GV,Capistruin,POLR2A,4,G,V,GTPGFQTPDARVISRFGFN,structural_wt_Cys_Gly
Capistruin_p4GW,Capistruin,POLR2A,4,G,W,GTPGFQTPDARVISRFGFN,structural_wt_Cys_Gly
Capistruin_p4GY,Capistruin,POLR2A,4,G,Y,GTPGFQTPDARVISRFGFN,structural_wt_Cys_Gly
Capistruin_p5FA,Capistruin,POLR2A,5,F,A,GTPGFQTPDARVISRFGFN,
Capistruin_p5FC,Capistruin,POLR2A,5,F,C,GTPGFQTPDARVISRFGFN,
Capistruin_p5FD,Capistruin,POLR2A,5,F,D,GTPGFQTPDARVISRFGFN,
Capistruin_p5FE,Capistruin,POLR2A,5,F,E,GTPGFQTPDARVISRFGFN,
Capistruin_p5FG,Capistruin,POLR2A,5,F,G,GTPGFQTPDARVISRFGFN,
Capistruin_p5FH,Capistruin,POLR2A,5,F,H,GTPGFQTPDARVISRFGFN,
Capistruin_p5FI,Capistruin,POLR2A,5,F,I,GTPGFQTPDARVISRFGFN,
Capistruin_p5FK,Capistruin,POLR2A,5,F,K,GTPGFQTPDARVISRFGFN,
Capistruin_p5FL,Capistruin,POLR2A,5,F,L,GTPGFQTPDARVISRFGFN,
Capistruin_p5FM,Capistruin,POLR2A,5,F,M,GTPGFQTPDARVISRFGFN,
Capistruin_p5FN,Capistruin,POLR2A,5,F,N,GTPGFQTPDARVISRFGFN,
Capistruin_p5FP,Capistruin,POLR2A,5,F,P,GTPGFQTPDARVISRFGFN,
Capistruin_p5FQ,Capistruin,POLR2A,5,F,Q,GTPGFQTPDARVISRFGFN,
Capistruin_p5FR,Capistruin,POLR2A,5,F,R,GTPGFQTPDARVISRFGFN,
Capistruin_p5FS,Capistruin,POLR2A,5,F,S,GTPGFQTPDARVISRFGFN,
Capistruin_p5FT,Capistruin,POLR2A,5,F,T,GTPGFQTPDARVISRFGFN,
Capistruin_p5FV,Capistruin,POLR2A,5,F,V,GTPGFQTPDARVISRFGFN,
Capistruin_p5FW,Capistruin,POLR2A,5,F,W,GTPGFQTPDARVISRFGFN,
Capistruin_p5FY,Capistruin,POLR2A,5,F,Y,GTPGFQTPDARVISRFGFN,
Capistruin_p6QA,Capistruin,POLR2A,6,Q,A,GTPGFQTPDARVISRFGFN,
Capistruin_p6QC,Capistruin,POLR2A,6,Q,C,GTPGFQTPDARVISRFGFN,
Capistruin_p6QD,Capistruin,POLR2A,6,Q,D,GTPGFQTPDARVISRFGFN,
Capistruin_p6QE,Capistruin,POLR2A,6,Q,E,GTPGFQTPDARVISRFGFN,
Capistruin_p6QF,Capistruin,POLR2A,6,Q,F,GTPGFQTPDARVISRFGFN,
Capistruin_p6QG,Capistruin,POLR2A,6,Q,G,GTPGFQTPDARVISRFGFN,
Capistruin_p6QH,Capistruin,POLR2A,6,Q,H,GTPGFQTPDARVISRFGFN,
Capistruin_p6QI,Capistruin,POLR2A,6,Q,I,GTPGFQTPDARVISRFGFN,
Capistruin_p6QK,Capistruin,POLR2A,6,Q,K,GTPGFQTPDARVISRFGFN,
Capistruin_p6QL,Capistruin,POLR2A,6,Q,L,GTPGFQTPDARVISRFGFN,
Capistruin_p6QM,Capistruin,POLR2A,6,Q,M,GTPGFQTPDARVISRFGFN,
Capistruin_p6QN,Capistruin,POLR2A,6,Q,N,GTPGFQTPDARVISRFGFN,
Capistruin_p6QP,Capistruin,POLR2A,6,Q,P,GTPGFQTPDARVISRFGFN,
Capistruin_p6QR,Capistruin,POLR2A,6,Q,R,GTPGFQTPDARVISRFGFN,
Capistruin_p6QS,Capistruin,POLR2A,6,Q,S,GTPGFQTPDARVISRFGFN,
Capistruin_p6QT,Capistruin,POLR2A,6,Q,T,GTPGFQTPDARVISRFGFN,
Capistruin_p6QV,Capistruin,POLR2A,6,Q,V,GTPGFQTPDARVISRFGFN,
Capistruin_p6QW,Capistruin,POLR2A,6,Q,W,GTPGFQTPDARVISRFGFN,
Capistruin_p6QY,Capistruin,POLR2A,6,Q,Y,GTPGFQTPDARVISRFGFN,
Capistruin_p7TA,Capistruin,POLR2A,7,T,A,GTPGFQTPDARVISRFGFN,
Capistruin_p7TC,Capistruin,POLR2A,7,T,C,GTPGFQTPDARVISRFGFN,
Capistruin_p7TD,Capistruin,POLR2A,7,T,D,GTPGFQTPDARVISRFGFN,
Capistruin_p7TE,Capistruin,POLR2A,7,T,E,GTPGFQTPDARVISRFGFN,
Capistruin_p7TF,Capistruin,POLR2A,7,T,F,GTPGFQTPDARVISRFGFN,
Capistruin_p7TG,Capistruin,POLR2A,7,T,G,GTPGFQTPDARVISRFGFN,
Capistruin_p7TH,Capistruin,POLR2A,7,T,H,GTPGFQTPDARVISRFGFN,
Capistruin_p7TI,Capistruin,POLR2A,7,T,I,GTPGFQTPDARVISRFGFN,
Capistruin_p7TK,Capistruin,POLR2A,7,T,K,GTPGFQTPDARVISRFGFN,
Capistruin_p7TL,Capistruin,POLR2A,7,T,L,GTPGFQTPDARVISRFGFN,
Capistruin_p7TM,Capistruin,POLR2A,7,T,M,GTPGFQTPDARVISRFGFN,
Capistruin_p7TN,Capistruin,POLR2A,7,T,N,GTPGFQTPDARVISRFGFN,
Capistruin_p7TP,Capistruin,POLR2A,7,T,P,GTPGFQTPDARVISRFGFN,
Capistruin_p7TQ,Capistruin,POLR2A,7,T,Q,GTPGFQTPDARVISRFGFN,
Capistruin_p7TR,Capistruin,POLR2A,7,T,R,GTPGFQTPDARVISRFGFN,
Capistruin_p7TS,Capistruin,POLR2A,7,T,S,GTPGFQTPDARVISRFGFN,
Capistruin_p7TV,Capistruin,POLR2A,7,T,V,GTPGFQTPDARVISRFGFN,
Capistruin_p7TW,Capistruin,POLR2A,7,T,W,GTPGFQTPDARVISRFGFN,
Capistruin_p7TY,Capistruin,POLR2A,7,T,Y,GTPGFQTPDARVISRFGFN,
Capistruin_p8PA,Capistruin,POLR2A,8,P,A,GTPGFQTPDARVISRFGFN,
Capistruin_p8PC,Capistruin,POLR2A,8,P,C,GTPGFQTPDARVISRFGFN,
Capistruin_p8PD,Capistruin,POLR2A,8,P,D,GTPGFQTPDARVISRFGFN,
Capistruin_p8PE,Capistruin,POLR2A,8,P,E,GTPGFQTPDARVISRFGFN,
Capistruin_p8PF,Capistruin,POLR2A,8,P,F,GTPGFQTPDARVISRFGFN,
Capistruin_p8PG,Capistruin,POLR2A,8,P,G,GTPGFQTPDARVISRFGFN,may_break_turn
Capistruin_p8PH,Capistruin,POLR2A,8,P,H,GTPGFQTPDARVISRFGFN,
Capistruin_p8PI,Capistruin,POLR2A,8,P,I,GTPGFQTPDARVISRFGFN,
Capistruin_p8PK,Capistruin,POLR2A,8,P,K,GTPGFQTPDARVISRFGFN,
Capistruin_p8PL,Capistruin,POLR2A,8,P,L,GTPGFQTPDARVISRFGFN,
Capistruin_p8PM,Capistruin,POLR2A,8,P,M,GTPGFQTPDARVISRFGFN,
Capistruin_p8PN,Capistruin,POLR2A,8,P,N,GTPGFQTPDARVISRFGFN,
Capistruin_p8PQ,Capistruin,POLR2A,8,P,Q,GTPGFQTPDARVISRFGFN,
Capistruin_p8PR,Capistruin,POLR2A,8,P,R,GTPGFQTPDARVISRFGFN,
Capistruin_p8PS,Capistruin,POLR2A,8,P,S,GTPGFQTPDARVISRFGFN,
Capistruin_p8PT,Capistruin,POLR2A,8,P,T,GTPGFQTPDARVISRFGFN,
Capistruin_p8PV,Capistruin,POLR2A,8,P,V,GTPGFQTPDARVISRFGFN,
Capistruin_p8PW,Capistruin,POLR2A,8,P,W,GTPGFQTPDARVISRFGFN,
Capistruin_p8PY,Capistruin,POLR2A,8,P,Y,GTPGFQTPDARVISRFGFN,
Capistruin_p9DA,Capistruin,POLR2A,9,D,A,GTPGFQTPDARVISRFGFN,
Capistruin_p9DC,Capistruin,POLR2A,9,D,C,GTPGFQTPDARVISRFGFN,
Capistruin_p9DE,Capistruin,POLR2A,9,D,E,GTPGFQTPDARVISRFGFN,
Capistruin_p9DF,Capistruin,POLR2A,9,D,F,GTPGFQTPDARVISRFGFN,
Capistruin_p9DG,Capistruin,POLR2A,9,D,G,GTPGFQTPDARVISRFGFN,
Capistruin_p9DH,Capistruin,POLR2A,9,D,H,GTPGFQTPDARVISRFGFN,
Capistruin_p9DI,Capistruin,POLR2A,9,D,I,GTPGFQTPDARVISRFGFN,
Capistruin_p9DK,Capistruin,POLR2A,9,D,K,GTPGFQTPDARVISRFGFN,
Capistruin_p9DL,Capistruin,POLR2A,9,D,L,GTPGFQTPDARVISRFGFN,
Capistruin_p9DM,Capistruin,POLR2A,9,D,M,GTPGFQTPDARVISRFGFN,
Capistruin_p9DN,Capistruin,POLR2A,9,D,N,GTPGFQTPDARVISRFGFN,
Capistruin_p9DP,Capistruin,POLR2A,9,D,P,GTPGFQTPDARVISRFGFN,
Capistruin_p9DQ,Capistruin,POLR2A,9,D,Q,GTPGFQTPDARVISRFGFN,
Capistruin_p9DR,Capistruin,POLR2A,9,D,R,GTPGFQTPDARVISRFGFN,
Capistruin_p9DS,Capistruin,POLR2A,9,D,S,GTPGFQTPDARVISRFGFN,
Capistruin_p9DT,Capistruin,POLR2A,9,D,T,GTPGFQTPDARVISRFGFN,
Capistruin_p9DV,Capistruin,POLR2A,9,D,V,GTPGFQTPDARVISRFGFN,
Capistruin_p9DW,Capistruin,POLR2A,9,D,W,GTPGFQTPDARVISRFGFN,
Capistruin_p9DY,Capistruin,POLR2A,9,D,Y,GTPGFQTPDARVISRFGFN,
Capistruin_p10AC,Capistruin,POLR2A,10,A,C,GTPGFQTPDARVISRFGFN,
Capistruin_p10AD,Capistruin,POLR2A,10,A,D,GTPGFQTPDARVISRFGFN,
Capistruin_p10AE,Capistruin,POLR2A,10,A,E,GTPGFQTPDARVISRFGFN,
Capistruin_p10AF,Capistruin,POLR2A,10,A,F,GTPGFQTPDARVISRFGFN,
Capistruin_p10AG,Capistruin,POLR2A,10,A,G,GTPGFQTPDARVISRFGFN,
Capistruin_p10AH,Capistruin,POLR2A,10,A,H,GTPGFQTPDARVISRFGFN,
Capistruin_p10AI,Capistruin,POLR2A,10,A,I,GTPGFQTPDARVISRFGFN,
Capistruin_p10AK,Capistruin,POLR2A,10,A,K,GTPGFQTPDARVISRFGFN,
Capistruin_p10AL,Capistruin,POLR2A,10,A,L,GTPGFQTPDARVISRFGFN,
Capistruin_p10AM,Capistruin,POLR2A,10,A,M,GTPGFQTPDARVISRFGFN,
Capistruin_p10AN,Capistruin,POLR2A,10,A,N,GTPGFQTPDARVISRFGFN,
Capistruin_p10AP,Capistruin,POLR2A,10,A,P,GTPGFQTPDARVISRFGFN,
Capistruin_p10AQ,Capistruin,POLR2A,10,A,Q,GTPGFQTPDARVISRFGFN,
Capistruin_p10AR,Capistruin,POLR2A,10,A,R,GTPGFQTPDARVISRFGFN,
Capistruin_p10AS,Capistruin,POLR2A,10,A,S,GTPGFQTPDARVISRFGFN,
Capistruin_p10AT,Capistruin,POLR2A,10,A,T,GTPGFQTPDARVISRFGFN,
Capistruin_p10AV,Capistruin,POLR2A,10,A,V,GTPGFQTPDARVISRFGFN,
Capistruin_p10AW,Capistruin,POLR2A,10,A,W,GTPGFQTPDARVISRFGFN,
Capistruin_p10AY,Capistruin,POLR2A,10,A,Y,GTPGFQTPDARVISRFGFN,
Capistruin_p11RA,Capistruin,POLR2A,11,R,A,GTPGFQTPDARVISRFGFN,
Capistruin_p11RC,Capistruin,POLR2A,11,R,C,GTPGFQTPDARVISRFGFN,
Capistruin_p11RD,Capistruin,POLR2A,11,R,D,GTPGFQTPDARVISRFGFN,
Capistruin_p11RE,Capistruin,POLR2A,11,R,E,GTPGFQTPDARVISRFGFN,
Capistruin_p11RF,Capistruin,POLR2A,11,R,F,GTPGFQTPDARVISRFGFN,
Capistruin_p11RG,Capistruin,POLR2A,11,R,G,GTPGFQTPDARVISRFGFN,
Capistruin_p11RH,Capistruin,POLR2A,11,R,H,GTPGFQTPDARVISRFGFN,
Capistruin_p11RI,Capistruin,POLR2A,11,R,I,GTPGFQTPDARVISRFGFN,
Capistruin_p11RK,Capistruin,POLR2A,11,R,K,GTPGFQTPDARVISRFGFN,
Capistruin_p11RL,Capistruin,POLR2A,11,R,L,GTPGFQTPDARVISRFGFN,
Capistruin_p11RM,Capistruin,POLR2A,11,R,M,GTPGFQTPDARVISRFGFN,
Capistruin_p11RN,Capistruin,POLR2A,11,R,N,GTPGFQTPDARVISRFGFN,
Capistruin_p11RP,Capistruin,POLR2A,11,R,P,GTPGFQTPDARVISRFGFN,
Capistruin_p11RQ,Capistruin,POLR2A,11,R,Q,GTPGFQTPDARVISRFGFN,
Capistruin_p11RS,Capistruin,POLR2A,11,R,S,GTPGFQTPDARVISRFGFN,
Capistruin_p11RT,Capistruin,POLR2A,11,R,T,GTPGFQTPDARVISRFGFN,
Capistruin_p11RV,Capistruin,POLR2A,11,R,V,GTPGFQTPDARVISRFGFN,
Capistruin_p11RW,Capistruin,POLR2A,11,R,W,GTPGFQTPDARVISRFGFN,
Capistruin_p11RY,Capistruin,POLR2A,11,R,Y,GTPGFQTPDARVISRFGFN,
Capistruin_p12VA,Capistruin,POLR2A,12,V,A,GTPGFQTPDARVISRFGFN,
Capistruin_p12VC,Capistruin,POLR2A,12,V,C,GTPGFQTPDARVISRFGFN,
Capistruin_p12VD,Capistruin,POLR2A,12,V,D,GTPGFQTPDARVISRFGFN,
Capistruin_p12VE,Capistruin,POLR2A,12,V,E,GTPGFQTPDARVISRFGFN,
Capistruin_p12VF,Capistruin,POLR2A,12,V,F,GTPGFQTPDARVISRFGFN,
Capistruin_p12VG,Capistruin,POLR2A,12,V,G,GTPGFQTPDARVISRFGFN,
Capistruin_p12VH,Capistruin,POLR2A,12,V,H,GTPGFQTPDARVISRFGFN,
Capistruin_p12VI,Capistruin,POLR2A,12,V,I,GTPGFQTPDARVISRFGFN,
Capistruin_p12VK,Capistruin,POLR2A,12,V,K,GTPGFQTPDARVISRFGFN,
Capistruin_p12VL,Capistruin,POLR2A,12,V,L,GTPGFQTPDARVISRFGFN,
Capistruin_p12VM,Capistruin,POLR2A,12,V,M,GTPGFQTPDARVISRFGFN,
Capistruin_p12VN,Capistruin,POLR2A,12,V,N,GTPGFQTPDARVISRFGFN,
Capistruin_p12VP,Capistruin,POLR2A,12,V,P,GTPGFQTPDARVISRFGFN,
Capistruin_p12VQ,Capistruin,POLR2A,12,V,Q,GTPGFQTPDARVISRFGFN,
Capistruin_p12VR,Capistruin,POLR2A,12,V,R,GTPGFQTPDARVISRFGFN,
Capistruin_p12VS,Capistruin,POLR2A,12,V,S,GTPGFQTPDARVISRFGFN,
Capistruin_p12VT,Capistruin,POLR2A,12,V,T,GTPGFQTPDARVISRFGFN,
Capistruin_p12VW,Capistruin,POLR2A,12,V,W,GTPGFQTPDARVISRFGFN,
Capistruin_p12VY,Capistruin,POLR2A,12,V,Y,GTPGFQTPDARVISRFGFN,
Capistruin_p13IA,Capistruin,POLR2A,13,I,A,GTPGFQTPDARVISRFGFN,
Capistruin_p13IC,Capistruin,POLR2A,13,I,C,GTPGFQTPDARVISRFGFN,
Capistruin_p13ID,Capistruin,POLR2A,13,I,D,GTPGFQTPDARVISRFGFN,
Capistruin_p13IE,Capistruin,POLR2A,13,I,E,GTPGFQTPDARVISRFGFN,
Capistruin_p13IF,Capistruin,POLR2A,13,I,F,GTPGFQTPDARVISRFGFN,
Capistruin_p13IG,Capistruin,POLR2A,13,I,G,GTPGFQTPDARVISRFGFN,
Capistruin_p13IH,Capistruin,POLR2A,13,I,H,GTPGFQTPDARVISRFGFN,
Capistruin_p13IK,Capistruin,POLR2A,13,I,K,GTPGFQTPDARVISRFGFN,
Capistruin_p13IL,Capistruin,POLR2A,13,I,L,GTPGFQTPDARVISRFGFN,
Capistruin_p13IM,Capistruin,POLR2A,13,I,M,GTPGFQTPDARVISRFGFN,
Capistruin_p13IN,Capistruin,POLR2A,13,I,N,GTPGFQTPDARVISRFGFN,
Capistruin_p13IP,Capistruin,POLR2A,13,I,P,GTPGFQTPDARVISRFGFN,
Capistruin_p13IQ,Capistruin,POLR2A,13,I,Q,GTPGFQTPDARVISRFGFN,
Capistruin_p13IR,Capistruin,POLR2A,13,I,R,GTPGFQTPDARVISRFGFN,
Capistruin_p13IS,Capistruin,POLR2A,13,I,S,GTPGFQTPDARVISRFGFN,
Capistruin_p13IT,Capistruin,POLR2A,13,I,T,GTPGFQTPDARVISRFGFN,
Capistruin_p13IV,Capistruin,POLR2A,13,I,V,GTPGFQTPDARVISRFGFN,
Capistruin_p13IW,Capistruin,POLR2A,13,I,W,GTPGFQTPDARVISRFGFN,
Capistruin_p13IY,Capistruin,POLR2A,13,I,Y,GTPGFQTPDARVISRFGFN,
Capistruin_p14SA,Capistruin,POLR2A,14,S,A,GTPGFQTPDARVISRFGFN,
Capistruin_p14SC,Capistruin,POLR2A,14,S,C,GTPGFQTPDARVISRFGFN,
Capistruin_p14SD,Capistruin,POLR2A,14,S,D,GTPGFQTPDARVISRFGFN,
Capistruin_p14SE,Capistruin,POLR2A,14,S,E,GTPGFQTPDARVISRFGFN,
Capistruin_p14SF,Capistruin,POLR2A,14,S,F,GTPGFQTPDARVISRFGFN,
Capistruin_p14SG,Capistruin,POLR2A,14,S,G,GTPGFQTPDARVISRFGFN,
Capistruin_p14SH,Capistruin,POLR2A,14,S,H,GTPGFQTPDARVISRFGFN,
Capistruin_p14SI,Capistruin,POLR2A,14,S,I,GTPGFQTPDARVISRFGFN,
Capistruin_p14SK,Capistruin,POLR2A,14,S,K,GTPGFQTPDARVISRFGFN,
Capistruin_p14SL,Capistruin,POLR2A,14,S,L,GTPGFQTPDARVISRFGFN,
Capistruin_p14SM,Capistruin,POLR2A,14,S,M,GTPGFQTPDARVISRFGFN,
Capistruin_p14SN,Capistruin,POLR2A,14,S,N,GTPGFQTPDARVISRFGFN,
Capistruin_p14SP,Capistruin,POLR2A,14,S,P,GTPGFQTPDARVISRFGFN,
Capistruin_p14SQ,Capistruin,POLR2A,14,S,Q,GTPGFQTPDARVISRFGFN,
Capistruin_p14SR,Capistruin,POLR2A,14,S,R,GTPGFQTPDARVISRFGFN,
Capistruin_p14ST,Capistruin,POLR2A,14,S,T,GTPGFQTPDARVISRFGFN,
Capistruin_p14SV,Capistruin,POLR2A,14,S,V,GTPGFQTPDARVISRFGFN,
Capistruin_p14SW,Capistruin,POLR2A,14,S,W,GTPGFQTPDARVISRFGFN,
Capistruin_p14SY,Capistruin,POLR2A,14,S,Y,GTPGFQTPDARVISRFGFN,
Capistruin_p15RA,Capistruin,POLR2A,15,R,A,GTPGFQTPDARVISRFGFN,
Capistruin_p15RC,Capistruin,POLR2A,15,R,C,GTPGFQTPDARVISRFGFN,
Capistruin_p15RD,Capistruin,POLR2A,15,R,D,GTPGFQTPDARVISRFGFN,
Capistruin_p15RE,Capistruin,POLR2A,15,R,E,GTPGFQTPDARVISRFGFN,
Capistruin_p15RF,Capistruin,POLR2A,15,R,F,GTPGFQTPDARVISRFGFN,
Capistruin_p15RG,Capistruin,POLR2A,15,R,G,GTPGFQTPDARVISRFGFN,
Capistruin_p15RH,Capistruin,POLR2A,15,R,H,GTPGFQTPDARVISRFGFN,
Capistruin_p15RI,Capistruin,POLR2A,15,R,I,GTPGFQTPDARVISRFGFN,
Capistruin_p15RK,Capistruin,POLR2A,15,R,K,GTPGFQTPDARVISRFGFN,
Capistruin_p15RL,Capistruin,POLR2A,15,R,L,GTPGFQTPDARVISRFGFN,
Capistruin_p15RM,Capistruin,POLR2A,15,R,M,GTPGFQTPDARVISRFGFN,
Capistruin_p15RN,Capistruin,POLR2A,15,R,N,GTPGFQTPDARVISRFGFN,
Capistruin_p15RP,Capistruin,POLR2A,15,R,P,GTPGFQTPDARVISRFGFN,
Capistruin_p15RQ,Capistruin,POLR2A,15,R,Q,GTPGFQTPDARVISRFGFN,
Capistruin_p15RS,Capistruin,POLR2A,15,R,S,GTPGFQTPDARVISRFGFN,
Capistruin_p15RT,Capistruin,POLR2A,15,R,T,GTPGFQTPDARVISRFGFN,
Capistruin_p15RV,Capistruin,POLR2A,15,R,V,GTPGFQTPDARVISRFGFN,
Capistruin_p15RW,Capistruin,POLR2A,15,R,W,GTPGFQTPDARVISRFGFN,
Capistruin_p15RY,Capistruin,POLR2A,15,R,Y,GTPGFQTPDARVISRFGFN,
Capistruin_p16FA,Capistruin,POLR2A,16,F,A,GTPGFQTPDARVISRFGFN,
Capistruin_p16FC,Capistruin,POLR2A,16,F,C,GTPGFQTPDARVISRFGFN,
Capistruin_p16FD,Capistruin,POLR2A,16,F,D,GTPGFQTPDARVISRFGFN,
Capistruin_p16FE,Capistruin,POLR2A,16,F,E,GTPGFQTPDARVISRFGFN,
Capistruin_p16FG,Capistruin,POLR2A,16,F,G,GTPGFQTPDARVISRFGFN,
Capistruin_p16FH,Capistruin,POLR2A,16,F,H,GTPGFQTPDARVISRFGFN,
Capistruin_p16FI,Capistruin,POLR2A,16,F,I,GTPGFQTPDARVISRFGFN,
Capistruin_p16FK,Capistruin,POLR2A,16,F,K,GTPGFQTPDARVISRFGFN,
Capistruin_p16FL,Capistruin,POLR2A,16,F,L,GTPGFQTPDARVISRFGFN,
Capistruin_p16FM,Capistruin,POLR2A,16,F,M,GTPGFQTPDARVISRFGFN,
Capistruin_p16FN,Capistruin,POLR2A,16,F,N,GTPGFQTPDARVISRFGFN,
Capistruin_p16FP,Capistruin,POLR2A,16,F,P,GTPGFQTPDARVISRFGFN,
Capistruin_p16FQ,Capistruin,POLR2A,16,F,Q,GTPGFQTPDARVISRFGFN,
Capistruin_p16FR,Capistruin,POLR2A,16,F,R,GTPGFQTPDARVISRFGFN,
Capistruin_p16FS,Capistruin,POLR2A,16,F,S,GTPGFQTPDARVISRFGFN,
Capistruin_p16FT,Capistruin,POLR2A,16,F,T,GTPGFQTPDARVISRFGFN,
Capistruin_p16FV,Capistruin,POLR2A,16,F,V,GTPGFQTPDARVISRFGFN,
Capistruin_p16FW,Capistruin,POLR2A,16,F,W,GTPGFQTPDARVISRFGFN,
Capistruin_p16FY,Capistruin,POLR2A,16,F,Y,GTPGFQTPDARVISRFGFN,
Capistruin_p17GA,Capistruin,POLR2A,17,G,A,GTPGFQTPDARVISRFGFN,structural_wt_Cys_Gly
Capistruin_p17GC,Capistruin,POLR2A,17,G,C,GTPGFQTPDARVISRFGFN,structural_wt_Cys_Gly
Capistruin_p17GD,Capistruin,POLR2A,17,G,D,GTPGFQTPDARVISRFGFN,structural_wt_Cys_Gly
Capistruin_p17GE,Capistruin,POLR2A,17,G,E,GTPGFQTPDARVISRFGFN,structural_wt_Cys_Gly
Capistruin_p17GF,Capistruin,POLR2A,17,G,F,GTPGFQTPDARVISRFGFN,structural_wt_Cys_Gly
Capistruin_p17GH,Capistruin,POLR2A,17,G,H,GTPGFQTPDARVISRFGFN,structural_wt_Cys_Gly
Capistruin_p17GI,Capistruin,POLR2A,17,G,I,GTPGFQTPDARVISRFGFN,structural_wt_Cys_Gly
Capistruin_p17GK,Capistruin,POLR2A,17,G,K,GTPGFQTPDARVISRFGFN,structural_wt_Cys_Gly
Capistruin_p17GL,Capistruin,POLR2A,17,G,L,GTPGFQTPDARVISRFGFN,structural_wt_Cys_Gly
Capistruin_p17GM,Capistruin,POLR2A,17,G,M,GTPGFQTPDARVISRFGFN,structural_wt_Cys_Gly
Capistruin_p17GN,Capistruin,POLR2A,17,G,N,GTPGFQTPDARVISRFGFN,structural_wt_Cys_Gly
Capistruin_p17GP,Capistruin,POLR2A,17,G,P,GTPGFQTPDARVISRFGFN,structural_wt_Cys_Gly
Capistruin_p17GQ,Capistruin,POLR2A,17,G,Q,GTPGFQTPDARVISRFGFN,structural_wt_Cys_Gly
Capistruin_p17GR,Capistruin,POLR2A,17,G,R,GTPGFQTPDARVISRFGFN,structural_wt_Cys_Gly
Capistruin_p17GS,Capistruin,POLR2A,17,G,S,GTPGFQTPDARVISRFGFN,structural_wt_Cys_Gly
Capistruin_p17GT,Capistruin,POLR2A,17,G,T,GTPGFQTPDARVISRFGFN,structural_wt_Cys_Gly
Capistruin_p17GV,Capistruin,POLR2A,17,G,V,GTPGFQTPDARVISRFGFN,structural_wt_Cys_Gly
Capistruin_p17GW,Capistruin,POLR2A,17,G,W,GTPGFQTPDARVISRFGFN,structural_wt_Cys_Gly
Capistruin_p17GY,Capistruin,POLR2A,17,G,Y,GTPGFQTPDARVISRFGFN,structural_wt_Cys_Gly
Capistruin_p18FA,Capistruin,POLR2A,18,F,A,GTPGFQTPDARVISRFGFN,
Capistruin_p18FC,Capistruin,POLR2A,18,F,C,GTPGFQTPDARVISRFGFN,
Capistruin_p18FD,Capistruin,POLR2A,18,F,D,GTPGFQTPDARVISRFGFN,
Capistruin_p18FE,Capistruin,POLR2A,18,F,E,GTPGFQTPDARVISRFGFN,
Capistruin_p18FG,Capistruin,POLR2A,18,F,G,GTPGFQTPDARVISRFGFN,
Capistruin_p18FH,Capistruin,POLR2A,18,F,H,GTPGFQTPDARVISRFGFN,
Capistruin_p18FI,Capistruin,POLR2A,18,F,I,GTPGFQTPDARVISRFGFN,
Capistruin_p18FK,Capistruin,POLR2A,18,F,K,GTPGFQTPDARVISRFGFN,
Capistruin_p18FL,Capistruin,POLR2A,18,F,L,GTPGFQTPDARVISRFGFN,
Capistruin_p18FM,Capistruin,POLR2A,18,F,M,GTPGFQTPDARVISRFGFN,
Capistruin_p18FN,Capistruin,POLR2A,18,F,N,GTPGFQTPDARVISRFGFN,
Capistruin_p18FP,Capistruin,POLR2A,18,F,P,GTPGFQTPDARVISRFGFN,
Capistruin_p18FQ,Capistruin,POLR2A,18,F,Q,GTPGFQTPDARVISRFGFN,
Capistruin_p18FR,Capistruin,POLR2A,18,F,R,GTPGFQTPDARVISRFGFN,
Capistruin_p18FS,Capistruin,POLR2A,18,F,S,GTPGFQTPDARVISRFGFN,
Capistruin_p18FT,Capistruin,POLR2A,18,F,T,GTPGFQTPDARVISRFGFN,
Capistruin_p18FV,Capistruin,POLR2A,18,F,V,GTPGFQTPDARVISRFGFN,
Capistruin_p18FW,Capistruin,POLR2A,18,F,W,GTPGFQTPDARVISRFGFN,
Capistruin_p18FY,Capistruin,POLR2A,18,F,Y,GTPGFQTPDARVISRFGFN,
Capistruin_p19NA,Capistruin,POLR2A,19,N,A,GTPGFQTPDARVISRFGFN,
Capistruin_p19NC,Capistruin,POLR2A,19,N,C,GTPGFQTPDARVISRFGFN,
Capistruin_p19ND,Capistruin,POLR2A,19,N,D,GTPGFQTPDARVISRFGFN,
Capistruin_p19NE,Capistruin,POLR2A,19,N,E,GTPGFQTPDARVISRFGFN,
Capistruin_p19NF,Capistruin,POLR2A,19,N,F,GTPGFQTPDARVISRFGFN,
Capistruin_p19NG,Capistruin,POLR2A,19,N,G,GTPGFQTPDARVISRFGFN,
Capistruin_p19NH,Capistruin,POLR2A,19,N,H,GTPGFQTPDARVISRFGFN,
Capistruin_p19NI,Capistruin,POLR2A,19,N,I,GTPGFQTPDARVISRFGFN,
Capistruin_p19NK,Capistruin,POLR2A,19,N,K,GTPGFQTPDARVISRFGFN,
Capistruin_p19NL,Capistruin,POLR2A,19,N,L,GTPGFQTPDARVISRFGFN,
Capistruin_p19NM,Capistruin,POLR2A,19,N,M,GTPGFQTPDARVISRFGFN,
Capistruin_p19NP,Capistruin,POLR2A,19,N,P,GTPGFQTPDARVISRFGFN,
Capistruin_p19NQ,Capistruin,POLR2A,19,N,Q,GTPGFQTPDARVISRFGFN,
Capistruin_p19NR,Capistruin,POLR2A,19,N,R,GTPGFQTPDARVISRFGFN,
Capistruin_p19NS,Capistruin,POLR2A,19,N,S,GTPGFQTPDARVISRFGFN,
Capistruin_p19NT,Capistruin,POLR2A,19,N,T,GTPGFQTPDARVISRFGFN,
Capistruin_p19NV,Capistruin,POLR2A,19,N,V,GTPGFQTPDARVISRFGFN,
Capistruin_p19NW,Capistruin,POLR2A,19,N,W,GTPGFQTPDARVISRFGFN,
Capistruin_p19NY,Capistruin,POLR2A,19,N,Y,GTPGFQTPDARVISRFGFN,
Anantin_p1GA,Anantin,EDNRB,1,G,A,GFIGWGKDIFGHYGG,structural_wt_Cys_Gly
Anantin_p1GC,Anantin,EDNRB,1,G,C,GFIGWGKDIFGHYGG,structural_wt_Cys_Gly
Anantin_p1GD,Anantin,EDNRB,1,G,D,GFIGWGKDIFGHYGG,structural_wt_Cys_Gly
Anantin_p1GE,Anantin,EDNRB,1,G,E,GFIGWGKDIFGHYGG,structural_wt_Cys_Gly
Anantin_p1GF,Anantin,EDNRB,1,G,F,GFIGWGKDIFGHYGG,structural_wt_Cys_Gly
Anantin_p1GH,Anantin,EDNRB,1,G,H,GFIGWGKDIFGHYGG,structural_wt_Cys_Gly
Anantin_p1GI,Anantin,EDNRB,1,G,I,GFIGWGKDIFGHYGG,structural_wt_Cys_Gly
Anantin_p1GK,Anantin,EDNRB,1,G,K,GFIGWGKDIFGHYGG,structural_wt_Cys_Gly
Anantin_p1GL,Anantin,EDNRB,1,G,L,GFIGWGKDIFGHYGG,structural_wt_Cys_Gly
Anantin_p1GM,Anantin,EDNRB,1,G,M,GFIGWGKDIFGHYGG,structural_wt_Cys_Gly
Anantin_p1GN,Anantin,EDNRB,1,G,N,GFIGWGKDIFGHYGG,structural_wt_Cys_Gly
Anantin_p1GP,Anantin,EDNRB,1,G,P,GFIGWGKDIFGHYGG,structural_wt_Cys_Gly
Anantin_p1GQ,Anantin,EDNRB,1,G,Q,GFIGWGKDIFGHYGG,structural_wt_Cys_Gly
Anantin_p1GR,Anantin,EDNRB,1,G,R,GFIGWGKDIFGHYGG,structural_wt_Cys_Gly
Anantin_p1GS,Anantin,EDNRB,1,G,S,GFIGWGKDIFGHYGG,structural_wt_Cys_Gly
Anantin_p1GT,Anantin,EDNRB,1,G,T,GFIGWGKDIFGHYGG,structural_wt_Cys_Gly
Anantin_p1GV,Anantin,EDNRB,1,G,V,GFIGWGKDIFGHYGG,structural_wt_Cys_Gly
Anantin_p1GW,Anantin,EDNRB,1,G,W,GFIGWGKDIFGHYGG,structural_wt_Cys_Gly
Anantin_p1GY,Anantin,EDNRB,1,G,Y,GFIGWGKDIFGHYGG,structural_wt_Cys_Gly
Anantin_p2FA,Anantin,EDNRB,2,F,A,GFIGWGKDIFGHYGG,
Anantin_p2FC,Anantin,EDNRB,2,F,C,GFIGWGKDIFGHYGG,
Anantin_p2FD,Anantin,EDNRB,2,F,D,GFIGWGKDIFGHYGG,
Anantin_p2FE,Anantin,EDNRB,2,F,E,GFIGWGKDIFGHYGG,
Anantin_p2FG,Anantin,EDNRB,2,F,G,GFIGWGKDIFGHYGG,
Anantin_p2FH,Anantin,EDNRB,2,F,H,GFIGWGKDIFGHYGG,
Anantin_p2FI,Anantin,EDNRB,2,F,I,GFIGWGKDIFGHYGG,
Anantin_p2FK,Anantin,EDNRB,2,F,K,GFIGWGKDIFGHYGG,
Anantin_p2FL,Anantin,EDNRB,2,F,L,GFIGWGKDIFGHYGG,
Anantin_p2FM,Anantin,EDNRB,2,F,M,GFIGWGKDIFGHYGG,
Anantin_p2FN,Anantin,EDNRB,2,F,N,GFIGWGKDIFGHYGG,
Anantin_p2FP,Anantin,EDNRB,2,F,P,GFIGWGKDIFGHYGG,
Anantin_p2FQ,Anantin,EDNRB,2,F,Q,GFIGWGKDIFGHYGG,
Anantin_p2FR,Anantin,EDNRB,2,F,R,GFIGWGKDIFGHYGG,
Anantin_p2FS,Anantin,EDNRB,2,F,S,GFIGWGKDIFGHYGG,
Anantin_p2FT,Anantin,EDNRB,2,F,T,GFIGWGKDIFGHYGG,
Anantin_p2FV,Anantin,EDNRB,2,F,V,GFIGWGKDIFGHYGG,
Anantin_p2FW,Anantin,EDNRB,2,F,W,GFIGWGKDIFGHYGG,
Anantin_p2FY,Anantin,EDNRB,2,F,Y,GFIGWGKDIFGHYGG,
Anantin_p3IA,Anantin,EDNRB,3,I,A,GFIGWGKDIFGHYGG,
Anantin_p3IC,Anantin,EDNRB,3,I,C,GFIGWGKDIFGHYGG,
Anantin_p3ID,Anantin,EDNRB,3,I,D,GFIGWGKDIFGHYGG,
Anantin_p3IE,Anantin,EDNRB,3,I,E,GFIGWGKDIFGHYGG,
Anantin_p3IF,Anantin,EDNRB,3,I,F,GFIGWGKDIFGHYGG,
Anantin_p3IG,Anantin,EDNRB,3,I,G,GFIGWGKDIFGHYGG,
Anantin_p3IH,Anantin,EDNRB,3,I,H,GFIGWGKDIFGHYGG,
Anantin_p3IK,Anantin,EDNRB,3,I,K,GFIGWGKDIFGHYGG,
Anantin_p3IL,Anantin,EDNRB,3,I,L,GFIGWGKDIFGHYGG,
Anantin_p3IM,Anantin,EDNRB,3,I,M,GFIGWGKDIFGHYGG,
Anantin_p3IN,Anantin,EDNRB,3,I,N,GFIGWGKDIFGHYGG,
Anantin_p3IP,Anantin,EDNRB,3,I,P,GFIGWGKDIFGHYGG,
Anantin_p3IQ,Anantin,EDNRB,3,I,Q,GFIGWGKDIFGHYGG,
Anantin_p3IR,Anantin,EDNRB,3,I,R,GFIGWGKDIFGHYGG,
Anantin_p3IS,Anantin,EDNRB,3,I,S,GFIGWGKDIFGHYGG,
Anantin_p3IT,Anantin,EDNRB,3,I,T,GFIGWGKDIFGHYGG,
Anantin_p3IV,Anantin,EDNRB,3,I,V,GFIGWGKDIFGHYGG,
Anantin_p3IW,Anantin,EDNRB,3,I,W,GFIGWGKDIFGHYGG,
Anantin_p3IY,Anantin,EDNRB,3,I,Y,GFIGWGKDIFGHYGG,
Anantin_p4GA,Anantin,EDNRB,4,G,A,GFIGWGKDIFGHYGG,structural_wt_Cys_Gly
Anantin_p4GC,Anantin,EDNRB,4,G,C,GFIGWGKDIFGHYGG,structural_wt_Cys_Gly
Anantin_p4GD,Anantin,EDNRB,4,G,D,GFIGWGKDIFGHYGG,structural_wt_Cys_Gly
Anantin_p4GE,Anantin,EDNRB,4,G,E,GFIGWGKDIFGHYGG,structural_wt_Cys_Gly
Anantin_p4GF,Anantin,EDNRB,4,G,F,GFIGWGKDIFGHYGG,structural_wt_Cys_Gly
Anantin_p4GH,Anantin,EDNRB,4,G,H,GFIGWGKDIFGHYGG,structural_wt_Cys_Gly
Anantin_p4GI,Anantin,EDNRB,4,G,I,GFIGWGKDIFGHYGG,structural_wt_Cys_Gly
Anantin_p4GK,Anantin,EDNRB,4,G,K,GFIGWGKDIFGHYGG,structural_wt_Cys_Gly
Anantin_p4GL,Anantin,EDNRB,4,G,L,GFIGWGKDIFGHYGG,structural_wt_Cys_Gly
Anantin_p4GM,Anantin,EDNRB,4,G,M,GFIGWGKDIFGHYGG,structural_wt_Cys_Gly
Anantin_p4GN,Anantin,EDNRB,4,G,N,GFIGWGKDIFGHYGG,structural_wt_Cys_Gly
Anantin_p4GP,Anantin,EDNRB,4,G,P,GFIGWGKDIFGHYGG,structural_wt_Cys_Gly
Anantin_p4GQ,Anantin,EDNRB,4,G,Q,GFIGWGKDIFGHYGG,structural_wt_Cys_Gly
Anantin_p4GR,Anantin,EDNRB,4,G,R,GFIGWGKDIFGHYGG,structural_wt_Cys_Gly
Anantin_p4GS,Anantin,EDNRB,4,G,S,GFIGWGKDIFGHYGG,structural_wt_Cys_Gly
Anantin_p4GT,Anantin,EDNRB,4,G,T,GFIGWGKDIFGHYGG,structural_wt_Cys_Gly
Anantin_p4GV,Anantin,EDNRB,4,G,V,GFIGWGKDIFGHYGG,structural_wt_Cys_Gly
Anantin_p4GW,Anantin,EDNRB,4,G,W,GFIGWGKDIFGHYGG,structural_wt_Cys_Gly
Anantin_p4GY,Anantin,EDNRB,4,G,Y,GFIGWGKDIFGHYGG,structural_wt_Cys_Gly
Anantin_p5WA,Anantin,EDNRB,5,W,A,GFIGWGKDIFGHYGG,
Anantin_p5WC,Anantin,EDNRB,5,W,C,GFIGWGKDIFGHYGG,
Anantin_p5WD,Anantin,EDNRB,5,W,D,GFIGWGKDIFGHYGG,
Anantin_p5WE,Anantin,EDNRB,5,W,E,GFIGWGKDIFGHYGG,
Anantin_p5WF,Anantin,EDNRB,5,W,F,GFIGWGKDIFGHYGG,
Anantin_p5WG,Anantin,EDNRB,5,W,G,GFIGWGKDIFGHYGG,
Anantin_p5WH,Anantin,EDNRB,5,W,H,GFIGWGKDIFGHYGG,
Anantin_p5WI,Anantin,EDNRB,5,W,I,GFIGWGKDIFGHYGG,
Anantin_p5WK,Anantin,EDNRB,5,W,K,GFIGWGKDIFGHYGG,
Anantin_p5WL,Anantin,EDNRB,5,W,L,GFIGWGKDIFGHYGG,
Anantin_p5WM,Anantin,EDNRB,5,W,M,GFIGWGKDIFGHYGG,
Anantin_p5WN,Anantin,EDNRB,5,W,N,GFIGWGKDIFGHYGG,
Anantin_p5WP,Anantin,EDNRB,5,W,P,GFIGWGKDIFGHYGG,
Anantin_p5WQ,Anantin,EDNRB,5,W,Q,GFIGWGKDIFGHYGG,
Anantin_p5WR,Anantin,EDNRB,5,W,R,GFIGWGKDIFGHYGG,
Anantin_p5WS,Anantin,EDNRB,5,W,S,GFIGWGKDIFGHYGG,
Anantin_p5WT,Anantin,EDNRB,5,W,T,GFIGWGKDIFGHYGG,
Anantin_p5WV,Anantin,EDNRB,5,W,V,GFIGWGKDIFGHYGG,
Anantin_p5WY,Anantin,EDNRB,5,W,Y,GFIGWGKDIFGHYGG,
Anantin_p6GA,Anantin,EDNRB,6,G,A,GFIGWGKDIFGHYGG,structural_wt_Cys_Gly
Anantin_p6GC,Anantin,EDNRB,6,G,C,GFIGWGKDIFGHYGG,structural_wt_Cys_Gly
Anantin_p6GD,Anantin,EDNRB,6,G,D,GFIGWGKDIFGHYGG,structural_wt_Cys_Gly
Anantin_p6GE,Anantin,EDNRB,6,G,E,GFIGWGKDIFGHYGG,structural_wt_Cys_Gly
Anantin_p6GF,Anantin,EDNRB,6,G,F,GFIGWGKDIFGHYGG,structural_wt_Cys_Gly
Anantin_p6GH,Anantin,EDNRB,6,G,H,GFIGWGKDIFGHYGG,structural_wt_Cys_Gly
Anantin_p6GI,Anantin,EDNRB,6,G,I,GFIGWGKDIFGHYGG,structural_wt_Cys_Gly
Anantin_p6GK,Anantin,EDNRB,6,G,K,GFIGWGKDIFGHYGG,structural_wt_Cys_Gly
Anantin_p6GL,Anantin,EDNRB,6,G,L,GFIGWGKDIFGHYGG,structural_wt_Cys_Gly
Anantin_p6GM,Anantin,EDNRB,6,G,M,GFIGWGKDIFGHYGG,structural_wt_Cys_Gly
Anantin_p6GN,Anantin,EDNRB,6,G,N,GFIGWGKDIFGHYGG,structural_wt_Cys_Gly
Anantin_p6GP,Anantin,EDNRB,6,G,P,GFIGWGKDIFGHYGG,structural_wt_Cys_Gly
Anantin_p6GQ,Anantin,EDNRB,6,G,Q,GFIGWGKDIFGHYGG,structural_wt_Cys_Gly
Anantin_p6GR,Anantin,EDNRB,6,G,R,GFIGWGKDIFGHYGG,structural_wt_Cys_Gly
Anantin_p6GS,Anantin,EDNRB,6,G,S,GFIGWGKDIFGHYGG,structural_wt_Cys_Gly
Anantin_p6GT,Anantin,EDNRB,6,G,T,GFIGWGKDIFGHYGG,structural_wt_Cys_Gly
Anantin_p6GV,Anantin,EDNRB,6,G,V,GFIGWGKDIFGHYGG,structural_wt_Cys_Gly
Anantin_p6GW,Anantin,EDNRB,6,G,W,GFIGWGKDIFGHYGG,structural_wt_Cys_Gly
Anantin_p6GY,Anantin,EDNRB,6,G,Y,GFIGWGKDIFGHYGG,structural_wt_Cys_Gly
Anantin_p7KA,Anantin,EDNRB,7,K,A,GFIGWGKDIFGHYGG,
Anantin_p7KC,Anantin,EDNRB,7,K,C,GFIGWGKDIFGHYGG,
Anantin_p7KD,Anantin,EDNRB,7,K,D,GFIGWGKDIFGHYGG,
Anantin_p7KE,Anantin,EDNRB,7,K,E,GFIGWGKDIFGHYGG,
Anantin_p7KF,Anantin,EDNRB,7,K,F,GFIGWGKDIFGHYGG,
Anantin_p7KG,Anantin,EDNRB,7,K,G,GFIGWGKDIFGHYGG,
Anantin_p7KH,Anantin,EDNRB,7,K,H,GFIGWGKDIFGHYGG,
Anantin_p7KI,Anantin,EDNRB,7,K,I,GFIGWGKDIFGHYGG,
Anantin_p7KL,Anantin,EDNRB,7,K,L,GFIGWGKDIFGHYGG,
Anantin_p7KM,Anantin,EDNRB,7,K,M,GFIGWGKDIFGHYGG,
Anantin_p7KN,Anantin,EDNRB,7,K,N,GFIGWGKDIFGHYGG,
Anantin_p7KP,Anantin,EDNRB,7,K,P,GFIGWGKDIFGHYGG,
Anantin_p7KQ,Anantin,EDNRB,7,K,Q,GFIGWGKDIFGHYGG,
Anantin_p7KR,Anantin,EDNRB,7,K,R,GFIGWGKDIFGHYGG,
Anantin_p7KS,Anantin,EDNRB,7,K,S,GFIGWGKDIFGHYGG,
Anantin_p7KT,Anantin,EDNRB,7,K,T,GFIGWGKDIFGHYGG,
Anantin_p7KV,Anantin,EDNRB,7,K,V,GFIGWGKDIFGHYGG,
Anantin_p7KW,Anantin,EDNRB,7,K,W,GFIGWGKDIFGHYGG,
Anantin_p7KY,Anantin,EDNRB,7,K,Y,GFIGWGKDIFGHYGG,
Anantin_p8DA,Anantin,EDNRB,8,D,A,GFIGWGKDIFGHYGG,
Anantin_p8DC,Anantin,EDNRB,8,D,C,GFIGWGKDIFGHYGG,
Anantin_p8DE,Anantin,EDNRB,8,D,E,GFIGWGKDIFGHYGG,
Anantin_p8DF,Anantin,EDNRB,8,D,F,GFIGWGKDIFGHYGG,
Anantin_p8DG,Anantin,EDNRB,8,D,G,GFIGWGKDIFGHYGG,
Anantin_p8DH,Anantin,EDNRB,8,D,H,GFIGWGKDIFGHYGG,
Anantin_p8DI,Anantin,EDNRB,8,D,I,GFIGWGKDIFGHYGG,
Anantin_p8DK,Anantin,EDNRB,8,D,K,GFIGWGKDIFGHYGG,
Anantin_p8DL,Anantin,EDNRB,8,D,L,GFIGWGKDIFGHYGG,
Anantin_p8DM,Anantin,EDNRB,8,D,M,GFIGWGKDIFGHYGG,
Anantin_p8DN,Anantin,EDNRB,8,D,N,GFIGWGKDIFGHYGG,
Anantin_p8DP,Anantin,EDNRB,8,D,P,GFIGWGKDIFGHYGG,
Anantin_p8DQ,Anantin,EDNRB,8,D,Q,GFIGWGKDIFGHYGG,
Anantin_p8DR,Anantin,EDNRB,8,D,R,GFIGWGKDIFGHYGG,
Anantin_p8DS,Anantin,EDNRB,8,D,S,GFIGWGKDIFGHYGG,
Anantin_p8DT,Anantin,EDNRB,8,D,T,GFIGWGKDIFGHYGG,
Anantin_p8DV,Anantin,EDNRB,8,D,V,GFIGWGKDIFGHYGG,
Anantin_p8DW,Anantin,EDNRB,8,D,W,GFIGWGKDIFGHYGG,
Anantin_p8DY,Anantin,EDNRB,8,D,Y,GFIGWGKDIFGHYGG,
Anantin_p9IA,Anantin,EDNRB,9,I,A,GFIGWGKDIFGHYGG,
Anantin_p9IC,Anantin,EDNRB,9,I,C,GFIGWGKDIFGHYGG,
Anantin_p9ID,Anantin,EDNRB,9,I,D,GFIGWGKDIFGHYGG,
Anantin_p9IE,Anantin,EDNRB,9,I,E,GFIGWGKDIFGHYGG,
Anantin_p9IF,Anantin,EDNRB,9,I,F,GFIGWGKDIFGHYGG,
Anantin_p9IG,Anantin,EDNRB,9,I,G,GFIGWGKDIFGHYGG,
Anantin_p9IH,Anantin,EDNRB,9,I,H,GFIGWGKDIFGHYGG,
Anantin_p9IK,Anantin,EDNRB,9,I,K,GFIGWGKDIFGHYGG,
Anantin_p9IL,Anantin,EDNRB,9,I,L,GFIGWGKDIFGHYGG,
Anantin_p9IM,Anantin,EDNRB,9,I,M,GFIGWGKDIFGHYGG,
Anantin_p9IN,Anantin,EDNRB,9,I,N,GFIGWGKDIFGHYGG,
Anantin_p9IP,Anantin,EDNRB,9,I,P,GFIGWGKDIFGHYGG,
Anantin_p9IQ,Anantin,EDNRB,9,I,Q,GFIGWGKDIFGHYGG,
Anantin_p9IR,Anantin,EDNRB,9,I,R,GFIGWGKDIFGHYGG,
Anantin_p9IS,Anantin,EDNRB,9,I,S,GFIGWGKDIFGHYGG,
Anantin_p9IT,Anantin,EDNRB,9,I,T,GFIGWGKDIFGHYGG,
Anantin_p9IV,Anantin,EDNRB,9,I,V,GFIGWGKDIFGHYGG,
Anantin_p9IW,Anantin,EDNRB,9,I,W,GFIGWGKDIFGHYGG,
Anantin_p9IY,Anantin,EDNRB,9,I,Y,GFIGWGKDIFGHYGG,
Anantin_p10FA,Anantin,EDNRB,10,F,A,GFIGWGKDIFGHYGG,
Anantin_p10FC,Anantin,EDNRB,10,F,C,GFIGWGKDIFGHYGG,
Anantin_p10FD,Anantin,EDNRB,10,F,D,GFIGWGKDIFGHYGG,
Anantin_p10FE,Anantin,EDNRB,10,F,E,GFIGWGKDIFGHYGG,
Anantin_p10FG,Anantin,EDNRB,10,F,G,GFIGWGKDIFGHYGG,
Anantin_p10FH,Anantin,EDNRB,10,F,H,GFIGWGKDIFGHYGG,
Anantin_p10FI,Anantin,EDNRB,10,F,I,GFIGWGKDIFGHYGG,
Anantin_p10FK,Anantin,EDNRB,10,F,K,GFIGWGKDIFGHYGG,
Anantin_p10FL,Anantin,EDNRB,10,F,L,GFIGWGKDIFGHYGG,
Anantin_p10FM,Anantin,EDNRB,10,F,M,GFIGWGKDIFGHYGG,
Anantin_p10FN,Anantin,EDNRB,10,F,N,GFIGWGKDIFGHYGG,
Anantin_p10FP,Anantin,EDNRB,10,F,P,GFIGWGKDIFGHYGG,
Anantin_p10FQ,Anantin,EDNRB,10,F,Q,GFIGWGKDIFGHYGG,
Anantin_p10FR,Anantin,EDNRB,10,F,R,GFIGWGKDIFGHYGG,
Anantin_p10FS,Anantin,EDNRB,10,F,S,GFIGWGKDIFGHYGG,
Anantin_p10FT,Anantin,EDNRB,10,F,T,GFIGWGKDIFGHYGG,
Anantin_p10FV,Anantin,EDNRB,10,F,V,GFIGWGKDIFGHYGG,
Anantin_p10FW,Anantin,EDNRB,10,F,W,GFIGWGKDIFGHYGG,
Anantin_p10FY,Anantin,EDNRB,10,F,Y,GFIGWGKDIFGHYGG,
Anantin_p11GA,Anantin,EDNRB,11,G,A,GFIGWGKDIFGHYGG,structural_wt_Cys_Gly
Anantin_p11GC,Anantin,EDNRB,11,G,C,GFIGWGKDIFGHYGG,structural_wt_Cys_Gly
Anantin_p11GD,Anantin,EDNRB,11,G,D,GFIGWGKDIFGHYGG,structural_wt_Cys_Gly
Anantin_p11GE,Anantin,EDNRB,11,G,E,GFIGWGKDIFGHYGG,structural_wt_Cys_Gly
Anantin_p11GF,Anantin,EDNRB,11,G,F,GFIGWGKDIFGHYGG,structural_wt_Cys_Gly
Anantin_p11GH,Anantin,EDNRB,11,G,H,GFIGWGKDIFGHYGG,structural_wt_Cys_Gly
Anantin_p11GI,Anantin,EDNRB,11,G,I,GFIGWGKDIFGHYGG,structural_wt_Cys_Gly
Anantin_p11GK,Anantin,EDNRB,11,G,K,GFIGWGKDIFGHYGG,structural_wt_Cys_Gly
Anantin_p11GL,Anantin,EDNRB,11,G,L,GFIGWGKDIFGHYGG,structural_wt_Cys_Gly
Anantin_p11GM,Anantin,EDNRB,11,G,M,GFIGWGKDIFGHYGG,structural_wt_Cys_Gly
Anantin_p11GN,Anantin,EDNRB,11,G,N,GFIGWGKDIFGHYGG,structural_wt_Cys_Gly
Anantin_p11GP,Anantin,EDNRB,11,G,P,GFIGWGKDIFGHYGG,structural_wt_Cys_Gly
Anantin_p11GQ,Anantin,EDNRB,11,G,Q,GFIGWGKDIFGHYGG,structural_wt_Cys_Gly
Anantin_p11GR,Anantin,EDNRB,11,G,R,GFIGWGKDIFGHYGG,structural_wt_Cys_Gly
Anantin_p11GS,Anantin,EDNRB,11,G,S,GFIGWGKDIFGHYGG,structural_wt_Cys_Gly
Anantin_p11GT,Anantin,EDNRB,11,G,T,GFIGWGKDIFGHYGG,structural_wt_Cys_Gly
Anantin_p11GV,Anantin,EDNRB,11,G,V,GFIGWGKDIFGHYGG,structural_wt_Cys_Gly
Anantin_p11GW,Anantin,EDNRB,11,G,W,GFIGWGKDIFGHYGG,structural_wt_Cys_Gly
Anantin_p11GY,Anantin,EDNRB,11,G,Y,GFIGWGKDIFGHYGG,structural_wt_Cys_Gly
Anantin_p12HA,Anantin,EDNRB,12,H,A,GFIGWGKDIFGHYGG,
Anantin_p12HC,Anantin,EDNRB,12,H,C,GFIGWGKDIFGHYGG,
Anantin_p12HD,Anantin,EDNRB,12,H,D,GFIGWGKDIFGHYGG,
Anantin_p12HE,Anantin,EDNRB,12,H,E,GFIGWGKDIFGHYGG,
Anantin_p12HF,Anantin,EDNRB,12,H,F,GFIGWGKDIFGHYGG,
Anantin_p12HG,Anantin,EDNRB,12,H,G,GFIGWGKDIFGHYGG,
Anantin_p12HI,Anantin,EDNRB,12,H,I,GFIGWGKDIFGHYGG,
Anantin_p12HK,Anantin,EDNRB,12,H,K,GFIGWGKDIFGHYGG,
Anantin_p12HL,Anantin,EDNRB,12,H,L,GFIGWGKDIFGHYGG,
Anantin_p12HM,Anantin,EDNRB,12,H,M,GFIGWGKDIFGHYGG,
Anantin_p12HN,Anantin,EDNRB,12,H,N,GFIGWGKDIFGHYGG,
Anantin_p12HP,Anantin,EDNRB,12,H,P,GFIGWGKDIFGHYGG,
Anantin_p12HQ,Anantin,EDNRB,12,H,Q,GFIGWGKDIFGHYGG,
Anantin_p12HR,Anantin,EDNRB,12,H,R,GFIGWGKDIFGHYGG,
Anantin_p12HS,Anantin,EDNRB,12,H,S,GFIGWGKDIFGHYGG,
Anantin_p12HT,Anantin,EDNRB,12,H,T,GFIGWGKDIFGHYGG,
Anantin_p12HV,Anantin,EDNRB,12,H,V,GFIGWGKDIFGHYGG,
Anantin_p12HW,Anantin,EDNRB,12,H,W,GFIGWGKDIFGHYGG,
Anantin_p12HY,Anantin,EDNRB,12,H,Y,GFIGWGKDIFGHYGG,
Anantin_p13YA,Anantin,EDNRB,13,Y,A,GFIGWGKDIFGHYGG,
Anantin_p13YC,Anantin,EDNRB,13,Y,C,GFIGWGKDIFGHYGG,
Anantin_p13YD,Anantin,EDNRB,13,Y,D,GFIGWGKDIFGHYGG,
Anantin_p13YE,Anantin,EDNRB,13,Y,E,GFIGWGKDIFGHYGG,
Anantin_p13YF,Anantin,EDNRB,13,Y,F,GFIGWGKDIFGHYGG,
Anantin_p13YG,Anantin,EDNRB,13,Y,G,GFIGWGKDIFGHYGG,
Anantin_p13YH,Anantin,EDNRB,13,Y,H,GFIGWGKDIFGHYGG,
Anantin_p13YI,Anantin,EDNRB,13,Y,I,GFIGWGKDIFGHYGG,
Anantin_p13YK,Anantin,EDNRB,13,Y,K,GFIGWGKDIFGHYGG,
Anantin_p13YL,Anantin,EDNRB,13,Y,L,GFIGWGKDIFGHYGG,
Anantin_p13YM,Anantin,EDNRB,13,Y,M,GFIGWGKDIFGHYGG,
Anantin_p13YN,Anantin,EDNRB,13,Y,N,GFIGWGKDIFGHYGG,
Anantin_p13YP,Anantin,EDNRB,13,Y,P,GFIGWGKDIFGHYGG,
Anantin_p13YQ,Anantin,EDNRB,13,Y,Q,GFIGWGKDIFGHYGG,
Anantin_p13YR,Anantin,EDNRB,13,Y,R,GFIGWGKDIFGHYGG,
Anantin_p13YS,Anantin,EDNRB,13,Y,S,GFIGWGKDIFGHYGG,
Anantin_p13YT,Anantin,EDNRB,13,Y,T,GFIGWGKDIFGHYGG,
Anantin_p13YV,Anantin,EDNRB,13,Y,V,GFIGWGKDIFGHYGG,
Anantin_p13YW,Anantin,EDNRB,13,Y,W,GFIGWGKDIFGHYGG,
Anantin_p14GA,Anantin,EDNRB,14,G,A,GFIGWGKDIFGHYGG,structural_wt_Cys_Gly
Anantin_p14GC,Anantin,EDNRB,14,G,C,GFIGWGKDIFGHYGG,structural_wt_Cys_Gly
Anantin_p14GD,Anantin,EDNRB,14,G,D,GFIGWGKDIFGHYGG,structural_wt_Cys_Gly
Anantin_p14GE,Anantin,EDNRB,14,G,E,GFIGWGKDIFGHYGG,structural_wt_Cys_Gly
Anantin_p14GF,Anantin,EDNRB,14,G,F,GFIGWGKDIFGHYGG,structural_wt_Cys_Gly
Anantin_p14GH,Anantin,EDNRB,14,G,H,GFIGWGKDIFGHYGG,structural_wt_Cys_Gly
Anantin_p14GI,Anantin,EDNRB,14,G,I,GFIGWGKDIFGHYGG,structural_wt_Cys_Gly
Anantin_p14GK,Anantin,EDNRB,14,G,K,GFIGWGKDIFGHYGG,structural_wt_Cys_Gly
Anantin_p14GL,Anantin,EDNRB,14,G,L,GFIGWGKDIFGHYGG,structural_wt_Cys_Gly
Anantin_p14GM,Anantin,EDNRB,14,G,M,GFIGWGKDIFGHYGG,structural_wt_Cys_Gly
Anantin_p14GN,Anantin,EDNRB,14,G,N,GFIGWGKDIFGHYGG,structural_wt_Cys_Gly
Anantin_p14GP,Anantin,EDNRB,14,G,P,GFIGWGKDIFGHYGG,structural_wt_Cys_Gly
Anantin_p14GQ,Anantin,EDNRB,14,G,Q,GFIGWGKDIFGHYGG,structural_wt_Cys_Gly
Anantin_p14GR,Anantin,EDNRB,14,G,R,GFIGWGKDIFGHYGG,structural_wt_Cys_Gly
Anantin_p14GS,Anantin,EDNRB,14,G,S,GFIGWGKDIFGHYGG,structural_wt_Cys_Gly
Anantin_p14GT,Anantin,EDNRB,14,G,T,GFIGWGKDIFGHYGG,structural_wt_Cys_Gly
Anantin_p14GV,Anantin,EDNRB,14,G,V,GFIGWGKDIFGHYGG,structural_wt_Cys_Gly
Anantin_p14GW,Anantin,EDNRB,14,G,W,GFIGWGKDIFGHYGG,structural_wt_Cys_Gly
Anantin_p14GY,Anantin,EDNRB,14,G,Y,GFIGWGKDIFGHYGG,structural_wt_Cys_Gly
Anantin_p15GA,Anantin,EDNRB,15,G,A,GFIGWGKDIFGHYGG,structural_wt_Cys_Gly
Anantin_p15GC,Anantin,EDNRB,15,G,C,GFIGWGKDIFGHYGG,structural_wt_Cys_Gly
Anantin_p15GD,Anantin,EDNRB,15,G,D,GFIGWGKDIFGHYGG,structural_wt_Cys_Gly
Anantin_p15GE,Anantin,EDNRB,15,G,E,GFIGWGKDIFGHYGG,structural_wt_Cys_Gly
Anantin_p15GF,Anantin,EDNRB,15,G,F,GFIGWGKDIFGHYGG,structural_wt_Cys_Gly
Anantin_p15GH,Anantin,EDNRB,15,G,H,GFIGWGKDIFGHYGG,structural_wt_Cys_Gly
Anantin_p15GI,Anantin,EDNRB,15,G,I,GFIGWGKDIFGHYGG,structural_wt_Cys_Gly
Anantin_p15GK,Anantin,EDNRB,15,G,K,GFIGWGKDIFGHYGG,structural_wt_Cys_Gly
Anantin_p15GL,Anantin,EDNRB,15,G,L,GFIGWGKDIFGHYGG,structural_wt_Cys_Gly
Anantin_p15GM,Anantin,EDNRB,15,G,M,GFIGWGKDIFGHYGG,structural_wt_Cys_Gly
Anantin_p15GN,Anantin,EDNRB,15,G,N,GFIGWGKDIFGHYGG,structural_wt_Cys_Gly
Anantin_p15GP,Anantin,EDNRB,15,G,P,GFIGWGKDIFGHYGG,structural_wt_Cys_Gly
Anantin_p15GQ,Anantin,EDNRB,15,G,Q,GFIGWGKDIFGHYGG,structural_wt_Cys_Gly
Anantin_p15GR,Anantin,EDNRB,15,G,R,GFIGWGKDIFGHYGG,structural_wt_Cys_Gly
Anantin_p15GS,Anantin,EDNRB,15,G,S,GFIGWGKDIFGHYGG,structural_wt_Cys_Gly
Anantin_p15GT,Anantin,EDNRB,15,G,T,GFIGWGKDIFGHYGG,structural_wt_Cys_Gly
Anantin_p15GV,Anantin,EDNRB,15,G,V,GFIGWGKDIFGHYGG,structural_wt_Cys_Gly
Anantin_p15GW,Anantin,EDNRB,15,G,W,GFIGWGKDIFGHYGG,structural_wt_Cys_Gly
Anantin_p15GY,Anantin,EDNRB,15,G,Y,GFIGWGKDIFGHYGG,structural_wt_Cys_Gly
RES-701-3_p1GA,RES-701-3,POLR2A,1,G,A,GNWHGTSPDWFFNYYW,structural_wt_Cys_Gly
RES-701-3_p1GC,RES-701-3,POLR2A,1,G,C,GNWHGTSPDWFFNYYW,structural_wt_Cys_Gly
RES-701-3_p1GD,RES-701-3,POLR2A,1,G,D,GNWHGTSPDWFFNYYW,structural_wt_Cys_Gly
RES-701-3_p1GE,RES-701-3,POLR2A,1,G,E,GNWHGTSPDWFFNYYW,structural_wt_Cys_Gly
RES-701-3_p1GF,RES-701-3,POLR2A,1,G,F,GNWHGTSPDWFFNYYW,structural_wt_Cys_Gly
RES-701-3_p1GH,RES-701-3,POLR2A,1,G,H,GNWHGTSPDWFFNYYW,structural_wt_Cys_Gly
RES-701-3_p1GI,RES-701-3,POLR2A,1,G,I,GNWHGTSPDWFFNYYW,structural_wt_Cys_Gly
RES-701-3_p1GK,RES-701-3,POLR2A,1,G,K,GNWHGTSPDWFFNYYW,structural_wt_Cys_Gly
RES-701-3_p1GL,RES-701-3,POLR2A,1,G,L,GNWHGTSPDWFFNYYW,structural_wt_Cys_Gly
RES-701-3_p1GM,RES-701-3,POLR2A,1,G,M,GNWHGTSPDWFFNYYW,structural_wt_Cys_Gly
RES-701-3_p1GN,RES-701-3,POLR2A,1,G,N,GNWHGTSPDWFFNYYW,structural_wt_Cys_Gly
RES-701-3_p1GP,RES-701-3,POLR2A,1,G,P,GNWHGTSPDWFFNYYW,structural_wt_Cys_Gly
RES-701-3_p1GQ,RES-701-3,POLR2A,1,G,Q,GNWHGTSPDWFFNYYW,structural_wt_Cys_Gly
RES-701-3_p1GR,RES-701-3,POLR2A,1,G,R,GNWHGTSPDWFFNYYW,structural_wt_Cys_Gly
RES-701-3_p1GS,RES-701-3,POLR2A,1,G,S,GNWHGTSPDWFFNYYW,structural_wt_Cys_Gly
RES-701-3_p1GT,RES-701-3,POLR2A,1,G,T,GNWHGTSPDWFFNYYW,structural_wt_Cys_Gly
RES-701-3_p1GV,RES-701-3,POLR2A,1,G,V,GNWHGTSPDWFFNYYW,structural_wt_Cys_Gly
RES-701-3_p1GW,RES-701-3,POLR2A,1,G,W,GNWHGTSPDWFFNYYW,structural_wt_Cys_Gly
RES-701-3_p1GY,RES-701-3,POLR2A,1,G,Y,GNWHGTSPDWFFNYYW,structural_wt_Cys_Gly
RES-701-3_p2NA,RES-701-3,POLR2A,2,N,A,GNWHGTSPDWFFNYYW,
RES-701-3_p2NC,RES-701-3,POLR2A,2,N,C,GNWHGTSPDWFFNYYW,
RES-701-3_p2ND,RES-701-3,POLR2A,2,N,D,GNWHGTSPDWFFNYYW,
RES-701-3_p2NE,RES-701-3,POLR2A,2,N,E,GNWHGTSPDWFFNYYW,
RES-701-3_p2NF,RES-701-3,POLR2A,2,N,F,GNWHGTSPDWFFNYYW,
RES-701-3_p2NG,RES-701-3,POLR2A,2,N,G,GNWHGTSPDWFFNYYW,
RES-701-3_p2NH,RES-701-3,POLR2A,2,N,H,GNWHGTSPDWFFNYYW,
RES-701-3_p2NI,RES-701-3,POLR2A,2,N,I,GNWHGTSPDWFFNYYW,
RES-701-3_p2NK,RES-701-3,POLR2A,2,N,K,GNWHGTSPDWFFNYYW,
RES-701-3_p2NL,RES-701-3,POLR2A,2,N,L,GNWHGTSPDWFFNYYW,
RES-701-3_p2NM,RES-701-3,POLR2A,2,N,M,GNWHGTSPDWFFNYYW,
RES-701-3_p2NP,RES-701-3,POLR2A,2,N,P,GNWHGTSPDWFFNYYW,
RES-701-3_p2NQ,RES-701-3,POLR2A,2,N,Q,GNWHGTSPDWFFNYYW,
RES-701-3_p2NR,RES-701-3,POLR2A,2,N,R,GNWHGTSPDWFFNYYW,
RES-701-3_p2NS,RES-701-3,POLR2A,2,N,S,GNWHGTSPDWFFNYYW,
RES-701-3_p2NT,RES-701-3,POLR2A,2,N,T,GNWHGTSPDWFFNYYW,
RES-701-3_p2NV,RES-701-3,POLR2A,2,N,V,GNWHGTSPDWFFNYYW,
RES-701-3_p2NW,RES-701-3,POLR2A,2,N,W,GNWHGTSPDWFFNYYW,
RES-701-3_p2NY,RES-701-3,POLR2A,2,N,Y,GNWHGTSPDWFFNYYW,
RES-701-3_p3WA,RES-701-3,POLR2A,3,W,A,GNWHGTSPDWFFNYYW,
RES-701-3_p3WC,RES-701-3,POLR2A,3,W,C,GNWHGTSPDWFFNYYW,
RES-701-3_p3WD,RES-701-3,POLR2A,3,W,D,GNWHGTSPDWFFNYYW,
RES-701-3_p3WE,RES-701-3,POLR2A,3,W,E,GNWHGTSPDWFFNYYW,
RES-701-3_p3WF,RES-701-3,POLR2A,3,W,F,GNWHGTSPDWFFNYYW,
RES-701-3_p3WG,RES-701-3,POLR2A,3,W,G,GNWHGTSPDWFFNYYW,
RES-701-3_p3WH,RES-701-3,POLR2A,3,W,H,GNWHGTSPDWFFNYYW,
RES-701-3_p3WI,RES-701-3,POLR2A,3,W,I,GNWHGTSPDWFFNYYW,
RES-701-3_p3WK,RES-701-3,POLR2A,3,W,K,GNWHGTSPDWFFNYYW,
RES-701-3_p3WL,RES-701-3,POLR2A,3,W,L,GNWHGTSPDWFFNYYW,
RES-701-3_p3WM,RES-701-3,POLR2A,3,W,M,GNWHGTSPDWFFNYYW,
RES-701-3_p3WN,RES-701-3,POLR2A,3,W,N,GNWHGTSPDWFFNYYW,
RES-701-3_p3WP,RES-701-3,POLR2A,3,W,P,GNWHGTSPDWFFNYYW,
RES-701-3_p3WQ,RES-701-3,POLR2A,3,W,Q,GNWHGTSPDWFFNYYW,
RES-701-3_p3WR,RES-701-3,POLR2A,3,W,R,GNWHGTSPDWFFNYYW,
RES-701-3_p3WS,RES-701-3,POLR2A,3,W,S,GNWHGTSPDWFFNYYW,
RES-701-3_p3WT,RES-701-3,POLR2A,3,W,T,GNWHGTSPDWFFNYYW,
RES-701-3_p3WV,RES-701-3,POLR2A,3,W,V,GNWHGTSPDWFFNYYW,
RES-701-3_p3WY,RES-701-3,POLR2A,3,W,Y,GNWHGTSPDWFFNYYW,
RES-701-3_p4HA,RES-701-3,POLR2A,4,H,A,GNWHGTSPDWFFNYYW,
RES-701-3_p4HC,RES-701-3,POLR2A,4,H,C,GNWHGTSPDWFFNYYW,
RES-701-3_p4HD,RES-701-3,POLR2A,4,H,D,GNWHGTSPDWFFNYYW,
RES-701-3_p4HE,RES-701-3,POLR2A,4,H,E,GNWHGTSPDWFFNYYW,
RES-701-3_p4HF,RES-701-3,POLR2A,4,H,F,GNWHGTSPDWFFNYYW,
RES-701-3_p4HG,RES-701-3,POLR2A,4,H,G,GNWHGTSPDWFFNYYW,
RES-701-3_p4HI,RES-701-3,POLR2A,4,H,I,GNWHGTSPDWFFNYYW,
RES-701-3_p4HK,RES-701-3,POLR2A,4,H,K,GNWHGTSPDWFFNYYW,
RES-701-3_p4HL,RES-701-3,POLR2A,4,H,L,GNWHGTSPDWFFNYYW,
RES-701-3_p4HM,RES-701-3,POLR2A,4,H,M,GNWHGTSPDWFFNYYW,
RES-701-3_p4HN,RES-701-3,POLR2A,4,H,N,GNWHGTSPDWFFNYYW,
RES-701-3_p4HP,RES-701-3,POLR2A,4,H,P,GNWHGTSPDWFFNYYW,
RES-701-3_p4HQ,RES-701-3,POLR2A,4,H,Q,GNWHGTSPDWFFNYYW,
RES-701-3_p4HR,RES-701-3,POLR2A,4,H,R,GNWHGTSPDWFFNYYW,
RES-701-3_p4HS,RES-701-3,POLR2A,4,H,S,GNWHGTSPDWFFNYYW,
RES-701-3_p4HT,RES-701-3,POLR2A,4,H,T,GNWHGTSPDWFFNYYW,
RES-701-3_p4HV,RES-701-3,POLR2A,4,H,V,GNWHGTSPDWFFNYYW,
RES-701-3_p4HW,RES-701-3,POLR2A,4,H,W,GNWHGTSPDWFFNYYW,
RES-701-3_p4HY,RES-701-3,POLR2A,4,H,Y,GNWHGTSPDWFFNYYW,
RES-701-3_p5GA,RES-701-3,POLR2A,5,G,A,GNWHGTSPDWFFNYYW,structural_wt_Cys_Gly
RES-701-3_p5GC,RES-701-3,POLR2A,5,G,C,GNWHGTSPDWFFNYYW,structural_wt_Cys_Gly
RES-701-3_p5GD,RES-701-3,POLR2A,5,G,D,GNWHGTSPDWFFNYYW,structural_wt_Cys_Gly
RES-701-3_p5GE,RES-701-3,POLR2A,5,G,E,GNWHGTSPDWFFNYYW,structural_wt_Cys_Gly
RES-701-3_p5GF,RES-701-3,POLR2A,5,G,F,GNWHGTSPDWFFNYYW,structural_wt_Cys_Gly
RES-701-3_p5GH,RES-701-3,POLR2A,5,G,H,GNWHGTSPDWFFNYYW,structural_wt_Cys_Gly
RES-701-3_p5GI,RES-701-3,POLR2A,5,G,I,GNWHGTSPDWFFNYYW,structural_wt_Cys_Gly
RES-701-3_p5GK,RES-701-3,POLR2A,5,G,K,GNWHGTSPDWFFNYYW,structural_wt_Cys_Gly
RES-701-3_p5GL,RES-701-3,POLR2A,5,G,L,GNWHGTSPDWFFNYYW,structural_wt_Cys_Gly
RES-701-3_p5GM,RES-701-3,POLR2A,5,G,M,GNWHGTSPDWFFNYYW,structural_wt_Cys_Gly
RES-701-3_p5GN,RES-701-3,POLR2A,5,G,N,GNWHGTSPDWFFNYYW,structural_wt_Cys_Gly
RES-701-3_p5GP,RES-701-3,POLR2A,5,G,P,GNWHGTSPDWFFNYYW,structural_wt_Cys_Gly
RES-701-3_p5GQ,RES-701-3,POLR2A,5,G,Q,GNWHGTSPDWFFNYYW,structural_wt_Cys_Gly
RES-701-3_p5GR,RES-701-3,POLR2A,5,G,R,GNWHGTSPDWFFNYYW,structural_wt_Cys_Gly
RES-701-3_p5GS,RES-701-3,POLR2A,5,G,S,GNWHGTSPDWFFNYYW,structural_wt_Cys_Gly
RES-701-3_p5GT,RES-701-3,POLR2A,5,G,T,GNWHGTSPDWFFNYYW,structural_wt_Cys_Gly
RES-701-3_p5GV,RES-701-3,POLR2A,5,G,V,GNWHGTSPDWFFNYYW,structural_wt_Cys_Gly
RES-701-3_p5GW,RES-701-3,POLR2A,5,G,W,GNWHGTSPDWFFNYYW,structural_wt_Cys_Gly
RES-701-3_p5GY,RES-701-3,POLR2A,5,G,Y,GNWHGTSPDWFFNYYW,structural_wt_Cys_Gly
RES-701-3_p6TA,RES-701-3,POLR2A,6,T,A,GNWHGTSPDWFFNYYW,
RES-701-3_p6TC,RES-701-3,POLR2A,6,T,C,GNWHGTSPDWFFNYYW,
RES-701-3_p6TD,RES-701-3,POLR2A,6,T,D,GNWHGTSPDWFFNYYW,
RES-701-3_p6TE,RES-701-3,POLR2A,6,T,E,GNWHGTSPDWFFNYYW,
RES-701-3_p6TF,RES-701-3,POLR2A,6,T,F,GNWHGTSPDWFFNYYW,
RES-701-3_p6TG,RES-701-3,POLR2A,6,T,G,GNWHGTSPDWFFNYYW,
RES-701-3_p6TH,RES-701-3,POLR2A,6,T,H,GNWHGTSPDWFFNYYW,
RES-701-3_p6TI,RES-701-3,POLR2A,6,T,I,GNWHGTSPDWFFNYYW,
RES-701-3_p6TK,RES-701-3,POLR2A,6,T,K,GNWHGTSPDWFFNYYW,
RES-701-3_p6TL,RES-701-3,POLR2A,6,T,L,GNWHGTSPDWFFNYYW,
RES-701-3_p6TM,RES-701-3,POLR2A,6,T,M,GNWHGTSPDWFFNYYW,
RES-701-3_p6TN,RES-701-3,POLR2A,6,T,N,GNWHGTSPDWFFNYYW,
RES-701-3_p6TP,RES-701-3,POLR2A,6,T,P,GNWHGTSPDWFFNYYW,
RES-701-3_p6TQ,RES-701-3,POLR2A,6,T,Q,GNWHGTSPDWFFNYYW,
RES-701-3_p6TR,RES-701-3,POLR2A,6,T,R,GNWHGTSPDWFFNYYW,
RES-701-3_p6TS,RES-701-3,POLR2A,6,T,S,GNWHGTSPDWFFNYYW,
RES-701-3_p6TV,RES-701-3,POLR2A,6,T,V,GNWHGTSPDWFFNYYW,
RES-701-3_p6TW,RES-701-3,POLR2A,6,T,W,GNWHGTSPDWFFNYYW,
RES-701-3_p6TY,RES-701-3,POLR2A,6,T,Y,GNWHGTSPDWFFNYYW,
RES-701-3_p7SA,RES-701-3,POLR2A,7,S,A,GNWHGTSPDWFFNYYW,
RES-701-3_p7SC,RES-701-3,POLR2A,7,S,C,GNWHGTSPDWFFNYYW,
RES-701-3_p7SD,RES-701-3,POLR2A,7,S,D,GNWHGTSPDWFFNYYW,
RES-701-3_p7SE,RES-701-3,POLR2A,7,S,E,GNWHGTSPDWFFNYYW,
RES-701-3_p7SF,RES-701-3,POLR2A,7,S,F,GNWHGTSPDWFFNYYW,
RES-701-3_p7SG,RES-701-3,POLR2A,7,S,G,GNWHGTSPDWFFNYYW,
RES-701-3_p7SH,RES-701-3,POLR2A,7,S,H,GNWHGTSPDWFFNYYW,
RES-701-3_p7SI,RES-701-3,POLR2A,7,S,I,GNWHGTSPDWFFNYYW,
RES-701-3_p7SK,RES-701-3,POLR2A,7,S,K,GNWHGTSPDWFFNYYW,
RES-701-3_p7SL,RES-701-3,POLR2A,7,S,L,GNWHGTSPDWFFNYYW,
RES-701-3_p7SM,RES-701-3,POLR2A,7,S,M,GNWHGTSPDWFFNYYW,
RES-701-3_p7SN,RES-701-3,POLR2A,7,S,N,GNWHGTSPDWFFNYYW,
RES-701-3_p7SP,RES-701-3,POLR2A,7,S,P,GNWHGTSPDWFFNYYW,
RES-701-3_p7SQ,RES-701-3,POLR2A,7,S,Q,GNWHGTSPDWFFNYYW,
RES-701-3_p7SR,RES-701-3,POLR2A,7,S,R,GNWHGTSPDWFFNYYW,
RES-701-3_p7ST,RES-701-3,POLR2A,7,S,T,GNWHGTSPDWFFNYYW,
RES-701-3_p7SV,RES-701-3,POLR2A,7,S,V,GNWHGTSPDWFFNYYW,
RES-701-3_p7SW,RES-701-3,POLR2A,7,S,W,GNWHGTSPDWFFNYYW,
RES-701-3_p7SY,RES-701-3,POLR2A,7,S,Y,GNWHGTSPDWFFNYYW,
RES-701-3_p8PA,RES-701-3,POLR2A,8,P,A,GNWHGTSPDWFFNYYW,
RES-701-3_p8PC,RES-701-3,POLR2A,8,P,C,GNWHGTSPDWFFNYYW,
RES-701-3_p8PD,RES-701-3,POLR2A,8,P,D,GNWHGTSPDWFFNYYW,
RES-701-3_p8PE,RES-701-3,POLR2A,8,P,E,GNWHGTSPDWFFNYYW,
RES-701-3_p8PF,RES-701-3,POLR2A,8,P,F,GNWHGTSPDWFFNYYW,
RES-701-3_p8PG,RES-701-3,POLR2A,8,P,G,GNWHGTSPDWFFNYYW,may_break_turn
RES-701-3_p8PH,RES-701-3,POLR2A,8,P,H,GNWHGTSPDWFFNYYW,
RES-701-3_p8PI,RES-701-3,POLR2A,8,P,I,GNWHGTSPDWFFNYYW,
RES-701-3_p8PK,RES-701-3,POLR2A,8,P,K,GNWHGTSPDWFFNYYW,
RES-701-3_p8PL,RES-701-3,POLR2A,8,P,L,GNWHGTSPDWFFNYYW,
RES-701-3_p8PM,RES-701-3,POLR2A,8,P,M,GNWHGTSPDWFFNYYW,
RES-701-3_p8PN,RES-701-3,POLR2A,8,P,N,GNWHGTSPDWFFNYYW,
RES-701-3_p8PQ,RES-701-3,POLR2A,8,P,Q,GNWHGTSPDWFFNYYW,
RES-701-3_p8PR,RES-701-3,POLR2A,8,P,R,GNWHGTSPDWFFNYYW,
RES-701-3_p8PS,RES-701-3,POLR2A,8,P,S,GNWHGTSPDWFFNYYW,
RES-701-3_p8PT,RES-701-3,POLR2A,8,P,T,GNWHGTSPDWFFNYYW,
RES-701-3_p8PV,RES-701-3,POLR2A,8,P,V,GNWHGTSPDWFFNYYW,
RES-701-3_p8PW,RES-701-3,POLR2A,8,P,W,GNWHGTSPDWFFNYYW,
RES-701-3_p8PY,RES-701-3,POLR2A,8,P,Y,GNWHGTSPDWFFNYYW,
RES-701-3_p9DA,RES-701-3,POLR2A,9,D,A,GNWHGTSPDWFFNYYW,
RES-701-3_p9DC,RES-701-3,POLR2A,9,D,C,GNWHGTSPDWFFNYYW,
RES-701-3_p9DE,RES-701-3,POLR2A,9,D,E,GNWHGTSPDWFFNYYW,
RES-701-3_p9DF,RES-701-3,POLR2A,9,D,F,GNWHGTSPDWFFNYYW,
RES-701-3_p9DG,RES-701-3,POLR2A,9,D,G,GNWHGTSPDWFFNYYW,
RES-701-3_p9DH,RES-701-3,POLR2A,9,D,H,GNWHGTSPDWFFNYYW,
RES-701-3_p9DI,RES-701-3,POLR2A,9,D,I,GNWHGTSPDWFFNYYW,
RES-701-3_p9DK,RES-701-3,POLR2A,9,D,K,GNWHGTSPDWFFNYYW,
RES-701-3_p9DL,RES-701-3,POLR2A,9,D,L,GNWHGTSPDWFFNYYW,
RES-701-3_p9DM,RES-701-3,POLR2A,9,D,M,GNWHGTSPDWFFNYYW,
RES-701-3_p9DN,RES-701-3,POLR2A,9,D,N,GNWHGTSPDWFFNYYW,
RES-701-3_p9DP,RES-701-3,POLR2A,9,D,P,GNWHGTSPDWFFNYYW,
RES-701-3_p9DQ,RES-701-3,POLR2A,9,D,Q,GNWHGTSPDWFFNYYW,
RES-701-3_p9DR,RES-701-3,POLR2A,9,D,R,GNWHGTSPDWFFNYYW,
RES-701-3_p9DS,RES-701-3,POLR2A,9,D,S,GNWHGTSPDWFFNYYW,
RES-701-3_p9DT,RES-701-3,POLR2A,9,D,T,GNWHGTSPDWFFNYYW,
RES-701-3_p9DV,RES-701-3,POLR2A,9,D,V,GNWHGTSPDWFFNYYW,
RES-701-3_p9DW,RES-701-3,POLR2A,9,D,W,GNWHGTSPDWFFNYYW,
RES-701-3_p9DY,RES-701-3,POLR2A,9,D,Y,GNWHGTSPDWFFNYYW,
RES-701-3_p10WA,RES-701-3,POLR2A,10,W,A,GNWHGTSPDWFFNYYW,
RES-701-3_p10WC,RES-701-3,POLR2A,10,W,C,GNWHGTSPDWFFNYYW,
RES-701-3_p10WD,RES-701-3,POLR2A,10,W,D,GNWHGTSPDWFFNYYW,
RES-701-3_p10WE,RES-701-3,POLR2A,10,W,E,GNWHGTSPDWFFNYYW,
RES-701-3_p10WF,RES-701-3,POLR2A,10,W,F,GNWHGTSPDWFFNYYW,
RES-701-3_p10WG,RES-701-3,POLR2A,10,W,G,GNWHGTSPDWFFNYYW,
RES-701-3_p10WH,RES-701-3,POLR2A,10,W,H,GNWHGTSPDWFFNYYW,
RES-701-3_p10WI,RES-701-3,POLR2A,10,W,I,GNWHGTSPDWFFNYYW,
RES-701-3_p10WK,RES-701-3,POLR2A,10,W,K,GNWHGTSPDWFFNYYW,
RES-701-3_p10WL,RES-701-3,POLR2A,10,W,L,GNWHGTSPDWFFNYYW,
RES-701-3_p10WM,RES-701-3,POLR2A,10,W,M,GNWHGTSPDWFFNYYW,
RES-701-3_p10WN,RES-701-3,POLR2A,10,W,N,GNWHGTSPDWFFNYYW,
RES-701-3_p10WP,RES-701-3,POLR2A,10,W,P,GNWHGTSPDWFFNYYW,
RES-701-3_p10WQ,RES-701-3,POLR2A,10,W,Q,GNWHGTSPDWFFNYYW,
RES-701-3_p10WR,RES-701-3,POLR2A,10,W,R,GNWHGTSPDWFFNYYW,
RES-701-3_p10WS,RES-701-3,POLR2A,10,W,S,GNWHGTSPDWFFNYYW,
RES-701-3_p10WT,RES-701-3,POLR2A,10,W,T,GNWHGTSPDWFFNYYW,
RES-701-3_p10WV,RES-701-3,POLR2A,10,W,V,GNWHGTSPDWFFNYYW,
RES-701-3_p10WY,RES-701-3,POLR2A,10,W,Y,GNWHGTSPDWFFNYYW,
RES-701-3_p11FA,RES-701-3,POLR2A,11,F,A,GNWHGTSPDWFFNYYW,
RES-701-3_p11FC,RES-701-3,POLR2A,11,F,C,GNWHGTSPDWFFNYYW,
RES-701-3_p11FD,RES-701-3,POLR2A,11,F,D,GNWHGTSPDWFFNYYW,
RES-701-3_p11FE,RES-701-3,POLR2A,11,F,E,GNWHGTSPDWFFNYYW,
RES-701-3_p11FG,RES-701-3,POLR2A,11,F,G,GNWHGTSPDWFFNYYW,
RES-701-3_p11FH,RES-701-3,POLR2A,11,F,H,GNWHGTSPDWFFNYYW,
RES-701-3_p11FI,RES-701-3,POLR2A,11,F,I,GNWHGTSPDWFFNYYW,
RES-701-3_p11FK,RES-701-3,POLR2A,11,F,K,GNWHGTSPDWFFNYYW,
RES-701-3_p11FL,RES-701-3,POLR2A,11,F,L,GNWHGTSPDWFFNYYW,
RES-701-3_p11FM,RES-701-3,POLR2A,11,F,M,GNWHGTSPDWFFNYYW,
RES-701-3_p11FN,RES-701-3,POLR2A,11,F,N,GNWHGTSPDWFFNYYW,
RES-701-3_p11FP,RES-701-3,POLR2A,11,F,P,GNWHGTSPDWFFNYYW,
RES-701-3_p11FQ,RES-701-3,POLR2A,11,F,Q,GNWHGTSPDWFFNYYW,
RES-701-3_p11FR,RES-701-3,POLR2A,11,F,R,GNWHGTSPDWFFNYYW,
RES-701-3_p11FS,RES-701-3,POLR2A,11,F,S,GNWHGTSPDWFFNYYW,
RES-701-3_p11FT,RES-701-3,POLR2A,11,F,T,GNWHGTSPDWFFNYYW,
RES-701-3_p11FV,RES-701-3,POLR2A,11,F,V,GNWHGTSPDWFFNYYW,
RES-701-3_p11FW,RES-701-3,POLR2A,11,F,W,GNWHGTSPDWFFNYYW,
RES-701-3_p11FY,RES-701-3,POLR2A,11,F,Y,GNWHGTSPDWFFNYYW,
RES-701-3_p12FA,RES-701-3,POLR2A,12,F,A,GNWHGTSPDWFFNYYW,
RES-701-3_p12FC,RES-701-3,POLR2A,12,F,C,GNWHGTSPDWFFNYYW,
RES-701-3_p12FD,RES-701-3,POLR2A,12,F,D,GNWHGTSPDWFFNYYW,
RES-701-3_p12FE,RES-701-3,POLR2A,12,F,E,GNWHGTSPDWFFNYYW,
RES-701-3_p12FG,RES-701-3,POLR2A,12,F,G,GNWHGTSPDWFFNYYW,
RES-701-3_p12FH,RES-701-3,POLR2A,12,F,H,GNWHGTSPDWFFNYYW,
RES-701-3_p12FI,RES-701-3,POLR2A,12,F,I,GNWHGTSPDWFFNYYW,
RES-701-3_p12FK,RES-701-3,POLR2A,12,F,K,GNWHGTSPDWFFNYYW,
RES-701-3_p12FL,RES-701-3,POLR2A,12,F,L,GNWHGTSPDWFFNYYW,
RES-701-3_p12FM,RES-701-3,POLR2A,12,F,M,GNWHGTSPDWFFNYYW,
RES-701-3_p12FN,RES-701-3,POLR2A,12,F,N,GNWHGTSPDWFFNYYW,
RES-701-3_p12FP,RES-701-3,POLR2A,12,F,P,GNWHGTSPDWFFNYYW,
RES-701-3_p12FQ,RES-701-3,POLR2A,12,F,Q,GNWHGTSPDWFFNYYW,
RES-701-3_p12FR,RES-701-3,POLR2A,12,F,R,GNWHGTSPDWFFNYYW,
RES-701-3_p12FS,RES-701-3,POLR2A,12,F,S,GNWHGTSPDWFFNYYW,
RES-701-3_p12FT,RES-701-3,POLR2A,12,F,T,GNWHGTSPDWFFNYYW,
RES-701-3_p12FV,RES-701-3,POLR2A,12,F,V,GNWHGTSPDWFFNYYW,
RES-701-3_p12FW,RES-701-3,POLR2A,12,F,W,GNWHGTSPDWFFNYYW,
RES-701-3_p12FY,RES-701-3,POLR2A,12,F,Y,GNWHGTSPDWFFNYYW,
RES-701-3_p13NA,RES-701-3,POLR2A,13,N,A,GNWHGTSPDWFFNYYW,
RES-701-3_p13NC,RES-701-3,POLR2A,13,N,C,GNWHGTSPDWFFNYYW,
RES-701-3_p13ND,RES-701-3,POLR2A,13,N,D,GNWHGTSPDWFFNYYW,
RES-701-3_p13NE,RES-701-3,POLR2A,13,N,E,GNWHGTSPDWFFNYYW,
RES-701-3_p13NF,RES-701-3,POLR2A,13,N,F,GNWHGTSPDWFFNYYW,
RES-701-3_p13NG,RES-701-3,POLR2A,13,N,G,GNWHGTSPDWFFNYYW,
RES-701-3_p13NH,RES-701-3,POLR2A,13,N,H,GNWHGTSPDWFFNYYW,
RES-701-3_p13NI,RES-701-3,POLR2A,13,N,I,GNWHGTSPDWFFNYYW,
RES-701-3_p13NK,RES-701-3,POLR2A,13,N,K,GNWHGTSPDWFFNYYW,
RES-701-3_p13NL,RES-701-3,POLR2A,13,N,L,GNWHGTSPDWFFNYYW,
RES-701-3_p13NM,RES-701-3,POLR2A,13,N,M,GNWHGTSPDWFFNYYW,
RES-701-3_p13NP,RES-701-3,POLR2A,13,N,P,GNWHGTSPDWFFNYYW,
RES-701-3_p13NQ,RES-701-3,POLR2A,13,N,Q,GNWHGTSPDWFFNYYW,
RES-701-3_p13NR,RES-701-3,POLR2A,13,N,R,GNWHGTSPDWFFNYYW,
RES-701-3_p13NS,RES-701-3,POLR2A,13,N,S,GNWHGTSPDWFFNYYW,
RES-701-3_p13NT,RES-701-3,POLR2A,13,N,T,GNWHGTSPDWFFNYYW,
RES-701-3_p13NV,RES-701-3,POLR2A,13,N,V,GNWHGTSPDWFFNYYW,
RES-701-3_p13NW,RES-701-3,POLR2A,13,N,W,GNWHGTSPDWFFNYYW,
RES-701-3_p13NY,RES-701-3,POLR2A,13,N,Y,GNWHGTSPDWFFNYYW,
RES-701-3_p14YA,RES-701-3,POLR2A,14,Y,A,GNWHGTSPDWFFNYYW,
RES-701-3_p14YC,RES-701-3,POLR2A,14,Y,C,GNWHGTSPDWFFNYYW,
RES-701-3_p14YD,RES-701-3,POLR2A,14,Y,D,GNWHGTSPDWFFNYYW,
RES-701-3_p14YE,RES-701-3,POLR2A,14,Y,E,GNWHGTSPDWFFNYYW,
RES-701-3_p14YF,RES-701-3,POLR2A,14,Y,F,GNWHGTSPDWFFNYYW,
RES-701-3_p14YG,RES-701-3,POLR2A,14,Y,G,GNWHGTSPDWFFNYYW,
RES-701-3_p14YH,RES-701-3,POLR2A,14,Y,H,GNWHGTSPDWFFNYYW,
RES-701-3_p14YI,RES-701-3,POLR2A,14,Y,I,GNWHGTSPDWFFNYYW,
RES-701-3_p14YK,RES-701-3,POLR2A,14,Y,K,GNWHGTSPDWFFNYYW,
RES-701-3_p14YL,RES-701-3,POLR2A,14,Y,L,GNWHGTSPDWFFNYYW,
RES-701-3_p14YM,RES-701-3,POLR2A,14,Y,M,GNWHGTSPDWFFNYYW,
RES-701-3_p14YN,RES-701-3,POLR2A,14,Y,N,GNWHGTSPDWFFNYYW,
RES-701-3_p14YP,RES-701-3,POLR2A,14,Y,P,GNWHGTSPDWFFNYYW,
RES-701-3_p14YQ,RES-701-3,POLR2A,14,Y,Q,GNWHGTSPDWFFNYYW,
RES-701-3_p14YR,RES-701-3,POLR2A,14,Y,R,GNWHGTSPDWFFNYYW,
RES-701-3_p14YS,RES-701-3,POLR2A,14,Y,S,GNWHGTSPDWFFNYYW,
RES-701-3_p14YT,RES-701-3,POLR2A,14,Y,T,GNWHGTSPDWFFNYYW,
RES-701-3_p14YV,RES-701-3,POLR2A,14,Y,V,GNWHGTSPDWFFNYYW,
RES-701-3_p14YW,RES-701-3,POLR2A,14,Y,W,GNWHGTSPDWFFNYYW,
RES-701-3_p15YA,RES-701-3,POLR2A,15,Y,A,GNWHGTSPDWFFNYYW,
RES-701-3_p15YC,RES-701-3,POLR2A,15,Y,C,GNWHGTSPDWFFNYYW,
RES-701-3_p15YD,RES-701-3,POLR2A,15,Y,D,GNWHGTSPDWFFNYYW,
RES-701-3_p15YE,RES-701-3,POLR2A,15,Y,E,GNWHGTSPDWFFNYYW,
RES-701-3_p15YF,RES-701-3,POLR2A,15,Y,F,GNWHGTSPDWFFNYYW,
RES-701-3_p15YG,RES-701-3,POLR2A,15,Y,G,GNWHGTSPDWFFNYYW,
RES-701-3_p15YH,RES-701-3,POLR2A,15,Y,H,GNWHGTSPDWFFNYYW,
RES-701-3_p15YI,RES-701-3,POLR2A,15,Y,I,GNWHGTSPDWFFNYYW,
RES-701-3_p15YK,RES-701-3,POLR2A,15,Y,K,GNWHGTSPDWFFNYYW,
RES-701-3_p15YL,RES-701-3,POLR2A,15,Y,L,GNWHGTSPDWFFNYYW,
RES-701-3_p15YM,RES-701-3,POLR2A,15,Y,M,GNWHGTSPDWFFNYYW,
RES-701-3_p15YN,RES-701-3,POLR2A,15,Y,N,GNWHGTSPDWFFNYYW,
RES-701-3_p15YP,RES-701-3,POLR2A,15,Y,P,GNWHGTSPDWFFNYYW,
RES-701-3_p15YQ,RES-701-3,POLR2A,15,Y,Q,GNWHGTSPDWFFNYYW,
RES-701-3_p15YR,RES-701-3,POLR2A,15,Y,R,GNWHGTSPDWFFNYYW,
RES-701-3_p15YS,RES-701-3,POLR2A,15,Y,S,GNWHGTSPDWFFNYYW,
RES-701-3_p15YT,RES-701-3,POLR2A,15,Y,T,GNWHGTSPDWFFNYYW,
RES-701-3_p15YV,RES-701-3,POLR2A,15,Y,V,GNWHGTSPDWFFNYYW,
RES-701-3_p15YW,RES-701-3,POLR2A,15,Y,W,GNWHGTSPDWFFNYYW,
RES-701-3_p16WA,RES-701-3,POLR2A,16,W,A,GNWHGTSPDWFFNYYW,
RES-701-3_p16WC,RES-701-3,POLR2A,16,W,C,GNWHGTSPDWFFNYYW,
RES-701-3_p16WD,RES-701-3,POLR2A,16,W,D,GNWHGTSPDWFFNYYW,
RES-701-3_p16WE,RES-701-3,POLR2A,16,W,E,GNWHGTSPDWFFNYYW,
RES-701-3_p16WF,RES-701-3,POLR2A,16,W,F,GNWHGTSPDWFFNYYW,
RES-701-3_p16WG,RES-701-3,POLR2A,16,W,G,GNWHGTSPDWFFNYYW,
RES-701-3_p16WH,RES-701-3,POLR2A,16,W,H,GNWHGTSPDWFFNYYW,
RES-701-3_p16WI,RES-701-3,POLR2A,16,W,I,GNWHGTSPDWFFNYYW,
RES-701-3_p16WK,RES-701-3,POLR2A,16,W,K,GNWHGTSPDWFFNYYW,
RES-701-3_p16WL,RES-701-3,POLR2A,16,W,L,GNWHGTSPDWFFNYYW,
RES-701-3_p16WM,RES-701-3,POLR2A,16,W,M,GNWHGTSPDWFFNYYW,
RES-701-3_p16WN,RES-701-3,POLR2A,16,W,N,GNWHGTSPDWFFNYYW,
RES-701-3_p16WP,RES-701-3,POLR2A,16,W,P,GNWHGTSPDWFFNYYW,
RES-701-3_p16WQ,RES-701-3,POLR2A,16,W,Q,GNWHGTSPDWFFNYYW,
RES-701-3_p16WR,RES-701-3,POLR2A,16,W,R,GNWHGTSPDWFFNYYW,
RES-701-3_p16WS,RES-701-3,POLR2A,16,W,S,GNWHGTSPDWFFNYYW,
RES-701-3_p16WT,RES-701-3,POLR2A,16,W,T,GNWHGTSPDWFFNYYW,
RES-701-3_p16WV,RES-701-3,POLR2A,16,W,V,GNWHGTSPDWFFNYYW,
RES-701-3_p16WY,RES-701-3,POLR2A,16,W,Y,GNWHGTSPDWFFNYYW,
RES-701-1_p1GA,RES-701-1,EDNRB,1,G,A,GNWHGTAPDWFFNYYW,structural_wt_Cys_Gly
RES-701-1_p1GC,RES-701-1,EDNRB,1,G,C,GNWHGTAPDWFFNYYW,structural_wt_Cys_Gly
RES-701-1_p1GD,RES-701-1,EDNRB,1,G,D,GNWHGTAPDWFFNYYW,structural_wt_Cys_Gly
RES-701-1_p1GE,RES-701-1,EDNRB,1,G,E,GNWHGTAPDWFFNYYW,structural_wt_Cys_Gly
RES-701-1_p1GF,RES-701-1,EDNRB,1,G,F,GNWHGTAPDWFFNYYW,structural_wt_Cys_Gly
RES-701-1_p1GH,RES-701-1,EDNRB,1,G,H,GNWHGTAPDWFFNYYW,structural_wt_Cys_Gly
RES-701-1_p1GI,RES-701-1,EDNRB,1,G,I,GNWHGTAPDWFFNYYW,structural_wt_Cys_Gly
RES-701-1_p1GK,RES-701-1,EDNRB,1,G,K,GNWHGTAPDWFFNYYW,structural_wt_Cys_Gly
RES-701-1_p1GL,RES-701-1,EDNRB,1,G,L,GNWHGTAPDWFFNYYW,structural_wt_Cys_Gly
RES-701-1_p1GM,RES-701-1,EDNRB,1,G,M,GNWHGTAPDWFFNYYW,structural_wt_Cys_Gly
RES-701-1_p1GN,RES-701-1,EDNRB,1,G,N,GNWHGTAPDWFFNYYW,structural_wt_Cys_Gly
RES-701-1_p1GP,RES-701-1,EDNRB,1,G,P,GNWHGTAPDWFFNYYW,structural_wt_Cys_Gly
RES-701-1_p1GQ,RES-701-1,EDNRB,1,G,Q,GNWHGTAPDWFFNYYW,structural_wt_Cys_Gly
RES-701-1_p1GR,RES-701-1,EDNRB,1,G,R,GNWHGTAPDWFFNYYW,structural_wt_Cys_Gly
RES-701-1_p1GS,RES-701-1,EDNRB,1,G,S,GNWHGTAPDWFFNYYW,structural_wt_Cys_Gly
RES-701-1_p1GT,RES-701-1,EDNRB,1,G,T,GNWHGTAPDWFFNYYW,structural_wt_Cys_Gly
RES-701-1_p1GV,RES-701-1,EDNRB,1,G,V,GNWHGTAPDWFFNYYW,structural_wt_Cys_Gly
RES-701-1_p1GW,RES-701-1,EDNRB,1,G,W,GNWHGTAPDWFFNYYW,structural_wt_Cys_Gly
RES-701-1_p1GY,RES-701-1,EDNRB,1,G,Y,GNWHGTAPDWFFNYYW,structural_wt_Cys_Gly
RES-701-1_p2NA,RES-701-1,EDNRB,2,N,A,GNWHGTAPDWFFNYYW,
RES-701-1_p2NC,RES-701-1,EDNRB,2,N,C,GNWHGTAPDWFFNYYW,
RES-701-1_p2ND,RES-701-1,EDNRB,2,N,D,GNWHGTAPDWFFNYYW,
RES-701-1_p2NE,RES-701-1,EDNRB,2,N,E,GNWHGTAPDWFFNYYW,
RES-701-1_p2NF,RES-701-1,EDNRB,2,N,F,GNWHGTAPDWFFNYYW,
RES-701-1_p2NG,RES-701-1,EDNRB,2,N,G,GNWHGTAPDWFFNYYW,
RES-701-1_p2NH,RES-701-1,EDNRB,2,N,H,GNWHGTAPDWFFNYYW,
RES-701-1_p2NI,RES-701-1,EDNRB,2,N,I,GNWHGTAPDWFFNYYW,
RES-701-1_p2NK,RES-701-1,EDNRB,2,N,K,GNWHGTAPDWFFNYYW,
RES-701-1_p2NL,RES-701-1,EDNRB,2,N,L,GNWHGTAPDWFFNYYW,
RES-701-1_p2NM,RES-701-1,EDNRB,2,N,M,GNWHGTAPDWFFNYYW,
RES-701-1_p2NP,RES-701-1,EDNRB,2,N,P,GNWHGTAPDWFFNYYW,
RES-701-1_p2NQ,RES-701-1,EDNRB,2,N,Q,GNWHGTAPDWFFNYYW,
RES-701-1_p2NR,RES-701-1,EDNRB,2,N,R,GNWHGTAPDWFFNYYW,
RES-701-1_p2NS,RES-701-1,EDNRB,2,N,S,GNWHGTAPDWFFNYYW,
RES-701-1_p2NT,RES-701-1,EDNRB,2,N,T,GNWHGTAPDWFFNYYW,
RES-701-1_p2NV,RES-701-1,EDNRB,2,N,V,GNWHGTAPDWFFNYYW,
RES-701-1_p2NW,RES-701-1,EDNRB,2,N,W,GNWHGTAPDWFFNYYW,
RES-701-1_p2NY,RES-701-1,EDNRB,2,N,Y,GNWHGTAPDWFFNYYW,
RES-701-1_p3WA,RES-701-1,EDNRB,3,W,A,GNWHGTAPDWFFNYYW,
RES-701-1_p3WC,RES-701-1,EDNRB,3,W,C,GNWHGTAPDWFFNYYW,
RES-701-1_p3WD,RES-701-1,EDNRB,3,W,D,GNWHGTAPDWFFNYYW,
RES-701-1_p3WE,RES-701-1,EDNRB,3,W,E,GNWHGTAPDWFFNYYW,
RES-701-1_p3WF,RES-701-1,EDNRB,3,W,F,GNWHGTAPDWFFNYYW,
RES-701-1_p3WG,RES-701-1,EDNRB,3,W,G,GNWHGTAPDWFFNYYW,
RES-701-1_p3WH,RES-701-1,EDNRB,3,W,H,GNWHGTAPDWFFNYYW,
RES-701-1_p3WI,RES-701-1,EDNRB,3,W,I,GNWHGTAPDWFFNYYW,
RES-701-1_p3WK,RES-701-1,EDNRB,3,W,K,GNWHGTAPDWFFNYYW,
RES-701-1_p3WL,RES-701-1,EDNRB,3,W,L,GNWHGTAPDWFFNYYW,
RES-701-1_p3WM,RES-701-1,EDNRB,3,W,M,GNWHGTAPDWFFNYYW,
RES-701-1_p3WN,RES-701-1,EDNRB,3,W,N,GNWHGTAPDWFFNYYW,
RES-701-1_p3WP,RES-701-1,EDNRB,3,W,P,GNWHGTAPDWFFNYYW,
RES-701-1_p3WQ,RES-701-1,EDNRB,3,W,Q,GNWHGTAPDWFFNYYW,
RES-701-1_p3WR,RES-701-1,EDNRB,3,W,R,GNWHGTAPDWFFNYYW,
RES-701-1_p3WS,RES-701-1,EDNRB,3,W,S,GNWHGTAPDWFFNYYW,
RES-701-1_p3WT,RES-701-1,EDNRB,3,W,T,GNWHGTAPDWFFNYYW,
RES-701-1_p3WV,RES-701-1,EDNRB,3,W,V,GNWHGTAPDWFFNYYW,
RES-701-1_p3WY,RES-701-1,EDNRB,3,W,Y,GNWHGTAPDWFFNYYW,
RES-701-1_p4HA,RES-701-1,EDNRB,4,H,A,GNWHGTAPDWFFNYYW,
RES-701-1_p4HC,RES-701-1,EDNRB,4,H,C,GNWHGTAPDWFFNYYW,
RES-701-1_p4HD,RES-701-1,EDNRB,4,H,D,GNWHGTAPDWFFNYYW,
RES-701-1_p4HE,RES-701-1,EDNRB,4,H,E,GNWHGTAPDWFFNYYW,
RES-701-1_p4HF,RES-701-1,EDNRB,4,H,F,GNWHGTAPDWFFNYYW,
RES-701-1_p4HG,RES-701-1,EDNRB,4,H,G,GNWHGTAPDWFFNYYW,
RES-701-1_p4HI,RES-701-1,EDNRB,4,H,I,GNWHGTAPDWFFNYYW,
RES-701-1_p4HK,RES-701-1,EDNRB,4,H,K,GNWHGTAPDWFFNYYW,
RES-701-1_p4HL,RES-701-1,EDNRB,4,H,L,GNWHGTAPDWFFNYYW,
RES-701-1_p4HM,RES-701-1,EDNRB,4,H,M,GNWHGTAPDWFFNYYW,
RES-701-1_p4HN,RES-701-1,EDNRB,4,H,N,GNWHGTAPDWFFNYYW,
RES-701-1_p4HP,RES-701-1,EDNRB,4,H,P,GNWHGTAPDWFFNYYW,
RES-701-1_p4HQ,RES-701-1,EDNRB,4,H,Q,GNWHGTAPDWFFNYYW,
RES-701-1_p4HR,RES-701-1,EDNRB,4,H,R,GNWHGTAPDWFFNYYW,
RES-701-1_p4HS,RES-701-1,EDNRB,4,H,S,GNWHGTAPDWFFNYYW,
RES-701-1_p4HT,RES-701-1,EDNRB,4,H,T,GNWHGTAPDWFFNYYW,
RES-701-1_p4HV,RES-701-1,EDNRB,4,H,V,GNWHGTAPDWFFNYYW,
RES-701-1_p4HW,RES-701-1,EDNRB,4,H,W,GNWHGTAPDWFFNYYW,
RES-701-1_p4HY,RES-701-1,EDNRB,4,H,Y,GNWHGTAPDWFFNYYW,
RES-701-1_p5GA,RES-701-1,EDNRB,5,G,A,GNWHGTAPDWFFNYYW,structural_wt_Cys_Gly
RES-701-1_p5GC,RES-701-1,EDNRB,5,G,C,GNWHGTAPDWFFNYYW,structural_wt_Cys_Gly
RES-701-1_p5GD,RES-701-1,EDNRB,5,G,D,GNWHGTAPDWFFNYYW,structural_wt_Cys_Gly
RES-701-1_p5GE,RES-701-1,EDNRB,5,G,E,GNWHGTAPDWFFNYYW,structural_wt_Cys_Gly
RES-701-1_p5GF,RES-701-1,EDNRB,5,G,F,GNWHGTAPDWFFNYYW,structural_wt_Cys_Gly
RES-701-1_p5GH,RES-701-1,EDNRB,5,G,H,GNWHGTAPDWFFNYYW,structural_wt_Cys_Gly
RES-701-1_p5GI,RES-701-1,EDNRB,5,G,I,GNWHGTAPDWFFNYYW,structural_wt_Cys_Gly
RES-701-1_p5GK,RES-701-1,EDNRB,5,G,K,GNWHGTAPDWFFNYYW,structural_wt_Cys_Gly
RES-701-1_p5GL,RES-701-1,EDNRB,5,G,L,GNWHGTAPDWFFNYYW,structural_wt_Cys_Gly
RES-701-1_p5GM,RES-701-1,EDNRB,5,G,M,GNWHGTAPDWFFNYYW,structural_wt_Cys_Gly
RES-701-1_p5GN,RES-701-1,EDNRB,5,G,N,GNWHGTAPDWFFNYYW,structural_wt_Cys_Gly
RES-701-1_p5GP,RES-701-1,EDNRB,5,G,P,GNWHGTAPDWFFNYYW,structural_wt_Cys_Gly
RES-701-1_p5GQ,RES-701-1,EDNRB,5,G,Q,GNWHGTAPDWFFNYYW,structural_wt_Cys_Gly
RES-701-1_p5GR,RES-701-1,EDNRB,5,G,R,GNWHGTAPDWFFNYYW,structural_wt_Cys_Gly
RES-701-1_p5GS,RES-701-1,EDNRB,5,G,S,GNWHGTAPDWFFNYYW,structural_wt_Cys_Gly
RES-701-1_p5GT,RES-701-1,EDNRB,5,G,T,GNWHGTAPDWFFNYYW,structural_wt_Cys_Gly
RES-701-1_p5GV,RES-701-1,EDNRB,5,G,V,GNWHGTAPDWFFNYYW,structural_wt_Cys_Gly
RES-701-1_p5GW,RES-701-1,EDNRB,5,G,W,GNWHGTAPDWFFNYYW,structural_wt_Cys_Gly
RES-701-1_p5GY,RES-701-1,EDNRB,5,G,Y,GNWHGTAPDWFFNYYW,structural_wt_Cys_Gly
RES-701-1_p6TA,RES-701-1,EDNRB,6,T,A,GNWHGTAPDWFFNYYW,
RES-701-1_p6TC,RES-701-1,EDNRB,6,T,C,GNWHGTAPDWFFNYYW,
RES-701-1_p6TD,RES-701-1,EDNRB,6,T,D,GNWHGTAPDWFFNYYW,
RES-701-1_p6TE,RES-701-1,EDNRB,6,T,E,GNWHGTAPDWFFNYYW,
RES-701-1_p6TF,RES-701-1,EDNRB,6,T,F,GNWHGTAPDWFFNYYW,
RES-701-1_p6TG,RES-701-1,EDNRB,6,T,G,GNWHGTAPDWFFNYYW,
RES-701-1_p6TH,RES-701-1,EDNRB,6,T,H,GNWHGTAPDWFFNYYW,
RES-701-1_p6TI,RES-701-1,EDNRB,6,T,I,GNWHGTAPDWFFNYYW,
RES-701-1_p6TK,RES-701-1,EDNRB,6,T,K,GNWHGTAPDWFFNYYW,
RES-701-1_p6TL,RES-701-1,EDNRB,6,T,L,GNWHGTAPDWFFNYYW,
RES-701-1_p6TM,RES-701-1,EDNRB,6,T,M,GNWHGTAPDWFFNYYW,
RES-701-1_p6TN,RES-701-1,EDNRB,6,T,N,GNWHGTAPDWFFNYYW,
RES-701-1_p6TP,RES-701-1,EDNRB,6,T,P,GNWHGTAPDWFFNYYW,
RES-701-1_p6TQ,RES-701-1,EDNRB,6,T,Q,GNWHGTAPDWFFNYYW,
RES-701-1_p6TR,RES-701-1,EDNRB,6,T,R,GNWHGTAPDWFFNYYW,
RES-701-1_p6TS,RES-701-1,EDNRB,6,T,S,GNWHGTAPDWFFNYYW,
RES-701-1_p6TV,RES-701-1,EDNRB,6,T,V,GNWHGTAPDWFFNYYW,
RES-701-1_p6TW,RES-701-1,EDNRB,6,T,W,GNWHGTAPDWFFNYYW,
RES-701-1_p6TY,RES-701-1,EDNRB,6,T,Y,GNWHGTAPDWFFNYYW,
RES-701-1_p7AC,RES-701-1,EDNRB,7,A,C,GNWHGTAPDWFFNYYW,
RES-701-1_p7AD,RES-701-1,EDNRB,7,A,D,GNWHGTAPDWFFNYYW,
RES-701-1_p7AE,RES-701-1,EDNRB,7,A,E,GNWHGTAPDWFFNYYW,
RES-701-1_p7AF,RES-701-1,EDNRB,7,A,F,GNWHGTAPDWFFNYYW,
RES-701-1_p7AG,RES-701-1,EDNRB,7,A,G,GNWHGTAPDWFFNYYW,
RES-701-1_p7AH,RES-701-1,EDNRB,7,A,H,GNWHGTAPDWFFNYYW,
RES-701-1_p7AI,RES-701-1,EDNRB,7,A,I,GNWHGTAPDWFFNYYW,
RES-701-1_p7AK,RES-701-1,EDNRB,7,A,K,GNWHGTAPDWFFNYYW,
RES-701-1_p7AL,RES-701-1,EDNRB,7,A,L,GNWHGTAPDWFFNYYW,
RES-701-1_p7AM,RES-701-1,EDNRB,7,A,M,GNWHGTAPDWFFNYYW,
RES-701-1_p7AN,RES-701-1,EDNRB,7,A,N,GNWHGTAPDWFFNYYW,
RES-701-1_p7AP,RES-701-1,EDNRB,7,A,P,GNWHGTAPDWFFNYYW,
RES-701-1_p7AQ,RES-701-1,EDNRB,7,A,Q,GNWHGTAPDWFFNYYW,
RES-701-1_p7AR,RES-701-1,EDNRB,7,A,R,GNWHGTAPDWFFNYYW,
RES-701-1_p7AS,RES-701-1,EDNRB,7,A,S,GNWHGTAPDWFFNYYW,
RES-701-1_p7AT,RES-701-1,EDNRB,7,A,T,GNWHGTAPDWFFNYYW,
RES-701-1_p7AV,RES-701-1,EDNRB,7,A,V,GNWHGTAPDWFFNYYW,
RES-701-1_p7AW,RES-701-1,EDNRB,7,A,W,GNWHGTAPDWFFNYYW,
RES-701-1_p7AY,RES-701-1,EDNRB,7,A,Y,GNWHGTAPDWFFNYYW,
RES-701-1_p8PA,RES-701-1,EDNRB,8,P,A,GNWHGTAPDWFFNYYW,
RES-701-1_p8PC,RES-701-1,EDNRB,8,P,C,GNWHGTAPDWFFNYYW,
RES-701-1_p8PD,RES-701-1,EDNRB,8,P,D,GNWHGTAPDWFFNYYW,
RES-701-1_p8PE,RES-701-1,EDNRB,8,P,E,GNWHGTAPDWFFNYYW,
RES-701-1_p8PF,RES-701-1,EDNRB,8,P,F,GNWHGTAPDWFFNYYW,
RES-701-1_p8PG,RES-701-1,EDNRB,8,P,G,GNWHGTAPDWFFNYYW,may_break_turn
RES-701-1_p8PH,RES-701-1,EDNRB,8,P,H,GNWHGTAPDWFFNYYW,
RES-701-1_p8PI,RES-701-1,EDNRB,8,P,I,GNWHGTAPDWFFNYYW,
RES-701-1_p8PK,RES-701-1,EDNRB,8,P,K,GNWHGTAPDWFFNYYW,
RES-701-1_p8PL,RES-701-1,EDNRB,8,P,L,GNWHGTAPDWFFNYYW,
RES-701-1_p8PM,RES-701-1,EDNRB,8,P,M,GNWHGTAPDWFFNYYW,
RES-701-1_p8PN,RES-701-1,EDNRB,8,P,N,GNWHGTAPDWFFNYYW,
RES-701-1_p8PQ,RES-701-1,EDNRB,8,P,Q,GNWHGTAPDWFFNYYW,
RES-701-1_p8PR,RES-701-1,EDNRB,8,P,R,GNWHGTAPDWFFNYYW,
RES-701-1_p8PS,RES-701-1,EDNRB,8,P,S,GNWHGTAPDWFFNYYW,
RES-701-1_p8PT,RES-701-1,EDNRB,8,P,T,GNWHGTAPDWFFNYYW,
RES-701-1_p8PV,RES-701-1,EDNRB,8,P,V,GNWHGTAPDWFFNYYW,
RES-701-1_p8PW,RES-701-1,EDNRB,8,P,W,GNWHGTAPDWFFNYYW,
RES-701-1_p8PY,RES-701-1,EDNRB,8,P,Y,GNWHGTAPDWFFNYYW,
RES-701-1_p9DA,RES-701-1,EDNRB,9,D,A,GNWHGTAPDWFFNYYW,
RES-701-1_p9DC,RES-701-1,EDNRB,9,D,C,GNWHGTAPDWFFNYYW,
RES-701-1_p9DE,RES-701-1,EDNRB,9,D,E,GNWHGTAPDWFFNYYW,
RES-701-1_p9DF,RES-701-1,EDNRB,9,D,F,GNWHGTAPDWFFNYYW,
RES-701-1_p9DG,RES-701-1,EDNRB,9,D,G,GNWHGTAPDWFFNYYW,
RES-701-1_p9DH,RES-701-1,EDNRB,9,D,H,GNWHGTAPDWFFNYYW,
RES-701-1_p9DI,RES-701-1,EDNRB,9,D,I,GNWHGTAPDWFFNYYW,
RES-701-1_p9DK,RES-701-1,EDNRB,9,D,K,GNWHGTAPDWFFNYYW,
RES-701-1_p9DL,RES-701-1,EDNRB,9,D,L,GNWHGTAPDWFFNYYW,
RES-701-1_p9DM,RES-701-1,EDNRB,9,D,M,GNWHGTAPDWFFNYYW,
RES-701-1_p9DN,RES-701-1,EDNRB,9,D,N,GNWHGTAPDWFFNYYW,
RES-701-1_p9DP,RES-701-1,EDNRB,9,D,P,GNWHGTAPDWFFNYYW,
RES-701-1_p9DQ,RES-701-1,EDNRB,9,D,Q,GNWHGTAPDWFFNYYW,
RES-701-1_p9DR,RES-701-1,EDNRB,9,D,R,GNWHGTAPDWFFNYYW,
RES-701-1_p9DS,RES-701-1,EDNRB,9,D,S,GNWHGTAPDWFFNYYW,
RES-701-1_p9DT,RES-701-1,EDNRB,9,D,T,GNWHGTAPDWFFNYYW,
RES-701-1_p9DV,RES-701-1,EDNRB,9,D,V,GNWHGTAPDWFFNYYW,
RES-701-1_p9DW,RES-701-1,EDNRB,9,D,W,GNWHGTAPDWFFNYYW,
RES-701-1_p9DY,RES-701-1,EDNRB,9,D,Y,GNWHGTAPDWFFNYYW,
RES-701-1_p10WA,RES-701-1,EDNRB,10,W,A,GNWHGTAPDWFFNYYW,
RES-701-1_p10WC,RES-701-1,EDNRB,10,W,C,GNWHGTAPDWFFNYYW,
RES-701-1_p10WD,RES-701-1,EDNRB,10,W,D,GNWHGTAPDWFFNYYW,
RES-701-1_p10WE,RES-701-1,EDNRB,10,W,E,GNWHGTAPDWFFNYYW,
RES-701-1_p10WF,RES-701-1,EDNRB,10,W,F,GNWHGTAPDWFFNYYW,
RES-701-1_p10WG,RES-701-1,EDNRB,10,W,G,GNWHGTAPDWFFNYYW,
RES-701-1_p10WH,RES-701-1,EDNRB,10,W,H,GNWHGTAPDWFFNYYW,
RES-701-1_p10WI,RES-701-1,EDNRB,10,W,I,GNWHGTAPDWFFNYYW,
RES-701-1_p10WK,RES-701-1,EDNRB,10,W,K,GNWHGTAPDWFFNYYW,
RES-701-1_p10WL,RES-701-1,EDNRB,10,W,L,GNWHGTAPDWFFNYYW,
RES-701-1_p10WM,RES-701-1,EDNRB,10,W,M,GNWHGTAPDWFFNYYW,
RES-701-1_p10WN,RES-701-1,EDNRB,10,W,N,GNWHGTAPDWFFNYYW,
RES-701-1_p10WP,RES-701-1,EDNRB,10,W,P,GNWHGTAPDWFFNYYW,
RES-701-1_p10WQ,RES-701-1,EDNRB,10,W,Q,GNWHGTAPDWFFNYYW,
RES-701-1_p10WR,RES-701-1,EDNRB,10,W,R,GNWHGTAPDWFFNYYW,
RES-701-1_p10WS,RES-701-1,EDNRB,10,W,S,GNWHGTAPDWFFNYYW,
RES-701-1_p10WT,RES-701-1,EDNRB,10,W,T,GNWHGTAPDWFFNYYW,
RES-701-1_p10WV,RES-701-1,EDNRB,10,W,V,GNWHGTAPDWFFNYYW,
RES-701-1_p10WY,RES-701-1,EDNRB,10,W,Y,GNWHGTAPDWFFNYYW,
RES-701-1_p11FA,RES-701-1,EDNRB,11,F,A,GNWHGTAPDWFFNYYW,
RES-701-1_p11FC,RES-701-1,EDNRB,11,F,C,GNWHGTAPDWFFNYYW,
RES-701-1_p11FD,RES-701-1,EDNRB,11,F,D,GNWHGTAPDWFFNYYW,
RES-701-1_p11FE,RES-701-1,EDNRB,11,F,E,GNWHGTAPDWFFNYYW,
RES-701-1_p11FG,RES-701-1,EDNRB,11,F,G,GNWHGTAPDWFFNYYW,
RES-701-1_p11FH,RES-701-1,EDNRB,11,F,H,GNWHGTAPDWFFNYYW,
RES-701-1_p11FI,RES-701-1,EDNRB,11,F,I,GNWHGTAPDWFFNYYW,
RES-701-1_p11FK,RES-701-1,EDNRB,11,F,K,GNWHGTAPDWFFNYYW,
RES-701-1_p11FL,RES-701-1,EDNRB,11,F,L,GNWHGTAPDWFFNYYW,
RES-701-1_p11FM,RES-701-1,EDNRB,11,F,M,GNWHGTAPDWFFNYYW,
RES-701-1_p11FN,RES-701-1,EDNRB,11,F,N,GNWHGTAPDWFFNYYW,
RES-701-1_p11FP,RES-701-1,EDNRB,11,F,P,GNWHGTAPDWFFNYYW,
RES-701-1_p11FQ,RES-701-1,EDNRB,11,F,Q,GNWHGTAPDWFFNYYW,
RES-701-1_p11FR,RES-701-1,EDNRB,11,F,R,GNWHGTAPDWFFNYYW,
RES-701-1_p11FS,RES-701-1,EDNRB,11,F,S,GNWHGTAPDWFFNYYW,
RES-701-1_p11FT,RES-701-1,EDNRB,11,F,T,GNWHGTAPDWFFNYYW,
RES-701-1_p11FV,RES-701-1,EDNRB,11,F,V,GNWHGTAPDWFFNYYW,
RES-701-1_p11FW,RES-701-1,EDNRB,11,F,W,GNWHGTAPDWFFNYYW,
RES-701-1_p11FY,RES-701-1,EDNRB,11,F,Y,GNWHGTAPDWFFNYYW,
RES-701-1_p12FA,RES-701-1,EDNRB,12,F,A,GNWHGTAPDWFFNYYW,
RES-701-1_p12FC,RES-701-1,EDNRB,12,F,C,GNWHGTAPDWFFNYYW,
RES-701-1_p12FD,RES-701-1,EDNRB,12,F,D,GNWHGTAPDWFFNYYW,
RES-701-1_p12FE,RES-701-1,EDNRB,12,F,E,GNWHGTAPDWFFNYYW,
RES-701-1_p12FG,RES-701-1,EDNRB,12,F,G,GNWHGTAPDWFFNYYW,
RES-701-1_p12FH,RES-701-1,EDNRB,12,F,H,GNWHGTAPDWFFNYYW,
RES-701-1_p12FI,RES-701-1,EDNRB,12,F,I,GNWHGTAPDWFFNYYW,
RES-701-1_p12FK,RES-701-1,EDNRB,12,F,K,GNWHGTAPDWFFNYYW,
RES-701-1_p12FL,RES-701-1,EDNRB,12,F,L,GNWHGTAPDWFFNYYW,
RES-701-1_p12FM,RES-701-1,EDNRB,12,F,M,GNWHGTAPDWFFNYYW,
RES-701-1_p12FN,RES-701-1,EDNRB,12,F,N,GNWHGTAPDWFFNYYW,
RES-701-1_p12FP,RES-701-1,EDNRB,12,F,P,GNWHGTAPDWFFNYYW,
RES-701-1_p12FQ,RES-701-1,EDNRB,12,F,Q,GNWHGTAPDWFFNYYW,
RES-701-1_p12FR,RES-701-1,EDNRB,12,F,R,GNWHGTAPDWFFNYYW,
RES-701-1_p12FS,RES-701-1,EDNRB,12,F,S,GNWHGTAPDWFFNYYW,
RES-701-1_p12FT,RES-701-1,EDNRB,12,F,T,GNWHGTAPDWFFNYYW,
RES-701-1_p12FV,RES-701-1,EDNRB,12,F,V,GNWHGTAPDWFFNYYW,
RES-701-1_p12FW,RES-701-1,EDNRB,12,F,W,GNWHGTAPDWFFNYYW,
RES-701-1_p12FY,RES-701-1,EDNRB,12,F,Y,GNWHGTAPDWFFNYYW,
RES-701-1_p13NA,RES-701-1,EDNRB,13,N,A,GNWHGTAPDWFFNYYW,
RES-701-1_p13NC,RES-701-1,EDNRB,13,N,C,GNWHGTAPDWFFNYYW,
RES-701-1_p13ND,RES-701-1,EDNRB,13,N,D,GNWHGTAPDWFFNYYW,
RES-701-1_p13NE,RES-701-1,EDNRB,13,N,E,GNWHGTAPDWFFNYYW,
RES-701-1_p13NF,RES-701-1,EDNRB,13,N,F,GNWHGTAPDWFFNYYW,
RES-701-1_p13NG,RES-701-1,EDNRB,13,N,G,GNWHGTAPDWFFNYYW,
RES-701-1_p13NH,RES-701-1,EDNRB,13,N,H,GNWHGTAPDWFFNYYW,
RES-701-1_p13NI,RES-701-1,EDNRB,13,N,I,GNWHGTAPDWFFNYYW,
RES-701-1_p13NK,RES-701-1,EDNRB,13,N,K,GNWHGTAPDWFFNYYW,
RES-701-1_p13NL,RES-701-1,EDNRB,13,N,L,GNWHGTAPDWFFNYYW,
RES-701-1_p13NM,RES-701-1,EDNRB,13,N,M,GNWHGTAPDWFFNYYW,
RES-701-1_p13NP,RES-701-1,EDNRB,13,N,P,GNWHGTAPDWFFNYYW,
RES-701-1_p13NQ,RES-701-1,EDNRB,13,N,Q,GNWHGTAPDWFFNYYW,
RES-701-1_p13NR,RES-701-1,EDNRB,13,N,R,GNWHGTAPDWFFNYYW,
RES-701-1_p13NS,RES-701-1,EDNRB,13,N,S,GNWHGTAPDWFFNYYW,
RES-701-1_p13NT,RES-701-1,EDNRB,13,N,T,GNWHGTAPDWFFNYYW,
RES-701-1_p13NV,RES-701-1,EDNRB,13,N,V,GNWHGTAPDWFFNYYW,
RES-701-1_p13NW,RES-701-1,EDNRB,13,N,W,GNWHGTAPDWFFNYYW,
RES-701-1_p13NY,RES-701-1,EDNRB,13,N,Y,GNWHGTAPDWFFNYYW,
RES-701-1_p14YA,RES-701-1,EDNRB,14,Y,A,GNWHGTAPDWFFNYYW,
RES-701-1_p14YC,RES-701-1,EDNRB,14,Y,C,GNWHGTAPDWFFNYYW,
RES-701-1_p14YD,RES-701-1,EDNRB,14,Y,D,GNWHGTAPDWFFNYYW,
RES-701-1_p14YE,RES-701-1,EDNRB,14,Y,E,GNWHGTAPDWFFNYYW,
RES-701-1_p14YF,RES-701-1,EDNRB,14,Y,F,GNWHGTAPDWFFNYYW,
RES-701-1_p14YG,RES-701-1,EDNRB,14,Y,G,GNWHGTAPDWFFNYYW,
RES-701-1_p14YH,RES-701-1,EDNRB,14,Y,H,GNWHGTAPDWFFNYYW,
RES-701-1_p14YI,RES-701-1,EDNRB,14,Y,I,GNWHGTAPDWFFNYYW,
RES-701-1_p14YK,RES-701-1,EDNRB,14,Y,K,GNWHGTAPDWFFNYYW,
RES-701-1_p14YL,RES-701-1,EDNRB,14,Y,L,GNWHGTAPDWFFNYYW,
RES-701-1_p14YM,RES-701-1,EDNRB,14,Y,M,GNWHGTAPDWFFNYYW,
RES-701-1_p14YN,RES-701-1,EDNRB,14,Y,N,GNWHGTAPDWFFNYYW,
RES-701-1_p14YP,RES-701-1,EDNRB,14,Y,P,GNWHGTAPDWFFNYYW,
RES-701-1_p14YQ,RES-701-1,EDNRB,14,Y,Q,GNWHGTAPDWFFNYYW,
RES-701-1_p14YR,RES-701-1,EDNRB,14,Y,R,GNWHGTAPDWFFNYYW,
RES-701-1_p14YS,RES-701-1,EDNRB,14,Y,S,GNWHGTAPDWFFNYYW,
RES-701-1_p14YT,RES-701-1,EDNRB,14,Y,T,GNWHGTAPDWFFNYYW,
RES-701-1_p14YV,RES-701-1,EDNRB,14,Y,V,GNWHGTAPDWFFNYYW,
RES-701-1_p14YW,RES-701-1,EDNRB,14,Y,W,GNWHGTAPDWFFNYYW,
RES-701-1_p15YA,RES-701-1,EDNRB,15,Y,A,GNWHGTAPDWFFNYYW,
RES-701-1_p15YC,RES-701-1,EDNRB,15,Y,C,GNWHGTAPDWFFNYYW,
RES-701-1_p15YD,RES-701-1,EDNRB,15,Y,D,GNWHGTAPDWFFNYYW,
RES-701-1_p15YE,RES-701-1,EDNRB,15,Y,E,GNWHGTAPDWFFNYYW,
RES-701-1_p15YF,RES-701-1,EDNRB,15,Y,F,GNWHGTAPDWFFNYYW,
RES-701-1_p15YG,RES-701-1,EDNRB,15,Y,G,GNWHGTAPDWFFNYYW,
RES-701-1_p15YH,RES-701-1,EDNRB,15,Y,H,GNWHGTAPDWFFNYYW,
RES-701-1_p15YI,RES-701-1,EDNRB,15,Y,I,GNWHGTAPDWFFNYYW,
RES-701-1_p15YK,RES-701-1,EDNRB,15,Y,K,GNWHGTAPDWFFNYYW,
RES-701-1_p15YL,RES-701-1,EDNRB,15,Y,L,GNWHGTAPDWFFNYYW,
RES-701-1_p15YM,RES-701-1,EDNRB,15,Y,M,GNWHGTAPDWFFNYYW,
RES-701-1_p15YN,RES-701-1,EDNRB,15,Y,N,GNWHGTAPDWFFNYYW,
RES-701-1_p15YP,RES-701-1,EDNRB,15,Y,P,GNWHGTAPDWFFNYYW,
RES-701-1_p15YQ,RES-701-1,EDNRB,15,Y,Q,GNWHGTAPDWFFNYYW,
RES-701-1_p15YR,RES-701-1,EDNRB,15,Y,R,GNWHGTAPDWFFNYYW,
RES-701-1_p15YS,RES-701-1,EDNRB,15,Y,S,GNWHGTAPDWFFNYYW,
RES-701-1_p15YT,RES-701-1,EDNRB,15,Y,T,GNWHGTAPDWFFNYYW,
RES-701-1_p15YV,RES-701-1,EDNRB,15,Y,V,GNWHGTAPDWFFNYYW,
RES-701-1_p15YW,RES-701-1,EDNRB,15,Y,W,GNWHGTAPDWFFNYYW,
RES-701-1_p16WA,RES-701-1,EDNRB,16,W,A,GNWHGTAPDWFFNYYW,
RES-701-1_p16WC,RES-701-1,EDNRB,16,W,C,GNWHGTAPDWFFNYYW,
RES-701-1_p16WD,RES-701-1,EDNRB,16,W,D,GNWHGTAPDWFFNYYW,
RES-701-1_p16WE,RES-701-1,EDNRB,16,W,E,GNWHGTAPDWFFNYYW,
RES-701-1_p16WF,RES-701-1,EDNRB,16,W,F,GNWHGTAPDWFFNYYW,
RES-701-1_p16WG,RES-701-1,EDNRB,16,W,G,GNWHGTAPDWFFNYYW,
RES-701-1_p16WH,RES-701-1,EDNRB,16,W,H,GNWHGTAPDWFFNYYW,
RES-701-1_p16WI,RES-701-1,EDNRB,16,W,I,GNWHGTAPDWFFNYYW,
RES-701-1_p16WK,RES-701-1,EDNRB,16,W,K,GNWHGTAPDWFFNYYW,
RES-701-1_p16WL,RES-701-1,EDNRB,16,W,L,GNWHGTAPDWFFNYYW,
RES-701-1_p16WM,RES-701-1,EDNRB,16,W,M,GNWHGTAPDWFFNYYW,
RES-701-1_p16WN,RES-701-1,EDNRB,16,W,N,GNWHGTAPDWFFNYYW,
RES-701-1_p16WP,RES-701-1,EDNRB,16,W,P,GNWHGTAPDWFFNYYW,
RES-701-1_p16WQ,RES-701-1,EDNRB,16,W,Q,GNWHGTAPDWFFNYYW,
RES-701-1_p16WR,RES-701-1,EDNRB,16,W,R,GNWHGTAPDWFFNYYW,
RES-701-1_p16WS,RES-701-1,EDNRB,16,W,S,GNWHGTAPDWFFNYYW,
RES-701-1_p16WT,RES-701-1,EDNRB,16,W,T,GNWHGTAPDWFFNYYW,
RES-701-1_p16WV,RES-701-1,EDNRB,16,W,V,GNWHGTAPDWFFNYYW,
RES-701-1_p16WY,RES-701-1,EDNRB,16,W,Y,GNWHGTAPDWFFNYYW,
Chaxapeptin_p1GA,Chaxapeptin,POLR2A,1,G,A,GFGSKPLDSFGLNFF,structural_wt_Cys_Gly
Chaxapeptin_p1GC,Chaxapeptin,POLR2A,1,G,C,GFGSKPLDSFGLNFF,structural_wt_Cys_Gly
Chaxapeptin_p1GD,Chaxapeptin,POLR2A,1,G,D,GFGSKPLDSFGLNFF,structural_wt_Cys_Gly
Chaxapeptin_p1GE,Chaxapeptin,POLR2A,1,G,E,GFGSKPLDSFGLNFF,structural_wt_Cys_Gly
Chaxapeptin_p1GF,Chaxapeptin,POLR2A,1,G,F,GFGSKPLDSFGLNFF,structural_wt_Cys_Gly
Chaxapeptin_p1GH,Chaxapeptin,POLR2A,1,G,H,GFGSKPLDSFGLNFF,structural_wt_Cys_Gly
Chaxapeptin_p1GI,Chaxapeptin,POLR2A,1,G,I,GFGSKPLDSFGLNFF,structural_wt_Cys_Gly
Chaxapeptin_p1GK,Chaxapeptin,POLR2A,1,G,K,GFGSKPLDSFGLNFF,structural_wt_Cys_Gly
Chaxapeptin_p1GL,Chaxapeptin,POLR2A,1,G,L,GFGSKPLDSFGLNFF,structural_wt_Cys_Gly
Chaxapeptin_p1GM,Chaxapeptin,POLR2A,1,G,M,GFGSKPLDSFGLNFF,structural_wt_Cys_Gly
Chaxapeptin_p1GN,Chaxapeptin,POLR2A,1,G,N,GFGSKPLDSFGLNFF,structural_wt_Cys_Gly
Chaxapeptin_p1GP,Chaxapeptin,POLR2A,1,G,P,GFGSKPLDSFGLNFF,structural_wt_Cys_Gly
Chaxapeptin_p1GQ,Chaxapeptin,POLR2A,1,G,Q,GFGSKPLDSFGLNFF,structural_wt_Cys_Gly
Chaxapeptin_p1GR,Chaxapeptin,POLR2A,1,G,R,GFGSKPLDSFGLNFF,structural_wt_Cys_Gly
Chaxapeptin_p1GS,Chaxapeptin,POLR2A,1,G,S,GFGSKPLDSFGLNFF,structural_wt_Cys_Gly
Chaxapeptin_p1GT,Chaxapeptin,POLR2A,1,G,T,GFGSKPLDSFGLNFF,structural_wt_Cys_Gly
Chaxapeptin_p1GV,Chaxapeptin,POLR2A,1,G,V,GFGSKPLDSFGLNFF,structural_wt_Cys_Gly
Chaxapeptin_p1GW,Chaxapeptin,POLR2A,1,G,W,GFGSKPLDSFGLNFF,structural_wt_Cys_Gly
Chaxapeptin_p1GY,Chaxapeptin,POLR2A,1,G,Y,GFGSKPLDSFGLNFF,structural_wt_Cys_Gly
Chaxapeptin_p2FA,Chaxapeptin,POLR2A,2,F,A,GFGSKPLDSFGLNFF,
Chaxapeptin_p2FC,Chaxapeptin,POLR2A,2,F,C,GFGSKPLDSFGLNFF,
Chaxapeptin_p2FD,Chaxapeptin,POLR2A,2,F,D,GFGSKPLDSFGLNFF,
Chaxapeptin_p2FE,Chaxapeptin,POLR2A,2,F,E,GFGSKPLDSFGLNFF,
Chaxapeptin_p2FG,Chaxapeptin,POLR2A,2,F,G,GFGSKPLDSFGLNFF,
Chaxapeptin_p2FH,Chaxapeptin,POLR2A,2,F,H,GFGSKPLDSFGLNFF,
Chaxapeptin_p2FI,Chaxapeptin,POLR2A,2,F,I,GFGSKPLDSFGLNFF,
Chaxapeptin_p2FK,Chaxapeptin,POLR2A,2,F,K,GFGSKPLDSFGLNFF,
Chaxapeptin_p2FL,Chaxapeptin,POLR2A,2,F,L,GFGSKPLDSFGLNFF,
Chaxapeptin_p2FM,Chaxapeptin,POLR2A,2,F,M,GFGSKPLDSFGLNFF,
Chaxapeptin_p2FN,Chaxapeptin,POLR2A,2,F,N,GFGSKPLDSFGLNFF,
Chaxapeptin_p2FP,Chaxapeptin,POLR2A,2,F,P,GFGSKPLDSFGLNFF,
Chaxapeptin_p2FQ,Chaxapeptin,POLR2A,2,F,Q,GFGSKPLDSFGLNFF,
Chaxapeptin_p2FR,Chaxapeptin,POLR2A,2,F,R,GFGSKPLDSFGLNFF,
Chaxapeptin_p2FS,Chaxapeptin,POLR2A,2,F,S,GFGSKPLDSFGLNFF,
Chaxapeptin_p2FT,Chaxapeptin,POLR2A,2,F,T,GFGSKPLDSFGLNFF,
Chaxapeptin_p2FV,Chaxapeptin,POLR2A,2,F,V,GFGSKPLDSFGLNFF,
Chaxapeptin_p2FW,Chaxapeptin,POLR2A,2,F,W,GFGSKPLDSFGLNFF,
Chaxapeptin_p2FY,Chaxapeptin,POLR2A,2,F,Y,GFGSKPLDSFGLNFF,
Chaxapeptin_p3GA,Chaxapeptin,POLR2A,3,G,A,GFGSKPLDSFGLNFF,structural_wt_Cys_Gly
Chaxapeptin_p3GC,Chaxapeptin,POLR2A,3,G,C,GFGSKPLDSFGLNFF,structural_wt_Cys_Gly
Chaxapeptin_p3GD,Chaxapeptin,POLR2A,3,G,D,GFGSKPLDSFGLNFF,structural_wt_Cys_Gly
Chaxapeptin_p3GE,Chaxapeptin,POLR2A,3,G,E,GFGSKPLDSFGLNFF,structural_wt_Cys_Gly
Chaxapeptin_p3GF,Chaxapeptin,POLR2A,3,G,F,GFGSKPLDSFGLNFF,structural_wt_Cys_Gly
Chaxapeptin_p3GH,Chaxapeptin,POLR2A,3,G,H,GFGSKPLDSFGLNFF,structural_wt_Cys_Gly
Chaxapeptin_p3GI,Chaxapeptin,POLR2A,3,G,I,GFGSKPLDSFGLNFF,structural_wt_Cys_Gly
Chaxapeptin_p3GK,Chaxapeptin,POLR2A,3,G,K,GFGSKPLDSFGLNFF,structural_wt_Cys_Gly
Chaxapeptin_p3GL,Chaxapeptin,POLR2A,3,G,L,GFGSKPLDSFGLNFF,structural_wt_Cys_Gly
Chaxapeptin_p3GM,Chaxapeptin,POLR2A,3,G,M,GFGSKPLDSFGLNFF,structural_wt_Cys_Gly
Chaxapeptin_p3GN,Chaxapeptin,POLR2A,3,G,N,GFGSKPLDSFGLNFF,structural_wt_Cys_Gly
Chaxapeptin_p3GP,Chaxapeptin,POLR2A,3,G,P,GFGSKPLDSFGLNFF,structural_wt_Cys_Gly
Chaxapeptin_p3GQ,Chaxapeptin,POLR2A,3,G,Q,GFGSKPLDSFGLNFF,structural_wt_Cys_Gly
Chaxapeptin_p3GR,Chaxapeptin,POLR2A,3,G,R,GFGSKPLDSFGLNFF,structural_wt_Cys_Gly
Chaxapeptin_p3GS,Chaxapeptin,POLR2A,3,G,S,GFGSKPLDSFGLNFF,structural_wt_Cys_Gly
Chaxapeptin_p3GT,Chaxapeptin,POLR2A,3,G,T,GFGSKPLDSFGLNFF,structural_wt_Cys_Gly
Chaxapeptin_p3GV,Chaxapeptin,POLR2A,3,G,V,GFGSKPLDSFGLNFF,structural_wt_Cys_Gly
Chaxapeptin_p3GW,Chaxapeptin,POLR2A,3,G,W,GFGSKPLDSFGLNFF,structural_wt_Cys_Gly
Chaxapeptin_p3GY,Chaxapeptin,POLR2A,3,G,Y,GFGSKPLDSFGLNFF,structural_wt_Cys_Gly
Chaxapeptin_p4SA,Chaxapeptin,POLR2A,4,S,A,GFGSKPLDSFGLNFF,
Chaxapeptin_p4SC,Chaxapeptin,POLR2A,4,S,C,GFGSKPLDSFGLNFF,
Chaxapeptin_p4SD,Chaxapeptin,POLR2A,4,S,D,GFGSKPLDSFGLNFF,
Chaxapeptin_p4SE,Chaxapeptin,POLR2A,4,S,E,GFGSKPLDSFGLNFF,
Chaxapeptin_p4SF,Chaxapeptin,POLR2A,4,S,F,GFGSKPLDSFGLNFF,
Chaxapeptin_p4SG,Chaxapeptin,POLR2A,4,S,G,GFGSKPLDSFGLNFF,
Chaxapeptin_p4SH,Chaxapeptin,POLR2A,4,S,H,GFGSKPLDSFGLNFF,
Chaxapeptin_p4SI,Chaxapeptin,POLR2A,4,S,I,GFGSKPLDSFGLNFF,
Chaxapeptin_p4SK,Chaxapeptin,POLR2A,4,S,K,GFGSKPLDSFGLNFF,
Chaxapeptin_p4SL,Chaxapeptin,POLR2A,4,S,L,GFGSKPLDSFGLNFF,
Chaxapeptin_p4SM,Chaxapeptin,POLR2A,4,S,M,GFGSKPLDSFGLNFF,
Chaxapeptin_p4SN,Chaxapeptin,POLR2A,4,S,N,GFGSKPLDSFGLNFF,
Chaxapeptin_p4SP,Chaxapeptin,POLR2A,4,S,P,GFGSKPLDSFGLNFF,
Chaxapeptin_p4SQ,Chaxapeptin,POLR2A,4,S,Q,GFGSKPLDSFGLNFF,
Chaxapeptin_p4SR,Chaxapeptin,POLR2A,4,S,R,GFGSKPLDSFGLNFF,
Chaxapeptin_p4ST,Chaxapeptin,POLR2A,4,S,T,GFGSKPLDSFGLNFF,
Chaxapeptin_p4SV,Chaxapeptin,POLR2A,4,S,V,GFGSKPLDSFGLNFF,
Chaxapeptin_p4SW,Chaxapeptin,POLR2A,4,S,W,GFGSKPLDSFGLNFF,
Chaxapeptin_p4SY,Chaxapeptin,POLR2A,4,S,Y,GFGSKPLDSFGLNFF,
Chaxapeptin_p5KA,Chaxapeptin,POLR2A,5,K,A,GFGSKPLDSFGLNFF,
Chaxapeptin_p5KC,Chaxapeptin,POLR2A,5,K,C,GFGSKPLDSFGLNFF,
Chaxapeptin_p5KD,Chaxapeptin,POLR2A,5,K,D,GFGSKPLDSFGLNFF,
Chaxapeptin_p5KE,Chaxapeptin,POLR2A,5,K,E,GFGSKPLDSFGLNFF,
Chaxapeptin_p5KF,Chaxapeptin,POLR2A,5,K,F,GFGSKPLDSFGLNFF,
Chaxapeptin_p5KG,Chaxapeptin,POLR2A,5,K,G,GFGSKPLDSFGLNFF,
Chaxapeptin_p5KH,Chaxapeptin,POLR2A,5,K,H,GFGSKPLDSFGLNFF,
Chaxapeptin_p5KI,Chaxapeptin,POLR2A,5,K,I,GFGSKPLDSFGLNFF,
Chaxapeptin_p5KL,Chaxapeptin,POLR2A,5,K,L,GFGSKPLDSFGLNFF,
Chaxapeptin_p5KM,Chaxapeptin,POLR2A,5,K,M,GFGSKPLDSFGLNFF,
Chaxapeptin_p5KN,Chaxapeptin,POLR2A,5,K,N,GFGSKPLDSFGLNFF,
Chaxapeptin_p5KP,Chaxapeptin,POLR2A,5,K,P,GFGSKPLDSFGLNFF,
Chaxapeptin_p5KQ,Chaxapeptin,POLR2A,5,K,Q,GFGSKPLDSFGLNFF,
Chaxapeptin_p5KR,Chaxapeptin,POLR2A,5,K,R,GFGSKPLDSFGLNFF,
Chaxapeptin_p5KS,Chaxapeptin,POLR2A,5,K,S,GFGSKPLDSFGLNFF,
Chaxapeptin_p5KT,Chaxapeptin,POLR2A,5,K,T,GFGSKPLDSFGLNFF,
Chaxapeptin_p5KV,Chaxapeptin,POLR2A,5,K,V,GFGSKPLDSFGLNFF,
Chaxapeptin_p5KW,Chaxapeptin,POLR2A,5,K,W,GFGSKPLDSFGLNFF,
Chaxapeptin_p5KY,Chaxapeptin,POLR2A,5,K,Y,GFGSKPLDSFGLNFF,
Chaxapeptin_p6PA,Chaxapeptin,POLR2A,6,P,A,GFGSKPLDSFGLNFF,
Chaxapeptin_p6PC,Chaxapeptin,POLR2A,6,P,C,GFGSKPLDSFGLNFF,
Chaxapeptin_p6PD,Chaxapeptin,POLR2A,6,P,D,GFGSKPLDSFGLNFF,
Chaxapeptin_p6PE,Chaxapeptin,POLR2A,6,P,E,GFGSKPLDSFGLNFF,
Chaxapeptin_p6PF,Chaxapeptin,POLR2A,6,P,F,GFGSKPLDSFGLNFF,
Chaxapeptin_p6PG,Chaxapeptin,POLR2A,6,P,G,GFGSKPLDSFGLNFF,may_break_turn
Chaxapeptin_p6PH,Chaxapeptin,POLR2A,6,P,H,GFGSKPLDSFGLNFF,
Chaxapeptin_p6PI,Chaxapeptin,POLR2A,6,P,I,GFGSKPLDSFGLNFF,
Chaxapeptin_p6PK,Chaxapeptin,POLR2A,6,P,K,GFGSKPLDSFGLNFF,
Chaxapeptin_p6PL,Chaxapeptin,POLR2A,6,P,L,GFGSKPLDSFGLNFF,
Chaxapeptin_p6PM,Chaxapeptin,POLR2A,6,P,M,GFGSKPLDSFGLNFF,
Chaxapeptin_p6PN,Chaxapeptin,POLR2A,6,P,N,GFGSKPLDSFGLNFF,
Chaxapeptin_p6PQ,Chaxapeptin,POLR2A,6,P,Q,GFGSKPLDSFGLNFF,
Chaxapeptin_p6PR,Chaxapeptin,POLR2A,6,P,R,GFGSKPLDSFGLNFF,
Chaxapeptin_p6PS,Chaxapeptin,POLR2A,6,P,S,GFGSKPLDSFGLNFF,
Chaxapeptin_p6PT,Chaxapeptin,POLR2A,6,P,T,GFGSKPLDSFGLNFF,
Chaxapeptin_p6PV,Chaxapeptin,POLR2A,6,P,V,GFGSKPLDSFGLNFF,
Chaxapeptin_p6PW,Chaxapeptin,POLR2A,6,P,W,GFGSKPLDSFGLNFF,
Chaxapeptin_p6PY,Chaxapeptin,POLR2A,6,P,Y,GFGSKPLDSFGLNFF,
Chaxapeptin_p7LA,Chaxapeptin,POLR2A,7,L,A,GFGSKPLDSFGLNFF,
Chaxapeptin_p7LC,Chaxapeptin,POLR2A,7,L,C,GFGSKPLDSFGLNFF,
Chaxapeptin_p7LD,Chaxapeptin,POLR2A,7,L,D,GFGSKPLDSFGLNFF,
Chaxapeptin_p7LE,Chaxapeptin,POLR2A,7,L,E,GFGSKPLDSFGLNFF,
Chaxapeptin_p7LF,Chaxapeptin,POLR2A,7,L,F,GFGSKPLDSFGLNFF,
Chaxapeptin_p7LG,Chaxapeptin,POLR2A,7,L,G,GFGSKPLDSFGLNFF,
Chaxapeptin_p7LH,Chaxapeptin,POLR2A,7,L,H,GFGSKPLDSFGLNFF,
Chaxapeptin_p7LI,Chaxapeptin,POLR2A,7,L,I,GFGSKPLDSFGLNFF,
Chaxapeptin_p7LK,Chaxapeptin,POLR2A,7,L,K,GFGSKPLDSFGLNFF,
Chaxapeptin_p7LM,Chaxapeptin,POLR2A,7,L,M,GFGSKPLDSFGLNFF,
Chaxapeptin_p7LN,Chaxapeptin,POLR2A,7,L,N,GFGSKPLDSFGLNFF,
Chaxapeptin_p7LP,Chaxapeptin,POLR2A,7,L,P,GFGSKPLDSFGLNFF,
Chaxapeptin_p7LQ,Chaxapeptin,POLR2A,7,L,Q,GFGSKPLDSFGLNFF,
Chaxapeptin_p7LR,Chaxapeptin,POLR2A,7,L,R,GFGSKPLDSFGLNFF,
Chaxapeptin_p7LS,Chaxapeptin,POLR2A,7,L,S,GFGSKPLDSFGLNFF,
Chaxapeptin_p7LT,Chaxapeptin,POLR2A,7,L,T,GFGSKPLDSFGLNFF,
Chaxapeptin_p7LV,Chaxapeptin,POLR2A,7,L,V,GFGSKPLDSFGLNFF,
Chaxapeptin_p7LW,Chaxapeptin,POLR2A,7,L,W,GFGSKPLDSFGLNFF,
Chaxapeptin_p7LY,Chaxapeptin,POLR2A,7,L,Y,GFGSKPLDSFGLNFF,
Chaxapeptin_p8DA,Chaxapeptin,POLR2A,8,D,A,GFGSKPLDSFGLNFF,
Chaxapeptin_p8DC,Chaxapeptin,POLR2A,8,D,C,GFGSKPLDSFGLNFF,
Chaxapeptin_p8DE,Chaxapeptin,POLR2A,8,D,E,GFGSKPLDSFGLNFF,
Chaxapeptin_p8DF,Chaxapeptin,POLR2A,8,D,F,GFGSKPLDSFGLNFF,
Chaxapeptin_p8DG,Chaxapeptin,POLR2A,8,D,G,GFGSKPLDSFGLNFF,
Chaxapeptin_p8DH,Chaxapeptin,POLR2A,8,D,H,GFGSKPLDSFGLNFF,
Chaxapeptin_p8DI,Chaxapeptin,POLR2A,8,D,I,GFGSKPLDSFGLNFF,
Chaxapeptin_p8DK,Chaxapeptin,POLR2A,8,D,K,GFGSKPLDSFGLNFF,
Chaxapeptin_p8DL,Chaxapeptin,POLR2A,8,D,L,GFGSKPLDSFGLNFF,
Chaxapeptin_p8DM,Chaxapeptin,POLR2A,8,D,M,GFGSKPLDSFGLNFF,
Chaxapeptin_p8DN,Chaxapeptin,POLR2A,8,D,N,GFGSKPLDSFGLNFF,
Chaxapeptin_p8DP,Chaxapeptin,POLR2A,8,D,P,GFGSKPLDSFGLNFF,
Chaxapeptin_p8DQ,Chaxapeptin,POLR2A,8,D,Q,GFGSKPLDSFGLNFF,
Chaxapeptin_p8DR,Chaxapeptin,POLR2A,8,D,R,GFGSKPLDSFGLNFF,
Chaxapeptin_p8DS,Chaxapeptin,POLR2A,8,D,S,GFGSKPLDSFGLNFF,
Chaxapeptin_p8DT,Chaxapeptin,POLR2A,8,D,T,GFGSKPLDSFGLNFF,
Chaxapeptin_p8DV,Chaxapeptin,POLR2A,8,D,V,GFGSKPLDSFGLNFF,
Chaxapeptin_p8DW,Chaxapeptin,POLR2A,8,D,W,GFGSKPLDSFGLNFF,
Chaxapeptin_p8DY,Chaxapeptin,POLR2A,8,D,Y,GFGSKPLDSFGLNFF,
Chaxapeptin_p9SA,Chaxapeptin,POLR2A,9,S,A,GFGSKPLDSFGLNFF,
Chaxapeptin_p9SC,Chaxapeptin,POLR2A,9,S,C,GFGSKPLDSFGLNFF,
Chaxapeptin_p9SD,Chaxapeptin,POLR2A,9,S,D,GFGSKPLDSFGLNFF,
Chaxapeptin_p9SE,Chaxapeptin,POLR2A,9,S,E,GFGSKPLDSFGLNFF,
Chaxapeptin_p9SF,Chaxapeptin,POLR2A,9,S,F,GFGSKPLDSFGLNFF,
Chaxapeptin_p9SG,Chaxapeptin,POLR2A,9,S,G,GFGSKPLDSFGLNFF,
Chaxapeptin_p9SH,Chaxapeptin,POLR2A,9,S,H,GFGSKPLDSFGLNFF,
Chaxapeptin_p9SI,Chaxapeptin,POLR2A,9,S,I,GFGSKPLDSFGLNFF,
Chaxapeptin_p9SK,Chaxapeptin,POLR2A,9,S,K,GFGSKPLDSFGLNFF,
Chaxapeptin_p9SL,Chaxapeptin,POLR2A,9,S,L,GFGSKPLDSFGLNFF,
Chaxapeptin_p9SM,Chaxapeptin,POLR2A,9,S,M,GFGSKPLDSFGLNFF,
Chaxapeptin_p9SN,Chaxapeptin,POLR2A,9,S,N,GFGSKPLDSFGLNFF,
Chaxapeptin_p9SP,Chaxapeptin,POLR2A,9,S,P,GFGSKPLDSFGLNFF,
Chaxapeptin_p9SQ,Chaxapeptin,POLR2A,9,S,Q,GFGSKPLDSFGLNFF,
Chaxapeptin_p9SR,Chaxapeptin,POLR2A,9,S,R,GFGSKPLDSFGLNFF,
Chaxapeptin_p9ST,Chaxapeptin,POLR2A,9,S,T,GFGSKPLDSFGLNFF,
Chaxapeptin_p9SV,Chaxapeptin,POLR2A,9,S,V,GFGSKPLDSFGLNFF,
Chaxapeptin_p9SW,Chaxapeptin,POLR2A,9,S,W,GFGSKPLDSFGLNFF,
Chaxapeptin_p9SY,Chaxapeptin,POLR2A,9,S,Y,GFGSKPLDSFGLNFF,
Chaxapeptin_p10FA,Chaxapeptin,POLR2A,10,F,A,GFGSKPLDSFGLNFF,
Chaxapeptin_p10FC,Chaxapeptin,POLR2A,10,F,C,GFGSKPLDSFGLNFF,
Chaxapeptin_p10FD,Chaxapeptin,POLR2A,10,F,D,GFGSKPLDSFGLNFF,
Chaxapeptin_p10FE,Chaxapeptin,POLR2A,10,F,E,GFGSKPLDSFGLNFF,
Chaxapeptin_p10FG,Chaxapeptin,POLR2A,10,F,G,GFGSKPLDSFGLNFF,
Chaxapeptin_p10FH,Chaxapeptin,POLR2A,10,F,H,GFGSKPLDSFGLNFF,
Chaxapeptin_p10FI,Chaxapeptin,POLR2A,10,F,I,GFGSKPLDSFGLNFF,
Chaxapeptin_p10FK,Chaxapeptin,POLR2A,10,F,K,GFGSKPLDSFGLNFF,
Chaxapeptin_p10FL,Chaxapeptin,POLR2A,10,F,L,GFGSKPLDSFGLNFF,
Chaxapeptin_p10FM,Chaxapeptin,POLR2A,10,F,M,GFGSKPLDSFGLNFF,
Chaxapeptin_p10FN,Chaxapeptin,POLR2A,10,F,N,GFGSKPLDSFGLNFF,
Chaxapeptin_p10FP,Chaxapeptin,POLR2A,10,F,P,GFGSKPLDSFGLNFF,
Chaxapeptin_p10FQ,Chaxapeptin,POLR2A,10,F,Q,GFGSKPLDSFGLNFF,
Chaxapeptin_p10FR,Chaxapeptin,POLR2A,10,F,R,GFGSKPLDSFGLNFF,
Chaxapeptin_p10FS,Chaxapeptin,POLR2A,10,F,S,GFGSKPLDSFGLNFF,
Chaxapeptin_p10FT,Chaxapeptin,POLR2A,10,F,T,GFGSKPLDSFGLNFF,
Chaxapeptin_p10FV,Chaxapeptin,POLR2A,10,F,V,GFGSKPLDSFGLNFF,
Chaxapeptin_p10FW,Chaxapeptin,POLR2A,10,F,W,GFGSKPLDSFGLNFF,
Chaxapeptin_p10FY,Chaxapeptin,POLR2A,10,F,Y,GFGSKPLDSFGLNFF,
Chaxapeptin_p11GA,Chaxapeptin,POLR2A,11,G,A,GFGSKPLDSFGLNFF,structural_wt_Cys_Gly
Chaxapeptin_p11GC,Chaxapeptin,POLR2A,11,G,C,GFGSKPLDSFGLNFF,structural_wt_Cys_Gly
Chaxapeptin_p11GD,Chaxapeptin,POLR2A,11,G,D,GFGSKPLDSFGLNFF,structural_wt_Cys_Gly
Chaxapeptin_p11GE,Chaxapeptin,POLR2A,11,G,E,GFGSKPLDSFGLNFF,structural_wt_Cys_Gly
Chaxapeptin_p11GF,Chaxapeptin,POLR2A,11,G,F,GFGSKPLDSFGLNFF,structural_wt_Cys_Gly
Chaxapeptin_p11GH,Chaxapeptin,POLR2A,11,G,H,GFGSKPLDSFGLNFF,structural_wt_Cys_Gly
Chaxapeptin_p11GI,Chaxapeptin,POLR2A,11,G,I,GFGSKPLDSFGLNFF,structural_wt_Cys_Gly
Chaxapeptin_p11GK,Chaxapeptin,POLR2A,11,G,K,GFGSKPLDSFGLNFF,structural_wt_Cys_Gly
Chaxapeptin_p11GL,Chaxapeptin,POLR2A,11,G,L,GFGSKPLDSFGLNFF,structural_wt_Cys_Gly
Chaxapeptin_p11GM,Chaxapeptin,POLR2A,11,G,M,GFGSKPLDSFGLNFF,structural_wt_Cys_Gly
Chaxapeptin_p11GN,Chaxapeptin,POLR2A,11,G,N,GFGSKPLDSFGLNFF,structural_wt_Cys_Gly
Chaxapeptin_p11GP,Chaxapeptin,POLR2A,11,G,P,GFGSKPLDSFGLNFF,structural_wt_Cys_Gly
Chaxapeptin_p11GQ,Chaxapeptin,POLR2A,11,G,Q,GFGSKPLDSFGLNFF,structural_wt_Cys_Gly
Chaxapeptin_p11GR,Chaxapeptin,POLR2A,11,G,R,GFGSKPLDSFGLNFF,structural_wt_Cys_Gly
Chaxapeptin_p11GS,Chaxapeptin,POLR2A,11,G,S,GFGSKPLDSFGLNFF,structural_wt_Cys_Gly
Chaxapeptin_p11GT,Chaxapeptin,POLR2A,11,G,T,GFGSKPLDSFGLNFF,structural_wt_Cys_Gly
Chaxapeptin_p11GV,Chaxapeptin,POLR2A,11,G,V,GFGSKPLDSFGLNFF,structural_wt_Cys_Gly
Chaxapeptin_p11GW,Chaxapeptin,POLR2A,11,G,W,GFGSKPLDSFGLNFF,structural_wt_Cys_Gly
Chaxapeptin_p11GY,Chaxapeptin,POLR2A,11,G,Y,GFGSKPLDSFGLNFF,structural_wt_Cys_Gly
Chaxapeptin_p12LA,Chaxapeptin,POLR2A,12,L,A,GFGSKPLDSFGLNFF,
Chaxapeptin_p12LC,Chaxapeptin,POLR2A,12,L,C,GFGSKPLDSFGLNFF,
Chaxapeptin_p12LD,Chaxapeptin,POLR2A,12,L,D,GFGSKPLDSFGLNFF,
Chaxapeptin_p12LE,Chaxapeptin,POLR2A,12,L,E,GFGSKPLDSFGLNFF,
Chaxapeptin_p12LF,Chaxapeptin,POLR2A,12,L,F,GFGSKPLDSFGLNFF,
Chaxapeptin_p12LG,Chaxapeptin,POLR2A,12,L,G,GFGSKPLDSFGLNFF,
Chaxapeptin_p12LH,Chaxapeptin,POLR2A,12,L,H,GFGSKPLDSFGLNFF,
Chaxapeptin_p12LI,Chaxapeptin,POLR2A,12,L,I,GFGSKPLDSFGLNFF,
Chaxapeptin_p12LK,Chaxapeptin,POLR2A,12,L,K,GFGSKPLDSFGLNFF,
Chaxapeptin_p12LM,Chaxapeptin,POLR2A,12,L,M,GFGSKPLDSFGLNFF,
Chaxapeptin_p12LN,Chaxapeptin,POLR2A,12,L,N,GFGSKPLDSFGLNFF,
Chaxapeptin_p12LP,Chaxapeptin,POLR2A,12,L,P,GFGSKPLDSFGLNFF,
Chaxapeptin_p12LQ,Chaxapeptin,POLR2A,12,L,Q,GFGSKPLDSFGLNFF,
Chaxapeptin_p12LR,Chaxapeptin,POLR2A,12,L,R,GFGSKPLDSFGLNFF,
Chaxapeptin_p12LS,Chaxapeptin,POLR2A,12,L,S,GFGSKPLDSFGLNFF,
Chaxapeptin_p12LT,Chaxapeptin,POLR2A,12,L,T,GFGSKPLDSFGLNFF,
Chaxapeptin_p12LV,Chaxapeptin,POLR2A,12,L,V,GFGSKPLDSFGLNFF,
Chaxapeptin_p12LW,Chaxapeptin,POLR2A,12,L,W,GFGSKPLDSFGLNFF,
Chaxapeptin_p12LY,Chaxapeptin,POLR2A,12,L,Y,GFGSKPLDSFGLNFF,
Chaxapeptin_p13NA,Chaxapeptin,POLR2A,13,N,A,GFGSKPLDSFGLNFF,
Chaxapeptin_p13NC,Chaxapeptin,POLR2A,13,N,C,GFGSKPLDSFGLNFF,
Chaxapeptin_p13ND,Chaxapeptin,POLR2A,13,N,D,GFGSKPLDSFGLNFF,
Chaxapeptin_p13NE,Chaxapeptin,POLR2A,13,N,E,GFGSKPLDSFGLNFF,
Chaxapeptin_p13NF,Chaxapeptin,POLR2A,13,N,F,GFGSKPLDSFGLNFF,
Chaxapeptin_p13NG,Chaxapeptin,POLR2A,13,N,G,GFGSKPLDSFGLNFF,
Chaxapeptin_p13NH,Chaxapeptin,POLR2A,13,N,H,GFGSKPLDSFGLNFF,
Chaxapeptin_p13NI,Chaxapeptin,POLR2A,13,N,I,GFGSKPLDSFGLNFF,
Chaxapeptin_p13NK,Chaxapeptin,POLR2A,13,N,K,GFGSKPLDSFGLNFF,
Chaxapeptin_p13NL,Chaxapeptin,POLR2A,13,N,L,GFGSKPLDSFGLNFF,
Chaxapeptin_p13NM,Chaxapeptin,POLR2A,13,N,M,GFGSKPLDSFGLNFF,
Chaxapeptin_p13NP,Chaxapeptin,POLR2A,13,N,P,GFGSKPLDSFGLNFF,
Chaxapeptin_p13NQ,Chaxapeptin,POLR2A,13,N,Q,GFGSKPLDSFGLNFF,
Chaxapeptin_p13NR,Chaxapeptin,POLR2A,13,N,R,GFGSKPLDSFGLNFF,
Chaxapeptin_p13NS,Chaxapeptin,POLR2A,13,N,S,GFGSKPLDSFGLNFF,
Chaxapeptin_p13NT,Chaxapeptin,POLR2A,13,N,T,GFGSKPLDSFGLNFF,
Chaxapeptin_p13NV,Chaxapeptin,POLR2A,13,N,V,GFGSKPLDSFGLNFF,
Chaxapeptin_p13NW,Chaxapeptin,POLR2A,13,N,W,GFGSKPLDSFGLNFF,
Chaxapeptin_p13NY,Chaxapeptin,POLR2A,13,N,Y,GFGSKPLDSFGLNFF,
Chaxapeptin_p14FA,Chaxapeptin,POLR2A,14,F,A,GFGSKPLDSFGLNFF,
Chaxapeptin_p14FC,Chaxapeptin,POLR2A,14,F,C,GFGSKPLDSFGLNFF,
Chaxapeptin_p14FD,Chaxapeptin,POLR2A,14,F,D,GFGSKPLDSFGLNFF,
Chaxapeptin_p14FE,Chaxapeptin,POLR2A,14,F,E,GFGSKPLDSFGLNFF,
Chaxapeptin_p14FG,Chaxapeptin,POLR2A,14,F,G,GFGSKPLDSFGLNFF,
Chaxapeptin_p14FH,Chaxapeptin,POLR2A,14,F,H,GFGSKPLDSFGLNFF,
Chaxapeptin_p14FI,Chaxapeptin,POLR2A,14,F,I,GFGSKPLDSFGLNFF,
Chaxapeptin_p14FK,Chaxapeptin,POLR2A,14,F,K,GFGSKPLDSFGLNFF,
Chaxapeptin_p14FL,Chaxapeptin,POLR2A,14,F,L,GFGSKPLDSFGLNFF,
Chaxapeptin_p14FM,Chaxapeptin,POLR2A,14,F,M,GFGSKPLDSFGLNFF,
Chaxapeptin_p14FN,Chaxapeptin,POLR2A,14,F,N,GFGSKPLDSFGLNFF,
Chaxapeptin_p14FP,Chaxapeptin,POLR2A,14,F,P,GFGSKPLDSFGLNFF,
Chaxapeptin_p14FQ,Chaxapeptin,POLR2A,14,F,Q,GFGSKPLDSFGLNFF,
Chaxapeptin_p14FR,Chaxapeptin,POLR2A,14,F,R,GFGSKPLDSFGLNFF,
Chaxapeptin_p14FS,Chaxapeptin,POLR2A,14,F,S,GFGSKPLDSFGLNFF,
Chaxapeptin_p14FT,Chaxapeptin,POLR2A,14,F,T,GFGSKPLDSFGLNFF,
Chaxapeptin_p14FV,Chaxapeptin,POLR2A,14,F,V,GFGSKPLDSFGLNFF,
Chaxapeptin_p14FW,Chaxapeptin,POLR2A,14,F,W,GFGSKPLDSFGLNFF,
Chaxapeptin_p14FY,Chaxapeptin,POLR2A,14,F,Y,GFGSKPLDSFGLNFF,
Chaxapeptin_p15FA,Chaxapeptin,POLR2A,15,F,A,GFGSKPLDSFGLNFF,
Chaxapeptin_p15FC,Chaxapeptin,POLR2A,15,F,C,GFGSKPLDSFGLNFF,
Chaxapeptin_p15FD,Chaxapeptin,POLR2A,15,F,D,GFGSKPLDSFGLNFF,
Chaxapeptin_p15FE,Chaxapeptin,POLR2A,15,F,E,GFGSKPLDSFGLNFF,
Chaxapeptin_p15FG,Chaxapeptin,POLR2A,15,F,G,GFGSKPLDSFGLNFF,
Chaxapeptin_p15FH,Chaxapeptin,POLR2A,15,F,H,GFGSKPLDSFGLNFF,
Chaxapeptin_p15FI,Chaxapeptin,POLR2A,15,F,I,GFGSKPLDSFGLNFF,
Chaxapeptin_p15FK,Chaxapeptin,POLR2A,15,F,K,GFGSKPLDSFGLNFF,
Chaxapeptin_p15FL,Chaxapeptin,POLR2A,15,F,L,GFGSKPLDSFGLNFF,
Chaxapeptin_p15FM,Chaxapeptin,POLR2A,15,F,M,GFGSKPLDSFGLNFF,
Chaxapeptin_p15FN,Chaxapeptin,POLR2A,15,F,N,GFGSKPLDSFGLNFF,
Chaxapeptin_p15FP,Chaxapeptin,POLR2A,15,F,P,GFGSKPLDSFGLNFF,
Chaxapeptin_p15FQ,Chaxapeptin,POLR2A,15,F,Q,GFGSKPLDSFGLNFF,
Chaxapeptin_p15FR,Chaxapeptin,POLR2A,15,F,R,GFGSKPLDSFGLNFF,
Chaxapeptin_p15FS,Chaxapeptin,POLR2A,15,F,S,GFGSKPLDSFGLNFF,
Chaxapeptin_p15FT,Chaxapeptin,POLR2A,15,F,T,GFGSKPLDSFGLNFF,
Chaxapeptin_p15FV,Chaxapeptin,POLR2A,15,F,V,GFGSKPLDSFGLNFF,
Chaxapeptin_p15FW,Chaxapeptin,POLR2A,15,F,W,GFGSKPLDSFGLNFF,
Chaxapeptin_p15FY,Chaxapeptin,POLR2A,15,F,Y,GFGSKPLDSFGLNFF,
Siamycin-I_p1CA,Siamycin-I,POLR2A,1,C,A,CLGVGSCNDFAGCGYAIVCFW,structural_wt_Cys_Gly
Siamycin-I_p1CD,Siamycin-I,POLR2A,1,C,D,CLGVGSCNDFAGCGYAIVCFW,structural_wt_Cys_Gly
Siamycin-I_p1CE,Siamycin-I,POLR2A,1,C,E,CLGVGSCNDFAGCGYAIVCFW,structural_wt_Cys_Gly
Siamycin-I_p1CF,Siamycin-I,POLR2A,1,C,F,CLGVGSCNDFAGCGYAIVCFW,structural_wt_Cys_Gly
Siamycin-I_p1CG,Siamycin-I,POLR2A,1,C,G,CLGVGSCNDFAGCGYAIVCFW,structural_wt_Cys_Gly
Siamycin-I_p1CH,Siamycin-I,POLR2A,1,C,H,CLGVGSCNDFAGCGYAIVCFW,structural_wt_Cys_Gly
Siamycin-I_p1CI,Siamycin-I,POLR2A,1,C,I,CLGVGSCNDFAGCGYAIVCFW,structural_wt_Cys_Gly
Siamycin-I_p1CK,Siamycin-I,POLR2A,1,C,K,CLGVGSCNDFAGCGYAIVCFW,structural_wt_Cys_Gly
Siamycin-I_p1CL,Siamycin-I,POLR2A,1,C,L,CLGVGSCNDFAGCGYAIVCFW,structural_wt_Cys_Gly
Siamycin-I_p1CM,Siamycin-I,POLR2A,1,C,M,CLGVGSCNDFAGCGYAIVCFW,structural_wt_Cys_Gly
Siamycin-I_p1CN,Siamycin-I,POLR2A,1,C,N,CLGVGSCNDFAGCGYAIVCFW,structural_wt_Cys_Gly
Siamycin-I_p1CP,Siamycin-I,POLR2A,1,C,P,CLGVGSCNDFAGCGYAIVCFW,structural_wt_Cys_Gly
Siamycin-I_p1CQ,Siamycin-I,POLR2A,1,C,Q,CLGVGSCNDFAGCGYAIVCFW,structural_wt_Cys_Gly
Siamycin-I_p1CR,Siamycin-I,POLR2A,1,C,R,CLGVGSCNDFAGCGYAIVCFW,structural_wt_Cys_Gly
Siamycin-I_p1CS,Siamycin-I,POLR2A,1,C,S,CLGVGSCNDFAGCGYAIVCFW,structural_wt_Cys_Gly
Siamycin-I_p1CT,Siamycin-I,POLR2A,1,C,T,CLGVGSCNDFAGCGYAIVCFW,structural_wt_Cys_Gly
Siamycin-I_p1CV,Siamycin-I,POLR2A,1,C,V,CLGVGSCNDFAGCGYAIVCFW,structural_wt_Cys_Gly
Siamycin-I_p1CW,Siamycin-I,POLR2A,1,C,W,CLGVGSCNDFAGCGYAIVCFW,structural_wt_Cys_Gly
Siamycin-I_p1CY,Siamycin-I,POLR2A,1,C,Y,CLGVGSCNDFAGCGYAIVCFW,structural_wt_Cys_Gly
Siamycin-I_p2LA,Siamycin-I,POLR2A,2,L,A,CLGVGSCNDFAGCGYAIVCFW,
Siamycin-I_p2LC,Siamycin-I,POLR2A,2,L,C,CLGVGSCNDFAGCGYAIVCFW,
Siamycin-I_p2LD,Siamycin-I,POLR2A,2,L,D,CLGVGSCNDFAGCGYAIVCFW,
Siamycin-I_p2LE,Siamycin-I,POLR2A,2,L,E,CLGVGSCNDFAGCGYAIVCFW,
Siamycin-I_p2LF,Siamycin-I,POLR2A,2,L,F,CLGVGSCNDFAGCGYAIVCFW,
Siamycin-I_p2LG,Siamycin-I,POLR2A,2,L,G,CLGVGSCNDFAGCGYAIVCFW,
Siamycin-I_p2LH,Siamycin-I,POLR2A,2,L,H,CLGVGSCNDFAGCGYAIVCFW,
Siamycin-I_p2LI,Siamycin-I,POLR2A,2,L,I,CLGVGSCNDFAGCGYAIVCFW,
Siamycin-I_p2LK,Siamycin-I,POLR2A,2,L,K,CLGVGSCNDFAGCGYAIVCFW,
Siamycin-I_p2LM,Siamycin-I,POLR2A,2,L,M,CLGVGSCNDFAGCGYAIVCFW,
Siamycin-I_p2LN,Siamycin-I,POLR2A,2,L,N,CLGVGSCNDFAGCGYAIVCFW,
Siamycin-I_p2LP,Siamycin-I,POLR2A,2,L,P,CLGVGSCNDFAGCGYAIVCFW,
Siamycin-I_p2LQ,Siamycin-I,POLR2A,2,L,Q,CLGVGSCNDFAGCGYAIVCFW,
Siamycin-I_p2LR,Siamycin-I,POLR2A,2,L,R,CLGVGSCNDFAGCGYAIVCFW,
Siamycin-I_p2LS,Siamycin-I,POLR2A,2,L,S,CLGVGSCNDFAGCGYAIVCFW,
Siamycin-I_p2LT,Siamycin-I,POLR2A,2,L,T,CLGVGSCNDFAGCGYAIVCFW,
Siamycin-I_p2LV,Siamycin-I,POLR2A,2,L,V,CLGVGSCNDFAGCGYAIVCFW,
Siamycin-I_p2LW,Siamycin-I,POLR2A,2,L,W,CLGVGSCNDFAGCGYAIVCFW,
Siamycin-I_p2LY,Siamycin-I,POLR2A,2,L,Y,CLGVGSCNDFAGCGYAIVCFW,
Siamycin-I_p3GA,Siamycin-I,POLR2A,3,G,A,CLGVGSCNDFAGCGYAIVCFW,structural_wt_Cys_Gly
Siamycin-I_p3GC,Siamycin-I,POLR2A,3,G,C,CLGVGSCNDFAGCGYAIVCFW,structural_wt_Cys_Gly
Siamycin-I_p3GD,Siamycin-I,POLR2A,3,G,D,CLGVGSCNDFAGCGYAIVCFW,structural_wt_Cys_Gly
Siamycin-I_p3GE,Siamycin-I,POLR2A,3,G,E,CLGVGSCNDFAGCGYAIVCFW,structural_wt_Cys_Gly
Siamycin-I_p3GF,Siamycin-I,POLR2A,3,G,F,CLGVGSCNDFAGCGYAIVCFW,structural_wt_Cys_Gly
Siamycin-I_p3GH,Siamycin-I,POLR2A,3,G,H,CLGVGSCNDFAGCGYAIVCFW,structural_wt_Cys_Gly
Siamycin-I_p3GI,Siamycin-I,POLR2A,3,G,I,CLGVGSCNDFAGCGYAIVCFW,structural_wt_Cys_Gly
Siamycin-I_p3GK,Siamycin-I,POLR2A,3,G,K,CLGVGSCNDFAGCGYAIVCFW,structural_wt_Cys_Gly
Siamycin-I_p3GL,Siamycin-I,POLR2A,3,G,L,CLGVGSCNDFAGCGYAIVCFW,structural_wt_Cys_Gly
Siamycin-I_p3GM,Siamycin-I,POLR2A,3,G,M,CLGVGSCNDFAGCGYAIVCFW,structural_wt_Cys_Gly
Siamycin-I_p3GN,Siamycin-I,POLR2A,3,G,N,CLGVGSCNDFAGCGYAIVCFW,structural_wt_Cys_Gly
Siamycin-I_p3GP,Siamycin-I,POLR2A,3,G,P,CLGVGSCNDFAGCGYAIVCFW,structural_wt_Cys_Gly
Siamycin-I_p3GQ,Siamycin-I,POLR2A,3,G,Q,CLGVGSCNDFAGCGYAIVCFW,structural_wt_Cys_Gly
Siamycin-I_p3GR,Siamycin-I,POLR2A,3,G,R,CLGVGSCNDFAGCGYAIVCFW,structural_wt_Cys_Gly
Siamycin-I_p3GS,Siamycin-I,POLR2A,3,G,S,CLGVGSCNDFAGCGYAIVCFW,structural_wt_Cys_Gly
Siamycin-I_p3GT,Siamycin-I,POLR2A,3,G,T,CLGVGSCNDFAGCGYAIVCFW,structural_wt_Cys_Gly
Siamycin-I_p3GV,Siamycin-I,POLR2A,3,G,V,CLGVGSCNDFAGCGYAIVCFW,structural_wt_Cys_Gly
Siamycin-I_p3GW,Siamycin-I,POLR2A,3,G,W,CLGVGSCNDFAGCGYAIVCFW,structural_wt_Cys_Gly
Siamycin-I_p3GY,Siamycin-I,POLR2A,3,G,Y,CLGVGSCNDFAGCGYAIVCFW,structural_wt_Cys_Gly
Siamycin-I_p4VA,Siamycin-I,POLR2A,4,V,A,CLGVGSCNDFAGCGYAIVCFW,
Siamycin-I_p4VC,Siamycin-I,POLR2A,4,V,C,CLGVGSCNDFAGCGYAIVCFW,
Siamycin-I_p4VD,Siamycin-I,POLR2A,4,V,D,CLGVGSCNDFAGCGYAIVCFW,
Siamycin-I_p4VE,Siamycin-I,POLR2A,4,V,E,CLGVGSCNDFAGCGYAIVCFW,
Siamycin-I_p4VF,Siamycin-I,POLR2A,4,V,F,CLGVGSCNDFAGCGYAIVCFW,
Siamycin-I_p4VG,Siamycin-I,POLR2A,4,V,G,CLGVGSCNDFAGCGYAIVCFW,
Siamycin-I_p4VH,Siamycin-I,POLR2A,4,V,H,CLGVGSCNDFAGCGYAIVCFW,
Siamycin-I_p4VI,Siamycin-I,POLR2A,4,V,I,CLGVGSCNDFAGCGYAIVCFW,
Siamycin-I_p4VK,Siamycin-I,POLR2A,4,V,K,CLGVGSCNDFAGCGYAIVCFW,
Siamycin-I_p4VL,Siamycin-I,POLR2A,4,V,L,CLGVGSCNDFAGCGYAIVCFW,
Siamycin-I_p4VM,Siamycin-I,POLR2A,4,V,M,CLGVGSCNDFAGCGYAIVCFW,
Siamycin-I_p4VN,Siamycin-I,POLR2A,4,V,N,CLGVGSCNDFAGCGYAIVCFW,
Siamycin-I_p4VP,Siamycin-I,POLR2A,4,V,P,CLGVGSCNDFAGCGYAIVCFW,
Siamycin-I_p4VQ,Siamycin-I,POLR2A,4,V,Q,CLGVGSCNDFAGCGYAIVCFW,
Siamycin-I_p4VR,Siamycin-I,POLR2A,4,V,R,CLGVGSCNDFAGCGYAIVCFW,
Siamycin-I_p4VS,Siamycin-I,POLR2A,4,V,S,CLGVGSCNDFAGCGYAIVCFW,
Siamycin-I_p4VT,Siamycin-I,POLR2A,4,V,T,CLGVGSCNDFAGCGYAIVCFW,
Siamycin-I_p4VW,Siamycin-I,POLR2A,4,V,W,CLGVGSCNDFAGCGYAIVCFW,
Siamycin-I_p4VY,Siamycin-I,POLR2A,4,V,Y,CLGVGSCNDFAGCGYAIVCFW,
Siamycin-I_p5GA,Siamycin-I,POLR2A,5,G,A,CLGVGSCNDFAGCGYAIVCFW,structural_wt_Cys_Gly
Siamycin-I_p5GC,Siamycin-I,POLR2A,5,G,C,CLGVGSCNDFAGCGYAIVCFW,structural_wt_Cys_Gly
Siamycin-I_p5GD,Siamycin-I,POLR2A,5,G,D,CLGVGSCNDFAGCGYAIVCFW,structural_wt_Cys_Gly
Siamycin-I_p5GE,Siamycin-I,POLR2A,5,G,E,CLGVGSCNDFAGCGYAIVCFW,structural_wt_Cys_Gly
Siamycin-I_p5GF,Siamycin-I,POLR2A,5,G,F,CLGVGSCNDFAGCGYAIVCFW,structural_wt_Cys_Gly
Siamycin-I_p5GH,Siamycin-I,POLR2A,5,G,H,CLGVGSCNDFAGCGYAIVCFW,structural_wt_Cys_Gly
Siamycin-I_p5GI,Siamycin-I,POLR2A,5,G,I,CLGVGSCNDFAGCGYAIVCFW,structural_wt_Cys_Gly
Siamycin-I_p5GK,Siamycin-I,POLR2A,5,G,K,CLGVGSCNDFAGCGYAIVCFW,structural_wt_Cys_Gly
Siamycin-I_p5GL,Siamycin-I,POLR2A,5,G,L,CLGVGSCNDFAGCGYAIVCFW,structural_wt_Cys_Gly
Siamycin-I_p5GM,Siamycin-I,POLR2A,5,G,M,CLGVGSCNDFAGCGYAIVCFW,structural_wt_Cys_Gly
Siamycin-I_p5GN,Siamycin-I,POLR2A,5,G,N,CLGVGSCNDFAGCGYAIVCFW,structural_wt_Cys_Gly
Siamycin-I_p5GP,Siamycin-I,POLR2A,5,G,P,CLGVGSCNDFAGCGYAIVCFW,structural_wt_Cys_Gly
Siamycin-I_p5GQ,Siamycin-I,POLR2A,5,G,Q,CLGVGSCNDFAGCGYAIVCFW,structural_wt_Cys_Gly
Siamycin-I_p5GR,Siamycin-I,POLR2A,5,G,R,CLGVGSCNDFAGCGYAIVCFW,structural_wt_Cys_Gly
Siamycin-I_p5GS,Siamycin-I,POLR2A,5,G,S,CLGVGSCNDFAGCGYAIVCFW,structural_wt_Cys_Gly
Siamycin-I_p5GT,Siamycin-I,POLR2A,5,G,T,CLGVGSCNDFAGCGYAIVCFW,structural_wt_Cys_Gly
Siamycin-I_p5GV,Siamycin-I,POLR2A,5,G,V,CLGVGSCNDFAGCGYAIVCFW,structural_wt_Cys_Gly
Siamycin-I_p5GW,Siamycin-I,POLR2A,5,G,W,CLGVGSCNDFAGCGYAIVCFW,structural_wt_Cys_Gly
Siamycin-I_p5GY,Siamycin-I,POLR2A,5,G,Y,CLGVGSCNDFAGCGYAIVCFW,structural_wt_Cys_Gly
Siamycin-I_p6SA,Siamycin-I,POLR2A,6,S,A,CLGVGSCNDFAGCGYAIVCFW,
Siamycin-I_p6SC,Siamycin-I,POLR2A,6,S,C,CLGVGSCNDFAGCGYAIVCFW,
Siamycin-I_p6SD,Siamycin-I,POLR2A,6,S,D,CLGVGSCNDFAGCGYAIVCFW,
Siamycin-I_p6SE,Siamycin-I,POLR2A,6,S,E,CLGVGSCNDFAGCGYAIVCFW,
Siamycin-I_p6SF,Siamycin-I,POLR2A,6,S,F,CLGVGSCNDFAGCGYAIVCFW,
Siamycin-I_p6SG,Siamycin-I,POLR2A,6,S,G,CLGVGSCNDFAGCGYAIVCFW,
Siamycin-I_p6SH,Siamycin-I,POLR2A,6,S,H,CLGVGSCNDFAGCGYAIVCFW,
Siamycin-I_p6SI,Siamycin-I,POLR2A,6,S,I,CLGVGSCNDFAGCGYAIVCFW,
Siamycin-I_p6SK,Siamycin-I,POLR2A,6,S,K,CLGVGSCNDFAGCGYAIVCFW,
Siamycin-I_p6SL,Siamycin-I,POLR2A,6,S,L,CLGVGSCNDFAGCGYAIVCFW,
Siamycin-I_p6SM,Siamycin-I,POLR2A,6,S,M,CLGVGSCNDFAGCGYAIVCFW,
Siamycin-I_p6SN,Siamycin-I,POLR2A,6,S,N,CLGVGSCNDFAGCGYAIVCFW,
Siamycin-I_p6SP,Siamycin-I,POLR2A,6,S,P,CLGVGSCNDFAGCGYAIVCFW,
Siamycin-I_p6SQ,Siamycin-I,POLR2A,6,S,Q,CLGVGSCNDFAGCGYAIVCFW,
Siamycin-I_p6SR,Siamycin-I,POLR2A,6,S,R,CLGVGSCNDFAGCGYAIVCFW,
Siamycin-I_p6ST,Siamycin-I,POLR2A,6,S,T,CLGVGSCNDFAGCGYAIVCFW,
Siamycin-I_p6SV,Siamycin-I,POLR2A,6,S,V,CLGVGSCNDFAGCGYAIVCFW,
Siamycin-I_p6SW,Siamycin-I,POLR2A,6,S,W,CLGVGSCNDFAGCGYAIVCFW,
Siamycin-I_p6SY,Siamycin-I,POLR2A,6,S,Y,CLGVGSCNDFAGCGYAIVCFW,
Siamycin-I_p7CA,Siamycin-I,POLR2A,7,C,A,CLGVGSCNDFAGCGYAIVCFW,structural_wt_Cys_Gly
Siamycin-I_p7CD,Siamycin-I,POLR2A,7,C,D,CLGVGSCNDFAGCGYAIVCFW,structural_wt_Cys_Gly
Siamycin-I_p7CE,Siamycin-I,POLR2A,7,C,E,CLGVGSCNDFAGCGYAIVCFW,structural_wt_Cys_Gly
Siamycin-I_p7CF,Siamycin-I,POLR2A,7,C,F,CLGVGSCNDFAGCGYAIVCFW,structural_wt_Cys_Gly
Siamycin-I_p7CG,Siamycin-I,POLR2A,7,C,G,CLGVGSCNDFAGCGYAIVCFW,structural_wt_Cys_Gly
Siamycin-I_p7CH,Siamycin-I,POLR2A,7,C,H,CLGVGSCNDFAGCGYAIVCFW,structural_wt_Cys_Gly
Siamycin-I_p7CI,Siamycin-I,POLR2A,7,C,I,CLGVGSCNDFAGCGYAIVCFW,structural_wt_Cys_Gly
Siamycin-I_p7CK,Siamycin-I,POLR2A,7,C,K,CLGVGSCNDFAGCGYAIVCFW,structural_wt_Cys_Gly
Siamycin-I_p7CL,Siamycin-I,POLR2A,7,C,L,CLGVGSCNDFAGCGYAIVCFW,structural_wt_Cys_Gly
Siamycin-I_p7CM,Siamycin-I,POLR2A,7,C,M,CLGVGSCNDFAGCGYAIVCFW,structural_wt_Cys_Gly
Siamycin-I_p7CN,Siamycin-I,POLR2A,7,C,N,CLGVGSCNDFAGCGYAIVCFW,structural_wt_Cys_Gly
Siamycin-I_p7CP,Siamycin-I,POLR2A,7,C,P,CLGVGSCNDFAGCGYAIVCFW,structural_wt_Cys_Gly
Siamycin-I_p7CQ,Siamycin-I,POLR2A,7,C,Q,CLGVGSCNDFAGCGYAIVCFW,structural_wt_Cys_Gly
Siamycin-I_p7CR,Siamycin-I,POLR2A,7,C,R,CLGVGSCNDFAGCGYAIVCFW,structural_wt_Cys_Gly
Siamycin-I_p7CS,Siamycin-I,POLR2A,7,C,S,CLGVGSCNDFAGCGYAIVCFW,structural_wt_Cys_Gly
Siamycin-I_p7CT,Siamycin-I,POLR2A,7,C,T,CLGVGSCNDFAGCGYAIVCFW,structural_wt_Cys_Gly
Siamycin-I_p7CV,Siamycin-I,POLR2A,7,C,V,CLGVGSCNDFAGCGYAIVCFW,structural_wt_Cys_Gly
Siamycin-I_p7CW,Siamycin-I,POLR2A,7,C,W,CLGVGSCNDFAGCGYAIVCFW,structural_wt_Cys_Gly
Siamycin-I_p7CY,Siamycin-I,POLR2A,7,C,Y,CLGVGSCNDFAGCGYAIVCFW,structural_wt_Cys_Gly
Siamycin-I_p8NA,Siamycin-I,POLR2A,8,N,A,CLGVGSCNDFAGCGYAIVCFW,
Siamycin-I_p8NC,Siamycin-I,POLR2A,8,N,C,CLGVGSCNDFAGCGYAIVCFW,
Siamycin-I_p8ND,Siamycin-I,POLR2A,8,N,D,CLGVGSCNDFAGCGYAIVCFW,
Siamycin-I_p8NE,Siamycin-I,POLR2A,8,N,E,CLGVGSCNDFAGCGYAIVCFW,
Siamycin-I_p8NF,Siamycin-I,POLR2A,8,N,F,CLGVGSCNDFAGCGYAIVCFW,
Siamycin-I_p8NG,Siamycin-I,POLR2A,8,N,G,CLGVGSCNDFAGCGYAIVCFW,
Siamycin-I_p8NH,Siamycin-I,POLR2A,8,N,H,CLGVGSCNDFAGCGYAIVCFW,
Siamycin-I_p8NI,Siamycin-I,POLR2A,8,N,I,CLGVGSCNDFAGCGYAIVCFW,
Siamycin-I_p8NK,Siamycin-I,POLR2A,8,N,K,CLGVGSCNDFAGCGYAIVCFW,
Siamycin-I_p8NL,Siamycin-I,POLR2A,8,N,L,CLGVGSCNDFAGCGYAIVCFW,
Siamycin-I_p8NM,Siamycin-I,POLR2A,8,N,M,CLGVGSCNDFAGCGYAIVCFW,
Siamycin-I_p8NP,Siamycin-I,POLR2A,8,N,P,CLGVGSCNDFAGCGYAIVCFW,
Siamycin-I_p8NQ,Siamycin-I,POLR2A,8,N,Q,CLGVGSCNDFAGCGYAIVCFW,
Siamycin-I_p8NR,Siamycin-I,POLR2A,8,N,R,CLGVGSCNDFAGCGYAIVCFW,
Siamycin-I_p8NS,Siamycin-I,POLR2A,8,N,S,CLGVGSCNDFAGCGYAIVCFW,
Siamycin-I_p8NT,Siamycin-I,POLR2A,8,N,T,CLGVGSCNDFAGCGYAIVCFW,
Siamycin-I_p8NV,Siamycin-I,POLR2A,8,N,V,CLGVGSCNDFAGCGYAIVCFW,
Siamycin-I_p8NW,Siamycin-I,POLR2A,8,N,W,CLGVGSCNDFAGCGYAIVCFW,
Siamycin-I_p8NY,Siamycin-I,POLR2A,8,N,Y,CLGVGSCNDFAGCGYAIVCFW,
Siamycin-I_p9DA,Siamycin-I,POLR2A,9,D,A,CLGVGSCNDFAGCGYAIVCFW,
Siamycin-I_p9DC,Siamycin-I,POLR2A,9,D,C,CLGVGSCNDFAGCGYAIVCFW,
Siamycin-I_p9DE,Siamycin-I,POLR2A,9,D,E,CLGVGSCNDFAGCGYAIVCFW,
Siamycin-I_p9DF,Siamycin-I,POLR2A,9,D,F,CLGVGSCNDFAGCGYAIVCFW,
Siamycin-I_p9DG,Siamycin-I,POLR2A,9,D,G,CLGVGSCNDFAGCGYAIVCFW,
Siamycin-I_p9DH,Siamycin-I,POLR2A,9,D,H,CLGVGSCNDFAGCGYAIVCFW,
Siamycin-I_p9DI,Siamycin-I,POLR2A,9,D,I,CLGVGSCNDFAGCGYAIVCFW,
Siamycin-I_p9DK,Siamycin-I,POLR2A,9,D,K,CLGVGSCNDFAGCGYAIVCFW,
Siamycin-I_p9DL,Siamycin-I,POLR2A,9,D,L,CLGVGSCNDFAGCGYAIVCFW,
Siamycin-I_p9DM,Siamycin-I,POLR2A,9,D,M,CLGVGSCNDFAGCGYAIVCFW,
Siamycin-I_p9DN,Siamycin-I,POLR2A,9,D,N,CLGVGSCNDFAGCGYAIVCFW,
Siamycin-I_p9DP,Siamycin-I,POLR2A,9,D,P,CLGVGSCNDFAGCGYAIVCFW,
Siamycin-I_p9DQ,Siamycin-I,POLR2A,9,D,Q,CLGVGSCNDFAGCGYAIVCFW,
Siamycin-I_p9DR,Siamycin-I,POLR2A,9,D,R,CLGVGSCNDFAGCGYAIVCFW,
Siamycin-I_p9DS,Siamycin-I,POLR2A,9,D,S,CLGVGSCNDFAGCGYAIVCFW,
Siamycin-I_p9DT,Siamycin-I,POLR2A,9,D,T,CLGVGSCNDFAGCGYAIVCFW,
Siamycin-I_p9DV,Siamycin-I,POLR2A,9,D,V,CLGVGSCNDFAGCGYAIVCFW,
Siamycin-I_p9DW,Siamycin-I,POLR2A,9,D,W,CLGVGSCNDFAGCGYAIVCFW,
Siamycin-I_p9DY,Siamycin-I,POLR2A,9,D,Y,CLGVGSCNDFAGCGYAIVCFW,
Siamycin-I_p10FA,Siamycin-I,POLR2A,10,F,A,CLGVGSCNDFAGCGYAIVCFW,
Siamycin-I_p10FC,Siamycin-I,POLR2A,10,F,C,CLGVGSCNDFAGCGYAIVCFW,
Siamycin-I_p10FD,Siamycin-I,POLR2A,10,F,D,CLGVGSCNDFAGCGYAIVCFW,
Siamycin-I_p10FE,Siamycin-I,POLR2A,10,F,E,CLGVGSCNDFAGCGYAIVCFW,
Siamycin-I_p10FG,Siamycin-I,POLR2A,10,F,G,CLGVGSCNDFAGCGYAIVCFW,
Siamycin-I_p10FH,Siamycin-I,POLR2A,10,F,H,CLGVGSCNDFAGCGYAIVCFW,
Siamycin-I_p10FI,Siamycin-I,POLR2A,10,F,I,CLGVGSCNDFAGCGYAIVCFW,
Siamycin-I_p10FK,Siamycin-I,POLR2A,10,F,K,CLGVGSCNDFAGCGYAIVCFW,
Siamycin-I_p10FL,Siamycin-I,POLR2A,10,F,L,CLGVGSCNDFAGCGYAIVCFW,
Siamycin-I_p10FM,Siamycin-I,POLR2A,10,F,M,CLGVGSCNDFAGCGYAIVCFW,
Siamycin-I_p10FN,Siamycin-I,POLR2A,10,F,N,CLGVGSCNDFAGCGYAIVCFW,
Siamycin-I_p10FP,Siamycin-I,POLR2A,10,F,P,CLGVGSCNDFAGCGYAIVCFW,
Siamycin-I_p10FQ,Siamycin-I,POLR2A,10,F,Q,CLGVGSCNDFAGCGYAIVCFW,
Siamycin-I_p10FR,Siamycin-I,POLR2A,10,F,R,CLGVGSCNDFAGCGYAIVCFW,
Siamycin-I_p10FS,Siamycin-I,POLR2A,10,F,S,CLGVGSCNDFAGCGYAIVCFW,
Siamycin-I_p10FT,Siamycin-I,POLR2A,10,F,T,CLGVGSCNDFAGCGYAIVCFW,
Siamycin-I_p10FV,Siamycin-I,POLR2A,10,F,V,CLGVGSCNDFAGCGYAIVCFW,
Siamycin-I_p10FW,Siamycin-I,POLR2A,10,F,W,CLGVGSCNDFAGCGYAIVCFW,
Siamycin-I_p10FY,Siamycin-I,POLR2A,10,F,Y,CLGVGSCNDFAGCGYAIVCFW,
Siamycin-I_p11AC,Siamycin-I,POLR2A,11,A,C,CLGVGSCNDFAGCGYAIVCFW,
Siamycin-I_p11AD,Siamycin-I,POLR2A,11,A,D,CLGVGSCNDFAGCGYAIVCFW,
Siamycin-I_p11AE,Siamycin-I,POLR2A,11,A,E,CLGVGSCNDFAGCGYAIVCFW,
Siamycin-I_p11AF,Siamycin-I,POLR2A,11,A,F,CLGVGSCNDFAGCGYAIVCFW,
Siamycin-I_p11AG,Siamycin-I,POLR2A,11,A,G,CLGVGSCNDFAGCGYAIVCFW,
Siamycin-I_p11AH,Siamycin-I,POLR2A,11,A,H,CLGVGSCNDFAGCGYAIVCFW,
Siamycin-I_p11AI,Siamycin-I,POLR2A,11,A,I,CLGVGSCNDFAGCGYAIVCFW,
Siamycin-I_p11AK,Siamycin-I,POLR2A,11,A,K,CLGVGSCNDFAGCGYAIVCFW,
Siamycin-I_p11AL,Siamycin-I,POLR2A,11,A,L,CLGVGSCNDFAGCGYAIVCFW,
Siamycin-I_p11AM,Siamycin-I,POLR2A,11,A,M,CLGVGSCNDFAGCGYAIVCFW,
Siamycin-I_p11AN,Siamycin-I,POLR2A,11,A,N,CLGVGSCNDFAGCGYAIVCFW,
Siamycin-I_p11AP,Siamycin-I,POLR2A,11,A,P,CLGVGSCNDFAGCGYAIVCFW,
Siamycin-I_p11AQ,Siamycin-I,POLR2A,11,A,Q,CLGVGSCNDFAGCGYAIVCFW,
Siamycin-I_p11AR,Siamycin-I,POLR2A,11,A,R,CLGVGSCNDFAGCGYAIVCFW,
Siamycin-I_p11AS,Siamycin-I,POLR2A,11,A,S,CLGVGSCNDFAGCGYAIVCFW,
Siamycin-I_p11AT,Siamycin-I,POLR2A,11,A,T,CLGVGSCNDFAGCGYAIVCFW,
Siamycin-I_p11AV,Siamycin-I,POLR2A,11,A,V,CLGVGSCNDFAGCGYAIVCFW,
Siamycin-I_p11AW,Siamycin-I,POLR2A,11,A,W,CLGVGSCNDFAGCGYAIVCFW,
Siamycin-I_p11AY,Siamycin-I,POLR2A,11,A,Y,CLGVGSCNDFAGCGYAIVCFW,
Siamycin-I_p12GA,Siamycin-I,POLR2A,12,G,A,CLGVGSCNDFAGCGYAIVCFW,structural_wt_Cys_Gly
Siamycin-I_p12GC,Siamycin-I,POLR2A,12,G,C,CLGVGSCNDFAGCGYAIVCFW,structural_wt_Cys_Gly
Siamycin-I_p12GD,Siamycin-I,POLR2A,12,G,D,CLGVGSCNDFAGCGYAIVCFW,structural_wt_Cys_Gly
Siamycin-I_p12GE,Siamycin-I,POLR2A,12,G,E,CLGVGSCNDFAGCGYAIVCFW,structural_wt_Cys_Gly
Siamycin-I_p12GF,Siamycin-I,POLR2A,12,G,F,CLGVGSCNDFAGCGYAIVCFW,structural_wt_Cys_Gly
Siamycin-I_p12GH,Siamycin-I,POLR2A,12,G,H,CLGVGSCNDFAGCGYAIVCFW,structural_wt_Cys_Gly
Siamycin-I_p12GI,Siamycin-I,POLR2A,12,G,I,CLGVGSCNDFAGCGYAIVCFW,structural_wt_Cys_Gly
Siamycin-I_p12GK,Siamycin-I,POLR2A,12,G,K,CLGVGSCNDFAGCGYAIVCFW,structural_wt_Cys_Gly
Siamycin-I_p12GL,Siamycin-I,POLR2A,12,G,L,CLGVGSCNDFAGCGYAIVCFW,structural_wt_Cys_Gly
Siamycin-I_p12GM,Siamycin-I,POLR2A,12,G,M,CLGVGSCNDFAGCGYAIVCFW,structural_wt_Cys_Gly
Siamycin-I_p12GN,Siamycin-I,POLR2A,12,G,N,CLGVGSCNDFAGCGYAIVCFW,structural_wt_Cys_Gly
Siamycin-I_p12GP,Siamycin-I,POLR2A,12,G,P,CLGVGSCNDFAGCGYAIVCFW,structural_wt_Cys_Gly
Siamycin-I_p12GQ,Siamycin-I,POLR2A,12,G,Q,CLGVGSCNDFAGCGYAIVCFW,structural_wt_Cys_Gly
Siamycin-I_p12GR,Siamycin-I,POLR2A,12,G,R,CLGVGSCNDFAGCGYAIVCFW,structural_wt_Cys_Gly
Siamycin-I_p12GS,Siamycin-I,POLR2A,12,G,S,CLGVGSCNDFAGCGYAIVCFW,structural_wt_Cys_Gly
Siamycin-I_p12GT,Siamycin-I,POLR2A,12,G,T,CLGVGSCNDFAGCGYAIVCFW,structural_wt_Cys_Gly
Siamycin-I_p12GV,Siamycin-I,POLR2A,12,G,V,CLGVGSCNDFAGCGYAIVCFW,structural_wt_Cys_Gly
Siamycin-I_p12GW,Siamycin-I,POLR2A,12,G,W,CLGVGSCNDFAGCGYAIVCFW,structural_wt_Cys_Gly
Siamycin-I_p12GY,Siamycin-I,POLR2A,12,G,Y,CLGVGSCNDFAGCGYAIVCFW,structural_wt_Cys_Gly
Siamycin-I_p13CA,Siamycin-I,POLR2A,13,C,A,CLGVGSCNDFAGCGYAIVCFW,structural_wt_Cys_Gly
Siamycin-I_p13CD,Siamycin-I,POLR2A,13,C,D,CLGVGSCNDFAGCGYAIVCFW,structural_wt_Cys_Gly
Siamycin-I_p13CE,Siamycin-I,POLR2A,13,C,E,CLGVGSCNDFAGCGYAIVCFW,structural_wt_Cys_Gly
Siamycin-I_p13CF,Siamycin-I,POLR2A,13,C,F,CLGVGSCNDFAGCGYAIVCFW,structural_wt_Cys_Gly
Siamycin-I_p13CG,Siamycin-I,POLR2A,13,C,G,CLGVGSCNDFAGCGYAIVCFW,structural_wt_Cys_Gly
Siamycin-I_p13CH,Siamycin-I,POLR2A,13,C,H,CLGVGSCNDFAGCGYAIVCFW,structural_wt_Cys_Gly
Siamycin-I_p13CI,Siamycin-I,POLR2A,13,C,I,CLGVGSCNDFAGCGYAIVCFW,structural_wt_Cys_Gly
Siamycin-I_p13CK,Siamycin-I,POLR2A,13,C,K,CLGVGSCNDFAGCGYAIVCFW,structural_wt_Cys_Gly
Siamycin-I_p13CL,Siamycin-I,POLR2A,13,C,L,CLGVGSCNDFAGCGYAIVCFW,structural_wt_Cys_Gly
Siamycin-I_p13CM,Siamycin-I,POLR2A,13,C,M,CLGVGSCNDFAGCGYAIVCFW,structural_wt_Cys_Gly
Siamycin-I_p13CN,Siamycin-I,POLR2A,13,C,N,CLGVGSCNDFAGCGYAIVCFW,structural_wt_Cys_Gly
Siamycin-I_p13CP,Siamycin-I,POLR2A,13,C,P,CLGVGSCNDFAGCGYAIVCFW,structural_wt_Cys_Gly
Siamycin-I_p13CQ,Siamycin-I,POLR2A,13,C,Q,CLGVGSCNDFAGCGYAIVCFW,structural_wt_Cys_Gly
Siamycin-I_p13CR,Siamycin-I,POLR2A,13,C,R,CLGVGSCNDFAGCGYAIVCFW,structural_wt_Cys_Gly
Siamycin-I_p13CS,Siamycin-I,POLR2A,13,C,S,CLGVGSCNDFAGCGYAIVCFW,structural_wt_Cys_Gly
Siamycin-I_p13CT,Siamycin-I,POLR2A,13,C,T,CLGVGSCNDFAGCGYAIVCFW,structural_wt_Cys_Gly
Siamycin-I_p13CV,Siamycin-I,POLR2A,13,C,V,CLGVGSCNDFAGCGYAIVCFW,structural_wt_Cys_Gly
Siamycin-I_p13CW,Siamycin-I,POLR2A,13,C,W,CLGVGSCNDFAGCGYAIVCFW,structural_wt_Cys_Gly
Siamycin-I_p13CY,Siamycin-I,POLR2A,13,C,Y,CLGVGSCNDFAGCGYAIVCFW,structural_wt_Cys_Gly
Siamycin-I_p14GA,Siamycin-I,POLR2A,14,G,A,CLGVGSCNDFAGCGYAIVCFW,structural_wt_Cys_Gly
Siamycin-I_p14GC,Siamycin-I,POLR2A,14,G,C,CLGVGSCNDFAGCGYAIVCFW,structural_wt_Cys_Gly
Siamycin-I_p14GD,Siamycin-I,POLR2A,14,G,D,CLGVGSCNDFAGCGYAIVCFW,structural_wt_Cys_Gly
Siamycin-I_p14GE,Siamycin-I,POLR2A,14,G,E,CLGVGSCNDFAGCGYAIVCFW,structural_wt_Cys_Gly
Siamycin-I_p14GF,Siamycin-I,POLR2A,14,G,F,CLGVGSCNDFAGCGYAIVCFW,structural_wt_Cys_Gly
Siamycin-I_p14GH,Siamycin-I,POLR2A,14,G,H,CLGVGSCNDFAGCGYAIVCFW,structural_wt_Cys_Gly
Siamycin-I_p14GI,Siamycin-I,POLR2A,14,G,I,CLGVGSCNDFAGCGYAIVCFW,structural_wt_Cys_Gly
Siamycin-I_p14GK,Siamycin-I,POLR2A,14,G,K,CLGVGSCNDFAGCGYAIVCFW,structural_wt_Cys_Gly
Siamycin-I_p14GL,Siamycin-I,POLR2A,14,G,L,CLGVGSCNDFAGCGYAIVCFW,structural_wt_Cys_Gly
Siamycin-I_p14GM,Siamycin-I,POLR2A,14,G,M,CLGVGSCNDFAGCGYAIVCFW,structural_wt_Cys_Gly
Siamycin-I_p14GN,Siamycin-I,POLR2A,14,G,N,CLGVGSCNDFAGCGYAIVCFW,structural_wt_Cys_Gly
Siamycin-I_p14GP,Siamycin-I,POLR2A,14,G,P,CLGVGSCNDFAGCGYAIVCFW,structural_wt_Cys_Gly
Siamycin-I_p14GQ,Siamycin-I,POLR2A,14,G,Q,CLGVGSCNDFAGCGYAIVCFW,structural_wt_Cys_Gly
Siamycin-I_p14GR,Siamycin-I,POLR2A,14,G,R,CLGVGSCNDFAGCGYAIVCFW,structural_wt_Cys_Gly
Siamycin-I_p14GS,Siamycin-I,POLR2A,14,G,S,CLGVGSCNDFAGCGYAIVCFW,structural_wt_Cys_Gly
Siamycin-I_p14GT,Siamycin-I,POLR2A,14,G,T,CLGVGSCNDFAGCGYAIVCFW,structural_wt_Cys_Gly
Siamycin-I_p14GV,Siamycin-I,POLR2A,14,G,V,CLGVGSCNDFAGCGYAIVCFW,structural_wt_Cys_Gly
Siamycin-I_p14GW,Siamycin-I,POLR2A,14,G,W,CLGVGSCNDFAGCGYAIVCFW,structural_wt_Cys_Gly
Siamycin-I_p14GY,Siamycin-I,POLR2A,14,G,Y,CLGVGSCNDFAGCGYAIVCFW,structural_wt_Cys_Gly
Siamycin-I_p15YA,Siamycin-I,POLR2A,15,Y,A,CLGVGSCNDFAGCGYAIVCFW,
Siamycin-I_p15YC,Siamycin-I,POLR2A,15,Y,C,CLGVGSCNDFAGCGYAIVCFW,
Siamycin-I_p15YD,Siamycin-I,POLR2A,15,Y,D,CLGVGSCNDFAGCGYAIVCFW,
Siamycin-I_p15YE,Siamycin-I,POLR2A,15,Y,E,CLGVGSCNDFAGCGYAIVCFW,
Siamycin-I_p15YF,Siamycin-I,POLR2A,15,Y,F,CLGVGSCNDFAGCGYAIVCFW,
Siamycin-I_p15YG,Siamycin-I,POLR2A,15,Y,G,CLGVGSCNDFAGCGYAIVCFW,
Siamycin-I_p15YH,Siamycin-I,POLR2A,15,Y,H,CLGVGSCNDFAGCGYAIVCFW,
Siamycin-I_p15YI,Siamycin-I,POLR2A,15,Y,I,CLGVGSCNDFAGCGYAIVCFW,
Siamycin-I_p15YK,Siamycin-I,POLR2A,15,Y,K,CLGVGSCNDFAGCGYAIVCFW,
Siamycin-I_p15YL,Siamycin-I,POLR2A,15,Y,L,CLGVGSCNDFAGCGYAIVCFW,
Siamycin-I_p15YM,Siamycin-I,POLR2A,15,Y,M,CLGVGSCNDFAGCGYAIVCFW,
Siamycin-I_p15YN,Siamycin-I,POLR2A,15,Y,N,CLGVGSCNDFAGCGYAIVCFW,
Siamycin-I_p15YP,Siamycin-I,POLR2A,15,Y,P,CLGVGSCNDFAGCGYAIVCFW,
Siamycin-I_p15YQ,Siamycin-I,POLR2A,15,Y,Q,CLGVGSCNDFAGCGYAIVCFW,
Siamycin-I_p15YR,Siamycin-I,POLR2A,15,Y,R,CLGVGSCNDFAGCGYAIVCFW,
Siamycin-I_p15YS,Siamycin-I,POLR2A,15,Y,S,CLGVGSCNDFAGCGYAIVCFW,
Siamycin-I_p15YT,Siamycin-I,POLR2A,15,Y,T,CLGVGSCNDFAGCGYAIVCFW,
Siamycin-I_p15YV,Siamycin-I,POLR2A,15,Y,V,CLGVGSCNDFAGCGYAIVCFW,
Siamycin-I_p15YW,Siamycin-I,POLR2A,15,Y,W,CLGVGSCNDFAGCGYAIVCFW,
Siamycin-I_p16AC,Siamycin-I,POLR2A,16,A,C,CLGVGSCNDFAGCGYAIVCFW,
Siamycin-I_p16AD,Siamycin-I,POLR2A,16,A,D,CLGVGSCNDFAGCGYAIVCFW,
Siamycin-I_p16AE,Siamycin-I,POLR2A,16,A,E,CLGVGSCNDFAGCGYAIVCFW,
Siamycin-I_p16AF,Siamycin-I,POLR2A,16,A,F,CLGVGSCNDFAGCGYAIVCFW,
Siamycin-I_p16AG,Siamycin-I,POLR2A,16,A,G,CLGVGSCNDFAGCGYAIVCFW,
Siamycin-I_p16AH,Siamycin-I,POLR2A,16,A,H,CLGVGSCNDFAGCGYAIVCFW,
Siamycin-I_p16AI,Siamycin-I,POLR2A,16,A,I,CLGVGSCNDFAGCGYAIVCFW,
Siamycin-I_p16AK,Siamycin-I,POLR2A,16,A,K,CLGVGSCNDFAGCGYAIVCFW,
Siamycin-I_p16AL,Siamycin-I,POLR2A,16,A,L,CLGVGSCNDFAGCGYAIVCFW,
Siamycin-I_p16AM,Siamycin-I,POLR2A,16,A,M,CLGVGSCNDFAGCGYAIVCFW,
Siamycin-I_p16AN,Siamycin-I,POLR2A,16,A,N,CLGVGSCNDFAGCGYAIVCFW,
Siamycin-I_p16AP,Siamycin-I,POLR2A,16,A,P,CLGVGSCNDFAGCGYAIVCFW,
Siamycin-I_p16AQ,Siamycin-I,POLR2A,16,A,Q,CLGVGSCNDFAGCGYAIVCFW,
Siamycin-I_p16AR,Siamycin-I,POLR2A,16,A,R,CLGVGSCNDFAGCGYAIVCFW,
Siamycin-I_p16AS,Siamycin-I,POLR2A,16,A,S,CLGVGSCNDFAGCGYAIVCFW,
Siamycin-I_p16AT,Siamycin-I,POLR2A,16,A,T,CLGVGSCNDFAGCGYAIVCFW,
Siamycin-I_p16AV,Siamycin-I,POLR2A,16,A,V,CLGVGSCNDFAGCGYAIVCFW,
Siamycin-I_p16AW,Siamycin-I,POLR2A,16,A,W,CLGVGSCNDFAGCGYAIVCFW,
Siamycin-I_p16AY,Siamycin-I,POLR2A,16,A,Y,CLGVGSCNDFAGCGYAIVCFW,
Siamycin-I_p17IA,Siamycin-I,POLR2A,17,I,A,CLGVGSCNDFAGCGYAIVCFW,
Siamycin-I_p17IC,Siamycin-I,POLR2A,17,I,C,CLGVGSCNDFAGCGYAIVCFW,
Siamycin-I_p17ID,Siamycin-I,POLR2A,17,I,D,CLGVGSCNDFAGCGYAIVCFW,
Siamycin-I_p17IE,Siamycin-I,POLR2A,17,I,E,CLGVGSCNDFAGCGYAIVCFW,
Siamycin-I_p17IF,Siamycin-I,POLR2A,17,I,F,CLGVGSCNDFAGCGYAIVCFW,
Siamycin-I_p17IG,Siamycin-I,POLR2A,17,I,G,CLGVGSCNDFAGCGYAIVCFW,
Siamycin-I_p17IH,Siamycin-I,POLR2A,17,I,H,CLGVGSCNDFAGCGYAIVCFW,
Siamycin-I_p17IK,Siamycin-I,POLR2A,17,I,K,CLGVGSCNDFAGCGYAIVCFW,
Siamycin-I_p17IL,Siamycin-I,POLR2A,17,I,L,CLGVGSCNDFAGCGYAIVCFW,
Siamycin-I_p17IM,Siamycin-I,POLR2A,17,I,M,CLGVGSCNDFAGCGYAIVCFW,
Siamycin-I_p17IN,Siamycin-I,POLR2A,17,I,N,CLGVGSCNDFAGCGYAIVCFW,
Siamycin-I_p17IP,Siamycin-I,POLR2A,17,I,P,CLGVGSCNDFAGCGYAIVCFW,
Siamycin-I_p17IQ,Siamycin-I,POLR2A,17,I,Q,CLGVGSCNDFAGCGYAIVCFW,
Siamycin-I_p17IR,Siamycin-I,POLR2A,17,I,R,CLGVGSCNDFAGCGYAIVCFW,
Siamycin-I_p17IS,Siamycin-I,POLR2A,17,I,S,CLGVGSCNDFAGCGYAIVCFW,
Siamycin-I_p17IT,Siamycin-I,POLR2A,17,I,T,CLGVGSCNDFAGCGYAIVCFW,
Siamycin-I_p17IV,Siamycin-I,POLR2A,17,I,V,CLGVGSCNDFAGCGYAIVCFW,
Siamycin-I_p17IW,Siamycin-I,POLR2A,17,I,W,CLGVGSCNDFAGCGYAIVCFW,
Siamycin-I_p17IY,Siamycin-I,POLR2A,17,I,Y,CLGVGSCNDFAGCGYAIVCFW,
Siamycin-I_p18VA,Siamycin-I,POLR2A,18,V,A,CLGVGSCNDFAGCGYAIVCFW,
Siamycin-I_p18VC,Siamycin-I,POLR2A,18,V,C,CLGVGSCNDFAGCGYAIVCFW,
Siamycin-I_p18VD,Siamycin-I,POLR2A,18,V,D,CLGVGSCNDFAGCGYAIVCFW,
Siamycin-I_p18VE,Siamycin-I,POLR2A,18,V,E,CLGVGSCNDFAGCGYAIVCFW,
Siamycin-I_p18VF,Siamycin-I,POLR2A,18,V,F,CLGVGSCNDFAGCGYAIVCFW,
Siamycin-I_p18VG,Siamycin-I,POLR2A,18,V,G,CLGVGSCNDFAGCGYAIVCFW,
Siamycin-I_p18VH,Siamycin-I,POLR2A,18,V,H,CLGVGSCNDFAGCGYAIVCFW,
Siamycin-I_p18VI,Siamycin-I,POLR2A,18,V,I,CLGVGSCNDFAGCGYAIVCFW,
Siamycin-I_p18VK,Siamycin-I,POLR2A,18,V,K,CLGVGSCNDFAGCGYAIVCFW,
Siamycin-I_p18VL,Siamycin-I,POLR2A,18,V,L,CLGVGSCNDFAGCGYAIVCFW,
Siamycin-I_p18VM,Siamycin-I,POLR2A,18,V,M,CLGVGSCNDFAGCGYAIVCFW,
Siamycin-I_p18VN,Siamycin-I,POLR2A,18,V,N,CLGVGSCNDFAGCGYAIVCFW,
Siamycin-I_p18VP,Siamycin-I,POLR2A,18,V,P,CLGVGSCNDFAGCGYAIVCFW,
Siamycin-I_p18VQ,Siamycin-I,POLR2A,18,V,Q,CLGVGSCNDFAGCGYAIVCFW,
Siamycin-I_p18VR,Siamycin-I,POLR2A,18,V,R,CLGVGSCNDFAGCGYAIVCFW,
Siamycin-I_p18VS,Siamycin-I,POLR2A,18,V,S,CLGVGSCNDFAGCGYAIVCFW,
Siamycin-I_p18VT,Siamycin-I,POLR2A,18,V,T,CLGVGSCNDFAGCGYAIVCFW,
Siamycin-I_p18VW,Siamycin-I,POLR2A,18,V,W,CLGVGSCNDFAGCGYAIVCFW,
Siamycin-I_p18VY,Siamycin-I,POLR2A,18,V,Y,CLGVGSCNDFAGCGYAIVCFW,
Siamycin-I_p19CA,Siamycin-I,POLR2A,19,C,A,CLGVGSCNDFAGCGYAIVCFW,structural_wt_Cys_Gly
Siamycin-I_p19CD,Siamycin-I,POLR2A,19,C,D,CLGVGSCNDFAGCGYAIVCFW,structural_wt_Cys_Gly
Siamycin-I_p19CE,Siamycin-I,POLR2A,19,C,E,CLGVGSCNDFAGCGYAIVCFW,structural_wt_Cys_Gly
Siamycin-I_p19CF,Siamycin-I,POLR2A,19,C,F,CLGVGSCNDFAGCGYAIVCFW,structural_wt_Cys_Gly
Siamycin-I_p19CG,Siamycin-I,POLR2A,19,C,G,CLGVGSCNDFAGCGYAIVCFW,structural_wt_Cys_Gly
Siamycin-I_p19CH,Siamycin-I,POLR2A,19,C,H,CLGVGSCNDFAGCGYAIVCFW,structural_wt_Cys_Gly
Siamycin-I_p19CI,Siamycin-I,POLR2A,19,C,I,CLGVGSCNDFAGCGYAIVCFW,structural_wt_Cys_Gly
Siamycin-I_p19CK,Siamycin-I,POLR2A,19,C,K,CLGVGSCNDFAGCGYAIVCFW,structural_wt_Cys_Gly
Siamycin-I_p19CL,Siamycin-I,POLR2A,19,C,L,CLGVGSCNDFAGCGYAIVCFW,structural_wt_Cys_Gly
Siamycin-I_p19CM,Siamycin-I,POLR2A,19,C,M,CLGVGSCNDFAGCGYAIVCFW,structural_wt_Cys_Gly
Siamycin-I_p19CN,Siamycin-I,POLR2A,19,C,N,CLGVGSCNDFAGCGYAIVCFW,structural_wt_Cys_Gly
Siamycin-I_p19CP,Siamycin-I,POLR2A,19,C,P,CLGVGSCNDFAGCGYAIVCFW,structural_wt_Cys_Gly
Siamycin-I_p19CQ,Siamycin-I,POLR2A,19,C,Q,CLGVGSCNDFAGCGYAIVCFW,structural_wt_Cys_Gly
Siamycin-I_p19CR,Siamycin-I,POLR2A,19,C,R,CLGVGSCNDFAGCGYAIVCFW,structural_wt_Cys_Gly
Siamycin-I_p19CS,Siamycin-I,POLR2A,19,C,S,CLGVGSCNDFAGCGYAIVCFW,structural_wt_Cys_Gly
Siamycin-I_p19CT,Siamycin-I,POLR2A,19,C,T,CLGVGSCNDFAGCGYAIVCFW,structural_wt_Cys_Gly
Siamycin-I_p19CV,Siamycin-I,POLR2A,19,C,V,CLGVGSCNDFAGCGYAIVCFW,structural_wt_Cys_Gly
Siamycin-I_p19CW,Siamycin-I,POLR2A,19,C,W,CLGVGSCNDFAGCGYAIVCFW,structural_wt_Cys_Gly
Siamycin-I_p19CY,Siamycin-I,POLR2A,19,C,Y,CLGVGSCNDFAGCGYAIVCFW,structural_wt_Cys_Gly
Siamycin-I_p20FA,Siamycin-I,POLR2A,20,F,A,CLGVGSCNDFAGCGYAIVCFW,
Siamycin-I_p20FC,Siamycin-I,POLR2A,20,F,C,CLGVGSCNDFAGCGYAIVCFW,
Siamycin-I_p20FD,Siamycin-I,POLR2A,20,F,D,CLGVGSCNDFAGCGYAIVCFW,
Siamycin-I_p20FE,Siamycin-I,POLR2A,20,F,E,CLGVGSCNDFAGCGYAIVCFW,
Siamycin-I_p20FG,Siamycin-I,POLR2A,20,F,G,CLGVGSCNDFAGCGYAIVCFW,
Siamycin-I_p20FH,Siamycin-I,POLR2A,20,F,H,CLGVGSCNDFAGCGYAIVCFW,
Siamycin-I_p20FI,Siamycin-I,POLR2A,20,F,I,CLGVGSCNDFAGCGYAIVCFW,
Siamycin-I_p20FK,Siamycin-I,POLR2A,20,F,K,CLGVGSCNDFAGCGYAIVCFW,
Siamycin-I_p20FL,Siamycin-I,POLR2A,20,F,L,CLGVGSCNDFAGCGYAIVCFW,
Siamycin-I_p20FM,Siamycin-I,POLR2A,20,F,M,CLGVGSCNDFAGCGYAIVCFW,
Siamycin-I_p20FN,Siamycin-I,POLR2A,20,F,N,CLGVGSCNDFAGCGYAIVCFW,
Siamycin-I_p20FP,Siamycin-I,POLR2A,20,F,P,CLGVGSCNDFAGCGYAIVCFW,
Siamycin-I_p20FQ,Siamycin-I,POLR2A,20,F,Q,CLGVGSCNDFAGCGYAIVCFW,
Siamycin-I_p20FR,Siamycin-I,POLR2A,20,F,R,CLGVGSCNDFAGCGYAIVCFW,
Siamycin-I_p20FS,Siamycin-I,POLR2A,20,F,S,CLGVGSCNDFAGCGYAIVCFW,
Siamycin-I_p20FT,Siamycin-I,POLR2A,20,F,T,CLGVGSCNDFAGCGYAIVCFW,
Siamycin-I_p20FV,Siamycin-I,POLR2A,20,F,V,CLGVGSCNDFAGCGYAIVCFW,
Siamycin-I_p20FW,Siamycin-I,POLR2A,20,F,W,CLGVGSCNDFAGCGYAIVCFW,
Siamycin-I_p20FY,Siamycin-I,POLR2A,20,F,Y,CLGVGSCNDFAGCGYAIVCFW,
Siamycin-I_p21WA,Siamycin-I,POLR2A,21,W,A,CLGVGSCNDFAGCGYAIVCFW,
Siamycin-I_p21WC,Siamycin-I,POLR2A,21,W,C,CLGVGSCNDFAGCGYAIVCFW,
Siamycin-I_p21WD,Siamycin-I,POLR2A,21,W,D,CLGVGSCNDFAGCGYAIVCFW,
Siamycin-I_p21WE,Siamycin-I,POLR2A,21,W,E,CLGVGSCNDFAGCGYAIVCFW,
Siamycin-I_p21WF,Siamycin-I,POLR2A,21,W,F,CLGVGSCNDFAGCGYAIVCFW,
Siamycin-I_p21WG,Siamycin-I,POLR2A,21,W,G,CLGVGSCNDFAGCGYAIVCFW,
Siamycin-I_p21WH,Siamycin-I,POLR2A,21,W,H,CLGVGSCNDFAGCGYAIVCFW,
Siamycin-I_p21WI,Siamycin-I,POLR2A,21,W,I,CLGVGSCNDFAGCGYAIVCFW,
Siamycin-I_p21WK,Siamycin-I,POLR2A,21,W,K,CLGVGSCNDFAGCGYAIVCFW,
Siamycin-I_p21WL,Siamycin-I,POLR2A,21,W,L,CLGVGSCNDFAGCGYAIVCFW,
Siamycin-I_p21WM,Siamycin-I,POLR2A,21,W,M,CLGVGSCNDFAGCGYAIVCFW,
Siamycin-I_p21WN,Siamycin-I,POLR2A,21,W,N,CLGVGSCNDFAGCGYAIVCFW,
Siamycin-I_p21WP,Siamycin-I,POLR2A,21,W,P,CLGVGSCNDFAGCGYAIVCFW,
Siamycin-I_p21WQ,Siamycin-I,POLR2A,21,W,Q,CLGVGSCNDFAGCGYAIVCFW,
Siamycin-I_p21WR,Siamycin-I,POLR2A,21,W,R,CLGVGSCNDFAGCGYAIVCFW,
Siamycin-I_p21WS,Siamycin-I,POLR2A,21,W,S,CLGVGSCNDFAGCGYAIVCFW,
Siamycin-I_p21WT,Siamycin-I,POLR2A,21,W,T,CLGVGSCNDFAGCGYAIVCFW,
Siamycin-I_p21WV,Siamycin-I,POLR2A,21,W,V,CLGVGSCNDFAGCGYAIVCFW,
Siamycin-I_p21WY,Siamycin-I,POLR2A,21,W,Y,CLGVGSCNDFAGCGYAIVCFW,
Lassomycin_p1GA,Lassomycin,CLPB,1,G,A,GLRRLFANQLVGRRNI,structural_wt_Cys_Gly
Lassomycin_p1GC,Lassomycin,CLPB,1,G,C,GLRRLFANQLVGRRNI,structural_wt_Cys_Gly
Lassomycin_p1GD,Lassomycin,CLPB,1,G,D,GLRRLFANQLVGRRNI,structural_wt_Cys_Gly
Lassomycin_p1GE,Lassomycin,CLPB,1,G,E,GLRRLFANQLVGRRNI,structural_wt_Cys_Gly
Lassomycin_p1GF,Lassomycin,CLPB,1,G,F,GLRRLFANQLVGRRNI,structural_wt_Cys_Gly
Lassomycin_p1GH,Lassomycin,CLPB,1,G,H,GLRRLFANQLVGRRNI,structural_wt_Cys_Gly
Lassomycin_p1GI,Lassomycin,CLPB,1,G,I,GLRRLFANQLVGRRNI,structural_wt_Cys_Gly
Lassomycin_p1GK,Lassomycin,CLPB,1,G,K,GLRRLFANQLVGRRNI,structural_wt_Cys_Gly
Lassomycin_p1GL,Lassomycin,CLPB,1,G,L,GLRRLFANQLVGRRNI,structural_wt_Cys_Gly
Lassomycin_p1GM,Lassomycin,CLPB,1,G,M,GLRRLFANQLVGRRNI,structural_wt_Cys_Gly
Lassomycin_p1GN,Lassomycin,CLPB,1,G,N,GLRRLFANQLVGRRNI,structural_wt_Cys_Gly
Lassomycin_p1GP,Lassomycin,CLPB,1,G,P,GLRRLFANQLVGRRNI,structural_wt_Cys_Gly
Lassomycin_p1GQ,Lassomycin,CLPB,1,G,Q,GLRRLFANQLVGRRNI,structural_wt_Cys_Gly
Lassomycin_p1GR,Lassomycin,CLPB,1,G,R,GLRRLFANQLVGRRNI,structural_wt_Cys_Gly
Lassomycin_p1GS,Lassomycin,CLPB,1,G,S,GLRRLFANQLVGRRNI,structural_wt_Cys_Gly
Lassomycin_p1GT,Lassomycin,CLPB,1,G,T,GLRRLFANQLVGRRNI,structural_wt_Cys_Gly
Lassomycin_p1GV,Lassomycin,CLPB,1,G,V,GLRRLFANQLVGRRNI,structural_wt_Cys_Gly
Lassomycin_p1GW,Lassomycin,CLPB,1,G,W,GLRRLFANQLVGRRNI,structural_wt_Cys_Gly
Lassomycin_p1GY,Lassomycin,CLPB,1,G,Y,GLRRLFANQLVGRRNI,structural_wt_Cys_Gly
Lassomycin_p2LA,Lassomycin,CLPB,2,L,A,GLRRLFANQLVGRRNI,
Lassomycin_p2LC,Lassomycin,CLPB,2,L,C,GLRRLFANQLVGRRNI,
Lassomycin_p2LD,Lassomycin,CLPB,2,L,D,GLRRLFANQLVGRRNI,
Lassomycin_p2LE,Lassomycin,CLPB,2,L,E,GLRRLFANQLVGRRNI,
Lassomycin_p2LF,Lassomycin,CLPB,2,L,F,GLRRLFANQLVGRRNI,
Lassomycin_p2LG,Lassomycin,CLPB,2,L,G,GLRRLFANQLVGRRNI,
Lassomycin_p2LH,Lassomycin,CLPB,2,L,H,GLRRLFANQLVGRRNI,
Lassomycin_p2LI,Lassomycin,CLPB,2,L,I,GLRRLFANQLVGRRNI,
Lassomycin_p2LK,Lassomycin,CLPB,2,L,K,GLRRLFANQLVGRRNI,
Lassomycin_p2LM,Lassomycin,CLPB,2,L,M,GLRRLFANQLVGRRNI,
Lassomycin_p2LN,Lassomycin,CLPB,2,L,N,GLRRLFANQLVGRRNI,
Lassomycin_p2LP,Lassomycin,CLPB,2,L,P,GLRRLFANQLVGRRNI,
Lassomycin_p2LQ,Lassomycin,CLPB,2,L,Q,GLRRLFANQLVGRRNI,
Lassomycin_p2LR,Lassomycin,CLPB,2,L,R,GLRRLFANQLVGRRNI,
Lassomycin_p2LS,Lassomycin,CLPB,2,L,S,GLRRLFANQLVGRRNI,
Lassomycin_p2LT,Lassomycin,CLPB,2,L,T,GLRRLFANQLVGRRNI,
Lassomycin_p2LV,Lassomycin,CLPB,2,L,V,GLRRLFANQLVGRRNI,
Lassomycin_p2LW,Lassomycin,CLPB,2,L,W,GLRRLFANQLVGRRNI,
Lassomycin_p2LY,Lassomycin,CLPB,2,L,Y,GLRRLFANQLVGRRNI,
Lassomycin_p3RA,Lassomycin,CLPB,3,R,A,GLRRLFANQLVGRRNI,
Lassomycin_p3RC,Lassomycin,CLPB,3,R,C,GLRRLFANQLVGRRNI,
Lassomycin_p3RD,Lassomycin,CLPB,3,R,D,GLRRLFANQLVGRRNI,
Lassomycin_p3RE,Lassomycin,CLPB,3,R,E,GLRRLFANQLVGRRNI,
Lassomycin_p3RF,Lassomycin,CLPB,3,R,F,GLRRLFANQLVGRRNI,
Lassomycin_p3RG,Lassomycin,CLPB,3,R,G,GLRRLFANQLVGRRNI,
Lassomycin_p3RH,Lassomycin,CLPB,3,R,H,GLRRLFANQLVGRRNI,
Lassomycin_p3RI,Lassomycin,CLPB,3,R,I,GLRRLFANQLVGRRNI,
Lassomycin_p3RK,Lassomycin,CLPB,3,R,K,GLRRLFANQLVGRRNI,
Lassomycin_p3RL,Lassomycin,CLPB,3,R,L,GLRRLFANQLVGRRNI,
Lassomycin_p3RM,Lassomycin,CLPB,3,R,M,GLRRLFANQLVGRRNI,
Lassomycin_p3RN,Lassomycin,CLPB,3,R,N,GLRRLFANQLVGRRNI,
Lassomycin_p3RP,Lassomycin,CLPB,3,R,P,GLRRLFANQLVGRRNI,
Lassomycin_p3RQ,Lassomycin,CLPB,3,R,Q,GLRRLFANQLVGRRNI,
Lassomycin_p3RS,Lassomycin,CLPB,3,R,S,GLRRLFANQLVGRRNI,
Lassomycin_p3RT,Lassomycin,CLPB,3,R,T,GLRRLFANQLVGRRNI,
Lassomycin_p3RV,Lassomycin,CLPB,3,R,V,GLRRLFANQLVGRRNI,
Lassomycin_p3RW,Lassomycin,CLPB,3,R,W,GLRRLFANQLVGRRNI,
Lassomycin_p3RY,Lassomycin,CLPB,3,R,Y,GLRRLFANQLVGRRNI,
Lassomycin_p4RA,Lassomycin,CLPB,4,R,A,GLRRLFANQLVGRRNI,
Lassomycin_p4RC,Lassomycin,CLPB,4,R,C,GLRRLFANQLVGRRNI,
Lassomycin_p4RD,Lassomycin,CLPB,4,R,D,GLRRLFANQLVGRRNI,
Lassomycin_p4RE,Lassomycin,CLPB,4,R,E,GLRRLFANQLVGRRNI,
Lassomycin_p4RF,Lassomycin,CLPB,4,R,F,GLRRLFANQLVGRRNI,
Lassomycin_p4RG,Lassomycin,CLPB,4,R,G,GLRRLFANQLVGRRNI,
Lassomycin_p4RH,Lassomycin,CLPB,4,R,H,GLRRLFANQLVGRRNI,
Lassomycin_p4RI,Lassomycin,CLPB,4,R,I,GLRRLFANQLVGRRNI,
Lassomycin_p4RK,Lassomycin,CLPB,4,R,K,GLRRLFANQLVGRRNI,
Lassomycin_p4RL,Lassomycin,CLPB,4,R,L,GLRRLFANQLVGRRNI,
Lassomycin_p4RM,Lassomycin,CLPB,4,R,M,GLRRLFANQLVGRRNI,
Lassomycin_p4RN,Lassomycin,CLPB,4,R,N,GLRRLFANQLVGRRNI,
Lassomycin_p4RP,Lassomycin,CLPB,4,R,P,GLRRLFANQLVGRRNI,
Lassomycin_p4RQ,Lassomycin,CLPB,4,R,Q,GLRRLFANQLVGRRNI,
Lassomycin_p4RS,Lassomycin,CLPB,4,R,S,GLRRLFANQLVGRRNI,
Lassomycin_p4RT,Lassomycin,CLPB,4,R,T,GLRRLFANQLVGRRNI,
Lassomycin_p4RV,Lassomycin,CLPB,4,R,V,GLRRLFANQLVGRRNI,
Lassomycin_p4RW,Lassomycin,CLPB,4,R,W,GLRRLFANQLVGRRNI,
Lassomycin_p4RY,Lassomycin,CLPB,4,R,Y,GLRRLFANQLVGRRNI,
Lassomycin_p5LA,Lassomycin,CLPB,5,L,A,GLRRLFANQLVGRRNI,
Lassomycin_p5LC,Lassomycin,CLPB,5,L,C,GLRRLFANQLVGRRNI,
Lassomycin_p5LD,Lassomycin,CLPB,5,L,D,GLRRLFANQLVGRRNI,
Lassomycin_p5LE,Lassomycin,CLPB,5,L,E,GLRRLFANQLVGRRNI,
Lassomycin_p5LF,Lassomycin,CLPB,5,L,F,GLRRLFANQLVGRRNI,
Lassomycin_p5LG,Lassomycin,CLPB,5,L,G,GLRRLFANQLVGRRNI,
Lassomycin_p5LH,Lassomycin,CLPB,5,L,H,GLRRLFANQLVGRRNI,
Lassomycin_p5LI,Lassomycin,CLPB,5,L,I,GLRRLFANQLVGRRNI,
Lassomycin_p5LK,Lassomycin,CLPB,5,L,K,GLRRLFANQLVGRRNI,
Lassomycin_p5LM,Lassomycin,CLPB,5,L,M,GLRRLFANQLVGRRNI,
Lassomycin_p5LN,Lassomycin,CLPB,5,L,N,GLRRLFANQLVGRRNI,
Lassomycin_p5LP,Lassomycin,CLPB,5,L,P,GLRRLFANQLVGRRNI,
Lassomycin_p5LQ,Lassomycin,CLPB,5,L,Q,GLRRLFANQLVGRRNI,
Lassomycin_p5LR,Lassomycin,CLPB,5,L,R,GLRRLFANQLVGRRNI,
Lassomycin_p5LS,Lassomycin,CLPB,5,L,S,GLRRLFANQLVGRRNI,
Lassomycin_p5LT,Lassomycin,CLPB,5,L,T,GLRRLFANQLVGRRNI,
Lassomycin_p5LV,Lassomycin,CLPB,5,L,V,GLRRLFANQLVGRRNI,
Lassomycin_p5LW,Lassomycin,CLPB,5,L,W,GLRRLFANQLVGRRNI,
Lassomycin_p5LY,Lassomycin,CLPB,5,L,Y,GLRRLFANQLVGRRNI,
Lassomycin_p6FA,Lassomycin,CLPB,6,F,A,GLRRLFANQLVGRRNI,
Lassomycin_p6FC,Lassomycin,CLPB,6,F,C,GLRRLFANQLVGRRNI,
Lassomycin_p6FD,Lassomycin,CLPB,6,F,D,GLRRLFANQLVGRRNI,
Lassomycin_p6FE,Lassomycin,CLPB,6,F,E,GLRRLFANQLVGRRNI,
Lassomycin_p6FG,Lassomycin,CLPB,6,F,G,GLRRLFANQLVGRRNI,
Lassomycin_p6FH,Lassomycin,CLPB,6,F,H,GLRRLFANQLVGRRNI,
Lassomycin_p6FI,Lassomycin,CLPB,6,F,I,GLRRLFANQLVGRRNI,
Lassomycin_p6FK,Lassomycin,CLPB,6,F,K,GLRRLFANQLVGRRNI,
Lassomycin_p6FL,Lassomycin,CLPB,6,F,L,GLRRLFANQLVGRRNI,
Lassomycin_p6FM,Lassomycin,CLPB,6,F,M,GLRRLFANQLVGRRNI,
Lassomycin_p6FN,Lassomycin,CLPB,6,F,N,GLRRLFANQLVGRRNI,
Lassomycin_p6FP,Lassomycin,CLPB,6,F,P,GLRRLFANQLVGRRNI,
Lassomycin_p6FQ,Lassomycin,CLPB,6,F,Q,GLRRLFANQLVGRRNI,
Lassomycin_p6FR,Lassomycin,CLPB,6,F,R,GLRRLFANQLVGRRNI,
Lassomycin_p6FS,Lassomycin,CLPB,6,F,S,GLRRLFANQLVGRRNI,
Lassomycin_p6FT,Lassomycin,CLPB,6,F,T,GLRRLFANQLVGRRNI,
Lassomycin_p6FV,Lassomycin,CLPB,6,F,V,GLRRLFANQLVGRRNI,
Lassomycin_p6FW,Lassomycin,CLPB,6,F,W,GLRRLFANQLVGRRNI,
Lassomycin_p6FY,Lassomycin,CLPB,6,F,Y,GLRRLFANQLVGRRNI,
Lassomycin_p7AC,Lassomycin,CLPB,7,A,C,GLRRLFANQLVGRRNI,
Lassomycin_p7AD,Lassomycin,CLPB,7,A,D,GLRRLFANQLVGRRNI,
Lassomycin_p7AE,Lassomycin,CLPB,7,A,E,GLRRLFANQLVGRRNI,
Lassomycin_p7AF,Lassomycin,CLPB,7,A,F,GLRRLFANQLVGRRNI,
Lassomycin_p7AG,Lassomycin,CLPB,7,A,G,GLRRLFANQLVGRRNI,
Lassomycin_p7AH,Lassomycin,CLPB,7,A,H,GLRRLFANQLVGRRNI,
Lassomycin_p7AI,Lassomycin,CLPB,7,A,I,GLRRLFANQLVGRRNI,
Lassomycin_p7AK,Lassomycin,CLPB,7,A,K,GLRRLFANQLVGRRNI,
Lassomycin_p7AL,Lassomycin,CLPB,7,A,L,GLRRLFANQLVGRRNI,
Lassomycin_p7AM,Lassomycin,CLPB,7,A,M,GLRRLFANQLVGRRNI,
Lassomycin_p7AN,Lassomycin,CLPB,7,A,N,GLRRLFANQLVGRRNI,
Lassomycin_p7AP,Lassomycin,CLPB,7,A,P,GLRRLFANQLVGRRNI,
Lassomycin_p7AQ,Lassomycin,CLPB,7,A,Q,GLRRLFANQLVGRRNI,
Lassomycin_p7AR,Lassomycin,CLPB,7,A,R,GLRRLFANQLVGRRNI,
Lassomycin_p7AS,Lassomycin,CLPB,7,A,S,GLRRLFANQLVGRRNI,
Lassomycin_p7AT,Lassomycin,CLPB,7,A,T,GLRRLFANQLVGRRNI,
Lassomycin_p7AV,Lassomycin,CLPB,7,A,V,GLRRLFANQLVGRRNI,
Lassomycin_p7AW,Lassomycin,CLPB,7,A,W,GLRRLFANQLVGRRNI,
Lassomycin_p7AY,Lassomycin,CLPB,7,A,Y,GLRRLFANQLVGRRNI,
Lassomycin_p8NA,Lassomycin,CLPB,8,N,A,GLRRLFANQLVGRRNI,
Lassomycin_p8NC,Lassomycin,CLPB,8,N,C,GLRRLFANQLVGRRNI,
Lassomycin_p8ND,Lassomycin,CLPB,8,N,D,GLRRLFANQLVGRRNI,
Lassomycin_p8NE,Lassomycin,CLPB,8,N,E,GLRRLFANQLVGRRNI,
Lassomycin_p8NF,Lassomycin,CLPB,8,N,F,GLRRLFANQLVGRRNI,
Lassomycin_p8NG,Lassomycin,CLPB,8,N,G,GLRRLFANQLVGRRNI,
Lassomycin_p8NH,Lassomycin,CLPB,8,N,H,GLRRLFANQLVGRRNI,
Lassomycin_p8NI,Lassomycin,CLPB,8,N,I,GLRRLFANQLVGRRNI,
Lassomycin_p8NK,Lassomycin,CLPB,8,N,K,GLRRLFANQLVGRRNI,
Lassomycin_p8NL,Lassomycin,CLPB,8,N,L,GLRRLFANQLVGRRNI,
Lassomycin_p8NM,Lassomycin,CLPB,8,N,M,GLRRLFANQLVGRRNI,
Lassomycin_p8NP,Lassomycin,CLPB,8,N,P,GLRRLFANQLVGRRNI,
Lassomycin_p8NQ,Lassomycin,CLPB,8,N,Q,GLRRLFANQLVGRRNI,
Lassomycin_p8NR,Lassomycin,CLPB,8,N,R,GLRRLFANQLVGRRNI,
Lassomycin_p8NS,Lassomycin,CLPB,8,N,S,GLRRLFANQLVGRRNI,
Lassomycin_p8NT,Lassomycin,CLPB,8,N,T,GLRRLFANQLVGRRNI,
Lassomycin_p8NV,Lassomycin,CLPB,8,N,V,GLRRLFANQLVGRRNI,
Lassomycin_p8NW,Lassomycin,CLPB,8,N,W,GLRRLFANQLVGRRNI,
Lassomycin_p8NY,Lassomycin,CLPB,8,N,Y,GLRRLFANQLVGRRNI,
Lassomycin_p9QA,Lassomycin,CLPB,9,Q,A,GLRRLFANQLVGRRNI,
Lassomycin_p9QC,Lassomycin,CLPB,9,Q,C,GLRRLFANQLVGRRNI,
Lassomycin_p9QD,Lassomycin,CLPB,9,Q,D,GLRRLFANQLVGRRNI,
Lassomycin_p9QE,Lassomycin,CLPB,9,Q,E,GLRRLFANQLVGRRNI,
Lassomycin_p9QF,Lassomycin,CLPB,9,Q,F,GLRRLFANQLVGRRNI,
Lassomycin_p9QG,Lassomycin,CLPB,9,Q,G,GLRRLFANQLVGRRNI,
Lassomycin_p9QH,Lassomycin,CLPB,9,Q,H,GLRRLFANQLVGRRNI,
Lassomycin_p9QI,Lassomycin,CLPB,9,Q,I,GLRRLFANQLVGRRNI,
Lassomycin_p9QK,Lassomycin,CLPB,9,Q,K,GLRRLFANQLVGRRNI,
Lassomycin_p9QL,Lassomycin,CLPB,9,Q,L,GLRRLFANQLVGRRNI,
Lassomycin_p9QM,Lassomycin,CLPB,9,Q,M,GLRRLFANQLVGRRNI,
Lassomycin_p9QN,Lassomycin,CLPB,9,Q,N,GLRRLFANQLVGRRNI,
Lassomycin_p9QP,Lassomycin,CLPB,9,Q,P,GLRRLFANQLVGRRNI,
Lassomycin_p9QR,Lassomycin,CLPB,9,Q,R,GLRRLFANQLVGRRNI,
Lassomycin_p9QS,Lassomycin,CLPB,9,Q,S,GLRRLFANQLVGRRNI,
Lassomycin_p9QT,Lassomycin,CLPB,9,Q,T,GLRRLFANQLVGRRNI,
Lassomycin_p9QV,Lassomycin,CLPB,9,Q,V,GLRRLFANQLVGRRNI,
Lassomycin_p9QW,Lassomycin,CLPB,9,Q,W,GLRRLFANQLVGRRNI,
Lassomycin_p9QY,Lassomycin,CLPB,9,Q,Y,GLRRLFANQLVGRRNI,
Lassomycin_p10LA,Lassomycin,CLPB,10,L,A,GLRRLFANQLVGRRNI,
Lassomycin_p10LC,Lassomycin,CLPB,10,L,C,GLRRLFANQLVGRRNI,
Lassomycin_p10LD,Lassomycin,CLPB,10,L,D,GLRRLFANQLVGRRNI,
Lassomycin_p10LE,Lassomycin,CLPB,10,L,E,GLRRLFANQLVGRRNI,
Lassomycin_p10LF,Lassomycin,CLPB,10,L,F,GLRRLFANQLVGRRNI,
Lassomycin_p10LG,Lassomycin,CLPB,10,L,G,GLRRLFANQLVGRRNI,
Lassomycin_p10LH,Lassomycin,CLPB,10,L,H,GLRRLFANQLVGRRNI,
Lassomycin_p10LI,Lassomycin,CLPB,10,L,I,GLRRLFANQLVGRRNI,
Lassomycin_p10LK,Lassomycin,CLPB,10,L,K,GLRRLFANQLVGRRNI,
Lassomycin_p10LM,Lassomycin,CLPB,10,L,M,GLRRLFANQLVGRRNI,
Lassomycin_p10LN,Lassomycin,CLPB,10,L,N,GLRRLFANQLVGRRNI,
Lassomycin_p10LP,Lassomycin,CLPB,10,L,P,GLRRLFANQLVGRRNI,
Lassomycin_p10LQ,Lassomycin,CLPB,10,L,Q,GLRRLFANQLVGRRNI,
Lassomycin_p10LR,Lassomycin,CLPB,10,L,R,GLRRLFANQLVGRRNI,
Lassomycin_p10LS,Lassomycin,CLPB,10,L,S,GLRRLFANQLVGRRNI,
Lassomycin_p10LT,Lassomycin,CLPB,10,L,T,GLRRLFANQLVGRRNI,
Lassomycin_p10LV,Lassomycin,CLPB,10,L,V,GLRRLFANQLVGRRNI,
Lassomycin_p10LW,Lassomycin,CLPB,10,L,W,GLRRLFANQLVGRRNI,
Lassomycin_p10LY,Lassomycin,CLPB,10,L,Y,GLRRLFANQLVGRRNI,
Lassomycin_p11VA,Lassomycin,CLPB,11,V,A,GLRRLFANQLVGRRNI,
Lassomycin_p11VC,Lassomycin,CLPB,11,V,C,GLRRLFANQLVGRRNI,
Lassomycin_p11VD,Lassomycin,CLPB,11,V,D,GLRRLFANQLVGRRNI,
Lassomycin_p11VE,Lassomycin,CLPB,11,V,E,GLRRLFANQLVGRRNI,
Lassomycin_p11VF,Lassomycin,CLPB,11,V,F,GLRRLFANQLVGRRNI,
Lassomycin_p11VG,Lassomycin,CLPB,11,V,G,GLRRLFANQLVGRRNI,
Lassomycin_p11VH,Lassomycin,CLPB,11,V,H,GLRRLFANQLVGRRNI,
Lassomycin_p11VI,Lassomycin,CLPB,11,V,I,GLRRLFANQLVGRRNI,
Lassomycin_p11VK,Lassomycin,CLPB,11,V,K,GLRRLFANQLVGRRNI,
Lassomycin_p11VL,Lassomycin,CLPB,11,V,L,GLRRLFANQLVGRRNI,
Lassomycin_p11VM,Lassomycin,CLPB,11,V,M,GLRRLFANQLVGRRNI,
Lassomycin_p11VN,Lassomycin,CLPB,11,V,N,GLRRLFANQLVGRRNI,
Lassomycin_p11VP,Lassomycin,CLPB,11,V,P,GLRRLFANQLVGRRNI,
Lassomycin_p11VQ,Lassomycin,CLPB,11,V,Q,GLRRLFANQLVGRRNI,
Lassomycin_p11VR,Lassomycin,CLPB,11,V,R,GLRRLFANQLVGRRNI,
Lassomycin_p11VS,Lassomycin,CLPB,11,V,S,GLRRLFANQLVGRRNI,
Lassomycin_p11VT,Lassomycin,CLPB,11,V,T,GLRRLFANQLVGRRNI,
Lassomycin_p11VW,Lassomycin,CLPB,11,V,W,GLRRLFANQLVGRRNI,
Lassomycin_p11VY,Lassomycin,CLPB,11,V,Y,GLRRLFANQLVGRRNI,
Lassomycin_p12GA,Lassomycin,CLPB,12,G,A,GLRRLFANQLVGRRNI,structural_wt_Cys_Gly
Lassomycin_p12GC,Lassomycin,CLPB,12,G,C,GLRRLFANQLVGRRNI,structural_wt_Cys_Gly
Lassomycin_p12GD,Lassomycin,CLPB,12,G,D,GLRRLFANQLVGRRNI,structural_wt_Cys_Gly
Lassomycin_p12GE,Lassomycin,CLPB,12,G,E,GLRRLFANQLVGRRNI,structural_wt_Cys_Gly
Lassomycin_p12GF,Lassomycin,CLPB,12,G,F,GLRRLFANQLVGRRNI,structural_wt_Cys_Gly
Lassomycin_p12GH,Lassomycin,CLPB,12,G,H,GLRRLFANQLVGRRNI,structural_wt_Cys_Gly
Lassomycin_p12GI,Lassomycin,CLPB,12,G,I,GLRRLFANQLVGRRNI,structural_wt_Cys_Gly
Lassomycin_p12GK,Lassomycin,CLPB,12,G,K,GLRRLFANQLVGRRNI,structural_wt_Cys_Gly
Lassomycin_p12GL,Lassomycin,CLPB,12,G,L,GLRRLFANQLVGRRNI,structural_wt_Cys_Gly
Lassomycin_p12GM,Lassomycin,CLPB,12,G,M,GLRRLFANQLVGRRNI,structural_wt_Cys_Gly
Lassomycin_p12GN,Lassomycin,CLPB,12,G,N,GLRRLFANQLVGRRNI,structural_wt_Cys_Gly
Lassomycin_p12GP,Lassomycin,CLPB,12,G,P,GLRRLFANQLVGRRNI,structural_wt_Cys_Gly
Lassomycin_p12GQ,Lassomycin,CLPB,12,G,Q,GLRRLFANQLVGRRNI,structural_wt_Cys_Gly
Lassomycin_p12GR,Lassomycin,CLPB,12,G,R,GLRRLFANQLVGRRNI,structural_wt_Cys_Gly
Lassomycin_p12GS,Lassomycin,CLPB,12,G,S,GLRRLFANQLVGRRNI,structural_wt_Cys_Gly
Lassomycin_p12GT,Lassomycin,CLPB,12,G,T,GLRRLFANQLVGRRNI,structural_wt_Cys_Gly
Lassomycin_p12GV,Lassomycin,CLPB,12,G,V,GLRRLFANQLVGRRNI,structural_wt_Cys_Gly
Lassomycin_p12GW,Lassomycin,CLPB,12,G,W,GLRRLFANQLVGRRNI,structural_wt_Cys_Gly
Lassomycin_p12GY,Lassomycin,CLPB,12,G,Y,GLRRLFANQLVGRRNI,structural_wt_Cys_Gly
Lassomycin_p13RA,Lassomycin,CLPB,13,R,A,GLRRLFANQLVGRRNI,
Lassomycin_p13RC,Lassomycin,CLPB,13,R,C,GLRRLFANQLVGRRNI,
Lassomycin_p13RD,Lassomycin,CLPB,13,R,D,GLRRLFANQLVGRRNI,
Lassomycin_p13RE,Lassomycin,CLPB,13,R,E,GLRRLFANQLVGRRNI,
Lassomycin_p13RF,Lassomycin,CLPB,13,R,F,GLRRLFANQLVGRRNI,
Lassomycin_p13RG,Lassomycin,CLPB,13,R,G,GLRRLFANQLVGRRNI,
Lassomycin_p13RH,Lassomycin,CLPB,13,R,H,GLRRLFANQLVGRRNI,
Lassomycin_p13RI,Lassomycin,CLPB,13,R,I,GLRRLFANQLVGRRNI,
Lassomycin_p13RK,Lassomycin,CLPB,13,R,K,GLRRLFANQLVGRRNI,
Lassomycin_p13RL,Lassomycin,CLPB,13,R,L,GLRRLFANQLVGRRNI,
Lassomycin_p13RM,Lassomycin,CLPB,13,R,M,GLRRLFANQLVGRRNI,
Lassomycin_p13RN,Lassomycin,CLPB,13,R,N,GLRRLFANQLVGRRNI,
Lassomycin_p13RP,Lassomycin,CLPB,13,R,P,GLRRLFANQLVGRRNI,
Lassomycin_p13RQ,Lassomycin,CLPB,13,R,Q,GLRRLFANQLVGRRNI,
Lassomycin_p13RS,Lassomycin,CLPB,13,R,S,GLRRLFANQLVGRRNI,
Lassomycin_p13RT,Lassomycin,CLPB,13,R,T,GLRRLFANQLVGRRNI,
Lassomycin_p13RV,Lassomycin,CLPB,13,R,V,GLRRLFANQLVGRRNI,
Lassomycin_p13RW,Lassomycin,CLPB,13,R,W,GLRRLFANQLVGRRNI,
Lassomycin_p13RY,Lassomycin,CLPB,13,R,Y,GLRRLFANQLVGRRNI,
Lassomycin_p14RA,Lassomycin,CLPB,14,R,A,GLRRLFANQLVGRRNI,
Lassomycin_p14RC,Lassomycin,CLPB,14,R,C,GLRRLFANQLVGRRNI,
Lassomycin_p14RD,Lassomycin,CLPB,14,R,D,GLRRLFANQLVGRRNI,
Lassomycin_p14RE,Lassomycin,CLPB,14,R,E,GLRRLFANQLVGRRNI,
Lassomycin_p14RF,Lassomycin,CLPB,14,R,F,GLRRLFANQLVGRRNI,
Lassomycin_p14RG,Lassomycin,CLPB,14,R,G,GLRRLFANQLVGRRNI,
Lassomycin_p14RH,Lassomycin,CLPB,14,R,H,GLRRLFANQLVGRRNI,
Lassomycin_p14RI,Lassomycin,CLPB,14,R,I,GLRRLFANQLVGRRNI,
Lassomycin_p14RK,Lassomycin,CLPB,14,R,K,GLRRLFANQLVGRRNI,
Lassomycin_p14RL,Lassomycin,CLPB,14,R,L,GLRRLFANQLVGRRNI,
Lassomycin_p14RM,Lassomycin,CLPB,14,R,M,GLRRLFANQLVGRRNI,
Lassomycin_p14RN,Lassomycin,CLPB,14,R,N,GLRRLFANQLVGRRNI,
Lassomycin_p14RP,Lassomycin,CLPB,14,R,P,GLRRLFANQLVGRRNI,
Lassomycin_p14RQ,Lassomycin,CLPB,14,R,Q,GLRRLFANQLVGRRNI,
Lassomycin_p14RS,Lassomycin,CLPB,14,R,S,GLRRLFANQLVGRRNI,
Lassomycin_p14RT,Lassomycin,CLPB,14,R,T,GLRRLFANQLVGRRNI,
Lassomycin_p14RV,Lassomycin,CLPB,14,R,V,GLRRLFANQLVGRRNI,
Lassomycin_p14RW,Lassomycin,CLPB,14,R,W,GLRRLFANQLVGRRNI,
Lassomycin_p14RY,Lassomycin,CLPB,14,R,Y,GLRRLFANQLVGRRNI,
Lassomycin_p15NA,Lassomycin,CLPB,15,N,A,GLRRLFANQLVGRRNI,
Lassomycin_p15NC,Lassomycin,CLPB,15,N,C,GLRRLFANQLVGRRNI,
Lassomycin_p15ND,Lassomycin,CLPB,15,N,D,GLRRLFANQLVGRRNI,
Lassomycin_p15NE,Lassomycin,CLPB,15,N,E,GLRRLFANQLVGRRNI,
Lassomycin_p15NF,Lassomycin,CLPB,15,N,F,GLRRLFANQLVGRRNI,
Lassomycin_p15NG,Lassomycin,CLPB,15,N,G,GLRRLFANQLVGRRNI,
Lassomycin_p15NH,Lassomycin,CLPB,15,N,H,GLRRLFANQLVGRRNI,
Lassomycin_p15NI,Lassomycin,CLPB,15,N,I,GLRRLFANQLVGRRNI,
Lassomycin_p15NK,Lassomycin,CLPB,15,N,K,GLRRLFANQLVGRRNI,
Lassomycin_p15NL,Lassomycin,CLPB,15,N,L,GLRRLFANQLVGRRNI,
Lassomycin_p15NM,Lassomycin,CLPB,15,N,M,GLRRLFANQLVGRRNI,
Lassomycin_p15NP,Lassomycin,CLPB,15,N,P,GLRRLFANQLVGRRNI,
Lassomycin_p15NQ,Lassomycin,CLPB,15,N,Q,GLRRLFANQLVGRRNI,
Lassomycin_p15NR,Lassomycin,CLPB,15,N,R,GLRRLFANQLVGRRNI,
Lassomycin_p15NS,Lassomycin,CLPB,15,N,S,GLRRLFANQLVGRRNI,
Lassomycin_p15NT,Lassomycin,CLPB,15,N,T,GLRRLFANQLVGRRNI,
Lassomycin_p15NV,Lassomycin,CLPB,15,N,V,GLRRLFANQLVGRRNI,
Lassomycin_p15NW,Lassomycin,CLPB,15,N,W,GLRRLFANQLVGRRNI,
Lassomycin_p15NY,Lassomycin,CLPB,15,N,Y,GLRRLFANQLVGRRNI,
Lassomycin_p16IA,Lassomycin,CLPB,16,I,A,GLRRLFANQLVGRRNI,
Lassomycin_p16IC,Lassomycin,CLPB,16,I,C,GLRRLFANQLVGRRNI,
Lassomycin_p16ID,Lassomycin,CLPB,16,I,D,GLRRLFANQLVGRRNI,
Lassomycin_p16IE,Lassomycin,CLPB,16,I,E,GLRRLFANQLVGRRNI,
Lassomycin_p16IF,Lassomycin,CLPB,16,I,F,GLRRLFANQLVGRRNI,
Lassomycin_p16IG,Lassomycin,CLPB,16,I,G,GLRRLFANQLVGRRNI,
Lassomycin_p16IH,Lassomycin,CLPB,16,I,H,GLRRLFANQLVGRRNI,
Lassomycin_p16IK,Lassomycin,CLPB,16,I,K,GLRRLFANQLVGRRNI,
Lassomycin_p16IL,Lassomycin,CLPB,16,I,L,GLRRLFANQLVGRRNI,
Lassomycin_p16IM,Lassomycin,CLPB,16,I,M,GLRRLFANQLVGRRNI,
Lassomycin_p16IN,Lassomycin,CLPB,16,I,N,GLRRLFANQLVGRRNI,
Lassomycin_p16IP,Lassomycin,CLPB,16,I,P,GLRRLFANQLVGRRNI,
Lassomycin_p16IQ,Lassomycin,CLPB,16,I,Q,GLRRLFANQLVGRRNI,
Lassomycin_p16IR,Lassomycin,CLPB,16,I,R,GLRRLFANQLVGRRNI,
Lassomycin_p16IS,Lassomycin,CLPB,16,I,S,GLRRLFANQLVGRRNI,
Lassomycin_p16IT,Lassomycin,CLPB,16,I,T,GLRRLFANQLVGRRNI,
Lassomycin_p16IV,Lassomycin,CLPB,16,I,V,GLRRLFANQLVGRRNI,
Lassomycin_p16IW,Lassomycin,CLPB,16,I,W,GLRRLFANQLVGRRNI,
Lassomycin_p16IY,Lassomycin,CLPB,16,I,Y,GLRRLFANQLVGRRNI,
Sphingopyxin-I_p1GA,Sphingopyxin-I,EDNRB,1,G,A,GIEPLGPVDEDQGEHYLFAGGITADD,structural_wt_Cys_Gly
Sphingopyxin-I_p1GC,Sphingopyxin-I,EDNRB,1,G,C,GIEPLGPVDEDQGEHYLFAGGITADD,structural_wt_Cys_Gly
Sphingopyxin-I_p1GD,Sphingopyxin-I,EDNRB,1,G,D,GIEPLGPVDEDQGEHYLFAGGITADD,structural_wt_Cys_Gly
Sphingopyxin-I_p1GE,Sphingopyxin-I,EDNRB,1,G,E,GIEPLGPVDEDQGEHYLFAGGITADD,structural_wt_Cys_Gly
Sphingopyxin-I_p1GF,Sphingopyxin-I,EDNRB,1,G,F,GIEPLGPVDEDQGEHYLFAGGITADD,structural_wt_Cys_Gly
Sphingopyxin-I_p1GH,Sphingopyxin-I,EDNRB,1,G,H,GIEPLGPVDEDQGEHYLFAGGITADD,structural_wt_Cys_Gly
Sphingopyxin-I_p1GI,Sphingopyxin-I,EDNRB,1,G,I,GIEPLGPVDEDQGEHYLFAGGITADD,structural_wt_Cys_Gly
Sphingopyxin-I_p1GK,Sphingopyxin-I,EDNRB,1,G,K,GIEPLGPVDEDQGEHYLFAGGITADD,structural_wt_Cys_Gly
Sphingopyxin-I_p1GL,Sphingopyxin-I,EDNRB,1,G,L,GIEPLGPVDEDQGEHYLFAGGITADD,structural_wt_Cys_Gly
Sphingopyxin-I_p1GM,Sphingopyxin-I,EDNRB,1,G,M,GIEPLGPVDEDQGEHYLFAGGITADD,structural_wt_Cys_Gly
Sphingopyxin-I_p1GN,Sphingopyxin-I,EDNRB,1,G,N,GIEPLGPVDEDQGEHYLFAGGITADD,structural_wt_Cys_Gly
Sphingopyxin-I_p1GP,Sphingopyxin-I,EDNRB,1,G,P,GIEPLGPVDEDQGEHYLFAGGITADD,structural_wt_Cys_Gly
Sphingopyxin-I_p1GQ,Sphingopyxin-I,EDNRB,1,G,Q,GIEPLGPVDEDQGEHYLFAGGITADD,structural_wt_Cys_Gly
Sphingopyxin-I_p1GR,Sphingopyxin-I,EDNRB,1,G,R,GIEPLGPVDEDQGEHYLFAGGITADD,structural_wt_Cys_Gly
Sphingopyxin-I_p1GS,Sphingopyxin-I,EDNRB,1,G,S,GIEPLGPVDEDQGEHYLFAGGITADD,structural_wt_Cys_Gly
Sphingopyxin-I_p1GT,Sphingopyxin-I,EDNRB,1,G,T,GIEPLGPVDEDQGEHYLFAGGITADD,structural_wt_Cys_Gly
Sphingopyxin-I_p1GV,Sphingopyxin-I,EDNRB,1,G,V,GIEPLGPVDEDQGEHYLFAGGITADD,structural_wt_Cys_Gly
Sphingopyxin-I_p1GW,Sphingopyxin-I,EDNRB,1,G,W,GIEPLGPVDEDQGEHYLFAGGITADD,structural_wt_Cys_Gly
Sphingopyxin-I_p1GY,Sphingopyxin-I,EDNRB,1,G,Y,GIEPLGPVDEDQGEHYLFAGGITADD,structural_wt_Cys_Gly
Sphingopyxin-I_p2IA,Sphingopyxin-I,EDNRB,2,I,A,GIEPLGPVDEDQGEHYLFAGGITADD,
Sphingopyxin-I_p2IC,Sphingopyxin-I,EDNRB,2,I,C,GIEPLGPVDEDQGEHYLFAGGITADD,
Sphingopyxin-I_p2ID,Sphingopyxin-I,EDNRB,2,I,D,GIEPLGPVDEDQGEHYLFAGGITADD,
Sphingopyxin-I_p2IE,Sphingopyxin-I,EDNRB,2,I,E,GIEPLGPVDEDQGEHYLFAGGITADD,
Sphingopyxin-I_p2IF,Sphingopyxin-I,EDNRB,2,I,F,GIEPLGPVDEDQGEHYLFAGGITADD,
Sphingopyxin-I_p2IG,Sphingopyxin-I,EDNRB,2,I,G,GIEPLGPVDEDQGEHYLFAGGITADD,
Sphingopyxin-I_p2IH,Sphingopyxin-I,EDNRB,2,I,H,GIEPLGPVDEDQGEHYLFAGGITADD,
Sphingopyxin-I_p2IK,Sphingopyxin-I,EDNRB,2,I,K,GIEPLGPVDEDQGEHYLFAGGITADD,
Sphingopyxin-I_p2IL,Sphingopyxin-I,EDNRB,2,I,L,GIEPLGPVDEDQGEHYLFAGGITADD,
Sphingopyxin-I_p2IM,Sphingopyxin-I,EDNRB,2,I,M,GIEPLGPVDEDQGEHYLFAGGITADD,
Sphingopyxin-I_p2IN,Sphingopyxin-I,EDNRB,2,I,N,GIEPLGPVDEDQGEHYLFAGGITADD,
Sphingopyxin-I_p2IP,Sphingopyxin-I,EDNRB,2,I,P,GIEPLGPVDEDQGEHYLFAGGITADD,
Sphingopyxin-I_p2IQ,Sphingopyxin-I,EDNRB,2,I,Q,GIEPLGPVDEDQGEHYLFAGGITADD,
Sphingopyxin-I_p2IR,Sphingopyxin-I,EDNRB,2,I,R,GIEPLGPVDEDQGEHYLFAGGITADD,
Sphingopyxin-I_p2IS,Sphingopyxin-I,EDNRB,2,I,S,GIEPLGPVDEDQGEHYLFAGGITADD,
Sphingopyxin-I_p2IT,Sphingopyxin-I,EDNRB,2,I,T,GIEPLGPVDEDQGEHYLFAGGITADD,
Sphingopyxin-I_p2IV,Sphingopyxin-I,EDNRB,2,I,V,GIEPLGPVDEDQGEHYLFAGGITADD,
Sphingopyxin-I_p2IW,Sphingopyxin-I,EDNRB,2,I,W,GIEPLGPVDEDQGEHYLFAGGITADD,
Sphingopyxin-I_p2IY,Sphingopyxin-I,EDNRB,2,I,Y,GIEPLGPVDEDQGEHYLFAGGITADD,
Sphingopyxin-I_p3EA,Sphingopyxin-I,EDNRB,3,E,A,GIEPLGPVDEDQGEHYLFAGGITADD,
Sphingopyxin-I_p3EC,Sphingopyxin-I,EDNRB,3,E,C,GIEPLGPVDEDQGEHYLFAGGITADD,
Sphingopyxin-I_p3ED,Sphingopyxin-I,EDNRB,3,E,D,GIEPLGPVDEDQGEHYLFAGGITADD,
Sphingopyxin-I_p3EF,Sphingopyxin-I,EDNRB,3,E,F,GIEPLGPVDEDQGEHYLFAGGITADD,
Sphingopyxin-I_p3EG,Sphingopyxin-I,EDNRB,3,E,G,GIEPLGPVDEDQGEHYLFAGGITADD,
Sphingopyxin-I_p3EH,Sphingopyxin-I,EDNRB,3,E,H,GIEPLGPVDEDQGEHYLFAGGITADD,
Sphingopyxin-I_p3EI,Sphingopyxin-I,EDNRB,3,E,I,GIEPLGPVDEDQGEHYLFAGGITADD,
Sphingopyxin-I_p3EK,Sphingopyxin-I,EDNRB,3,E,K,GIEPLGPVDEDQGEHYLFAGGITADD,
Sphingopyxin-I_p3EL,Sphingopyxin-I,EDNRB,3,E,L,GIEPLGPVDEDQGEHYLFAGGITADD,
Sphingopyxin-I_p3EM,Sphingopyxin-I,EDNRB,3,E,M,GIEPLGPVDEDQGEHYLFAGGITADD,
Sphingopyxin-I_p3EN,Sphingopyxin-I,EDNRB,3,E,N,GIEPLGPVDEDQGEHYLFAGGITADD,
Sphingopyxin-I_p3EP,Sphingopyxin-I,EDNRB,3,E,P,GIEPLGPVDEDQGEHYLFAGGITADD,
Sphingopyxin-I_p3EQ,Sphingopyxin-I,EDNRB,3,E,Q,GIEPLGPVDEDQGEHYLFAGGITADD,
Sphingopyxin-I_p3ER,Sphingopyxin-I,EDNRB,3,E,R,GIEPLGPVDEDQGEHYLFAGGITADD,
Sphingopyxin-I_p3ES,Sphingopyxin-I,EDNRB,3,E,S,GIEPLGPVDEDQGEHYLFAGGITADD,
Sphingopyxin-I_p3ET,Sphingopyxin-I,EDNRB,3,E,T,GIEPLGPVDEDQGEHYLFAGGITADD,
Sphingopyxin-I_p3EV,Sphingopyxin-I,EDNRB,3,E,V,GIEPLGPVDEDQGEHYLFAGGITADD,
Sphingopyxin-I_p3EW,Sphingopyxin-I,EDNRB,3,E,W,GIEPLGPVDEDQGEHYLFAGGITADD,
Sphingopyxin-I_p3EY,Sphingopyxin-I,EDNRB,3,E,Y,GIEPLGPVDEDQGEHYLFAGGITADD,
Sphingopyxin-I_p4PA,Sphingopyxin-I,EDNRB,4,P,A,GIEPLGPVDEDQGEHYLFAGGITADD,
Sphingopyxin-I_p4PC,Sphingopyxin-I,EDNRB,4,P,C,GIEPLGPVDEDQGEHYLFAGGITADD,
Sphingopyxin-I_p4PD,Sphingopyxin-I,EDNRB,4,P,D,GIEPLGPVDEDQGEHYLFAGGITADD,
Sphingopyxin-I_p4PE,Sphingopyxin-I,EDNRB,4,P,E,GIEPLGPVDEDQGEHYLFAGGITADD,
Sphingopyxin-I_p4PF,Sphingopyxin-I,EDNRB,4,P,F,GIEPLGPVDEDQGEHYLFAGGITADD,
Sphingopyxin-I_p4PG,Sphingopyxin-I,EDNRB,4,P,G,GIEPLGPVDEDQGEHYLFAGGITADD,may_break_turn
Sphingopyxin-I_p4PH,Sphingopyxin-I,EDNRB,4,P,H,GIEPLGPVDEDQGEHYLFAGGITADD,
Sphingopyxin-I_p4PI,Sphingopyxin-I,EDNRB,4,P,I,GIEPLGPVDEDQGEHYLFAGGITADD,
Sphingopyxin-I_p4PK,Sphingopyxin-I,EDNRB,4,P,K,GIEPLGPVDEDQGEHYLFAGGITADD,
Sphingopyxin-I_p4PL,Sphingopyxin-I,EDNRB,4,P,L,GIEPLGPVDEDQGEHYLFAGGITADD,
Sphingopyxin-I_p4PM,Sphingopyxin-I,EDNRB,4,P,M,GIEPLGPVDEDQGEHYLFAGGITADD,
Sphingopyxin-I_p4PN,Sphingopyxin-I,EDNRB,4,P,N,GIEPLGPVDEDQGEHYLFAGGITADD,
Sphingopyxin-I_p4PQ,Sphingopyxin-I,EDNRB,4,P,Q,GIEPLGPVDEDQGEHYLFAGGITADD,
Sphingopyxin-I_p4PR,Sphingopyxin-I,EDNRB,4,P,R,GIEPLGPVDEDQGEHYLFAGGITADD,
Sphingopyxin-I_p4PS,Sphingopyxin-I,EDNRB,4,P,S,GIEPLGPVDEDQGEHYLFAGGITADD,
Sphingopyxin-I_p4PT,Sphingopyxin-I,EDNRB,4,P,T,GIEPLGPVDEDQGEHYLFAGGITADD,
Sphingopyxin-I_p4PV,Sphingopyxin-I,EDNRB,4,P,V,GIEPLGPVDEDQGEHYLFAGGITADD,
Sphingopyxin-I_p4PW,Sphingopyxin-I,EDNRB,4,P,W,GIEPLGPVDEDQGEHYLFAGGITADD,
Sphingopyxin-I_p4PY,Sphingopyxin-I,EDNRB,4,P,Y,GIEPLGPVDEDQGEHYLFAGGITADD,
Sphingopyxin-I_p5LA,Sphingopyxin-I,EDNRB,5,L,A,GIEPLGPVDEDQGEHYLFAGGITADD,
Sphingopyxin-I_p5LC,Sphingopyxin-I,EDNRB,5,L,C,GIEPLGPVDEDQGEHYLFAGGITADD,
Sphingopyxin-I_p5LD,Sphingopyxin-I,EDNRB,5,L,D,GIEPLGPVDEDQGEHYLFAGGITADD,
Sphingopyxin-I_p5LE,Sphingopyxin-I,EDNRB,5,L,E,GIEPLGPVDEDQGEHYLFAGGITADD,
Sphingopyxin-I_p5LF,Sphingopyxin-I,EDNRB,5,L,F,GIEPLGPVDEDQGEHYLFAGGITADD,
Sphingopyxin-I_p5LG,Sphingopyxin-I,EDNRB,5,L,G,GIEPLGPVDEDQGEHYLFAGGITADD,
Sphingopyxin-I_p5LH,Sphingopyxin-I,EDNRB,5,L,H,GIEPLGPVDEDQGEHYLFAGGITADD,
Sphingopyxin-I_p5LI,Sphingopyxin-I,EDNRB,5,L,I,GIEPLGPVDEDQGEHYLFAGGITADD,
Sphingopyxin-I_p5LK,Sphingopyxin-I,EDNRB,5,L,K,GIEPLGPVDEDQGEHYLFAGGITADD,
Sphingopyxin-I_p5LM,Sphingopyxin-I,EDNRB,5,L,M,GIEPLGPVDEDQGEHYLFAGGITADD,
Sphingopyxin-I_p5LN,Sphingopyxin-I,EDNRB,5,L,N,GIEPLGPVDEDQGEHYLFAGGITADD,
Sphingopyxin-I_p5LP,Sphingopyxin-I,EDNRB,5,L,P,GIEPLGPVDEDQGEHYLFAGGITADD,
Sphingopyxin-I_p5LQ,Sphingopyxin-I,EDNRB,5,L,Q,GIEPLGPVDEDQGEHYLFAGGITADD,
Sphingopyxin-I_p5LR,Sphingopyxin-I,EDNRB,5,L,R,GIEPLGPVDEDQGEHYLFAGGITADD,
Sphingopyxin-I_p5LS,Sphingopyxin-I,EDNRB,5,L,S,GIEPLGPVDEDQGEHYLFAGGITADD,
Sphingopyxin-I_p5LT,Sphingopyxin-I,EDNRB,5,L,T,GIEPLGPVDEDQGEHYLFAGGITADD,
Sphingopyxin-I_p5LV,Sphingopyxin-I,EDNRB,5,L,V,GIEPLGPVDEDQGEHYLFAGGITADD,
Sphingopyxin-I_p5LW,Sphingopyxin-I,EDNRB,5,L,W,GIEPLGPVDEDQGEHYLFAGGITADD,
Sphingopyxin-I_p5LY,Sphingopyxin-I,EDNRB,5,L,Y,GIEPLGPVDEDQGEHYLFAGGITADD,
Sphingopyxin-I_p6GA,Sphingopyxin-I,EDNRB,6,G,A,GIEPLGPVDEDQGEHYLFAGGITADD,structural_wt_Cys_Gly
Sphingopyxin-I_p6GC,Sphingopyxin-I,EDNRB,6,G,C,GIEPLGPVDEDQGEHYLFAGGITADD,structural_wt_Cys_Gly
Sphingopyxin-I_p6GD,Sphingopyxin-I,EDNRB,6,G,D,GIEPLGPVDEDQGEHYLFAGGITADD,structural_wt_Cys_Gly
Sphingopyxin-I_p6GE,Sphingopyxin-I,EDNRB,6,G,E,GIEPLGPVDEDQGEHYLFAGGITADD,structural_wt_Cys_Gly
Sphingopyxin-I_p6GF,Sphingopyxin-I,EDNRB,6,G,F,GIEPLGPVDEDQGEHYLFAGGITADD,structural_wt_Cys_Gly
Sphingopyxin-I_p6GH,Sphingopyxin-I,EDNRB,6,G,H,GIEPLGPVDEDQGEHYLFAGGITADD,structural_wt_Cys_Gly
Sphingopyxin-I_p6GI,Sphingopyxin-I,EDNRB,6,G,I,GIEPLGPVDEDQGEHYLFAGGITADD,structural_wt_Cys_Gly
Sphingopyxin-I_p6GK,Sphingopyxin-I,EDNRB,6,G,K,GIEPLGPVDEDQGEHYLFAGGITADD,structural_wt_Cys_Gly
Sphingopyxin-I_p6GL,Sphingopyxin-I,EDNRB,6,G,L,GIEPLGPVDEDQGEHYLFAGGITADD,structural_wt_Cys_Gly
Sphingopyxin-I_p6GM,Sphingopyxin-I,EDNRB,6,G,M,GIEPLGPVDEDQGEHYLFAGGITADD,structural_wt_Cys_Gly
Sphingopyxin-I_p6GN,Sphingopyxin-I,EDNRB,6,G,N,GIEPLGPVDEDQGEHYLFAGGITADD,structural_wt_Cys_Gly
Sphingopyxin-I_p6GP,Sphingopyxin-I,EDNRB,6,G,P,GIEPLGPVDEDQGEHYLFAGGITADD,structural_wt_Cys_Gly
Sphingopyxin-I_p6GQ,Sphingopyxin-I,EDNRB,6,G,Q,GIEPLGPVDEDQGEHYLFAGGITADD,structural_wt_Cys_Gly
Sphingopyxin-I_p6GR,Sphingopyxin-I,EDNRB,6,G,R,GIEPLGPVDEDQGEHYLFAGGITADD,structural_wt_Cys_Gly
Sphingopyxin-I_p6GS,Sphingopyxin-I,EDNRB,6,G,S,GIEPLGPVDEDQGEHYLFAGGITADD,structural_wt_Cys_Gly
Sphingopyxin-I_p6GT,Sphingopyxin-I,EDNRB,6,G,T,GIEPLGPVDEDQGEHYLFAGGITADD,structural_wt_Cys_Gly
Sphingopyxin-I_p6GV,Sphingopyxin-I,EDNRB,6,G,V,GIEPLGPVDEDQGEHYLFAGGITADD,structural_wt_Cys_Gly
Sphingopyxin-I_p6GW,Sphingopyxin-I,EDNRB,6,G,W,GIEPLGPVDEDQGEHYLFAGGITADD,structural_wt_Cys_Gly
Sphingopyxin-I_p6GY,Sphingopyxin-I,EDNRB,6,G,Y,GIEPLGPVDEDQGEHYLFAGGITADD,structural_wt_Cys_Gly
Sphingopyxin-I_p7PA,Sphingopyxin-I,EDNRB,7,P,A,GIEPLGPVDEDQGEHYLFAGGITADD,
Sphingopyxin-I_p7PC,Sphingopyxin-I,EDNRB,7,P,C,GIEPLGPVDEDQGEHYLFAGGITADD,
Sphingopyxin-I_p7PD,Sphingopyxin-I,EDNRB,7,P,D,GIEPLGPVDEDQGEHYLFAGGITADD,
Sphingopyxin-I_p7PE,Sphingopyxin-I,EDNRB,7,P,E,GIEPLGPVDEDQGEHYLFAGGITADD,
Sphingopyxin-I_p7PF,Sphingopyxin-I,EDNRB,7,P,F,GIEPLGPVDEDQGEHYLFAGGITADD,
Sphingopyxin-I_p7PG,Sphingopyxin-I,EDNRB,7,P,G,GIEPLGPVDEDQGEHYLFAGGITADD,may_break_turn
Sphingopyxin-I_p7PH,Sphingopyxin-I,EDNRB,7,P,H,GIEPLGPVDEDQGEHYLFAGGITADD,
Sphingopyxin-I_p7PI,Sphingopyxin-I,EDNRB,7,P,I,GIEPLGPVDEDQGEHYLFAGGITADD,
Sphingopyxin-I_p7PK,Sphingopyxin-I,EDNRB,7,P,K,GIEPLGPVDEDQGEHYLFAGGITADD,
Sphingopyxin-I_p7PL,Sphingopyxin-I,EDNRB,7,P,L,GIEPLGPVDEDQGEHYLFAGGITADD,
Sphingopyxin-I_p7PM,Sphingopyxin-I,EDNRB,7,P,M,GIEPLGPVDEDQGEHYLFAGGITADD,
Sphingopyxin-I_p7PN,Sphingopyxin-I,EDNRB,7,P,N,GIEPLGPVDEDQGEHYLFAGGITADD,
Sphingopyxin-I_p7PQ,Sphingopyxin-I,EDNRB,7,P,Q,GIEPLGPVDEDQGEHYLFAGGITADD,
Sphingopyxin-I_p7PR,Sphingopyxin-I,EDNRB,7,P,R,GIEPLGPVDEDQGEHYLFAGGITADD,
Sphingopyxin-I_p7PS,Sphingopyxin-I,EDNRB,7,P,S,GIEPLGPVDEDQGEHYLFAGGITADD,
Sphingopyxin-I_p7PT,Sphingopyxin-I,EDNRB,7,P,T,GIEPLGPVDEDQGEHYLFAGGITADD,
Sphingopyxin-I_p7PV,Sphingopyxin-I,EDNRB,7,P,V,GIEPLGPVDEDQGEHYLFAGGITADD,
Sphingopyxin-I_p7PW,Sphingopyxin-I,EDNRB,7,P,W,GIEPLGPVDEDQGEHYLFAGGITADD,
Sphingopyxin-I_p7PY,Sphingopyxin-I,EDNRB,7,P,Y,GIEPLGPVDEDQGEHYLFAGGITADD,
Sphingopyxin-I_p8VA,Sphingopyxin-I,EDNRB,8,V,A,GIEPLGPVDEDQGEHYLFAGGITADD,
Sphingopyxin-I_p8VC,Sphingopyxin-I,EDNRB,8,V,C,GIEPLGPVDEDQGEHYLFAGGITADD,
Sphingopyxin-I_p8VD,Sphingopyxin-I,EDNRB,8,V,D,GIEPLGPVDEDQGEHYLFAGGITADD,
Sphingopyxin-I_p8VE,Sphingopyxin-I,EDNRB,8,V,E,GIEPLGPVDEDQGEHYLFAGGITADD,
Sphingopyxin-I_p8VF,Sphingopyxin-I,EDNRB,8,V,F,GIEPLGPVDEDQGEHYLFAGGITADD,
Sphingopyxin-I_p8VG,Sphingopyxin-I,EDNRB,8,V,G,GIEPLGPVDEDQGEHYLFAGGITADD,
Sphingopyxin-I_p8VH,Sphingopyxin-I,EDNRB,8,V,H,GIEPLGPVDEDQGEHYLFAGGITADD,
Sphingopyxin-I_p8VI,Sphingopyxin-I,EDNRB,8,V,I,GIEPLGPVDEDQGEHYLFAGGITADD,
Sphingopyxin-I_p8VK,Sphingopyxin-I,EDNRB,8,V,K,GIEPLGPVDEDQGEHYLFAGGITADD,
Sphingopyxin-I_p8VL,Sphingopyxin-I,EDNRB,8,V,L,GIEPLGPVDEDQGEHYLFAGGITADD,
Sphingopyxin-I_p8VM,Sphingopyxin-I,EDNRB,8,V,M,GIEPLGPVDEDQGEHYLFAGGITADD,
Sphingopyxin-I_p8VN,Sphingopyxin-I,EDNRB,8,V,N,GIEPLGPVDEDQGEHYLFAGGITADD,
Sphingopyxin-I_p8VP,Sphingopyxin-I,EDNRB,8,V,P,GIEPLGPVDEDQGEHYLFAGGITADD,
Sphingopyxin-I_p8VQ,Sphingopyxin-I,EDNRB,8,V,Q,GIEPLGPVDEDQGEHYLFAGGITADD,
Sphingopyxin-I_p8VR,Sphingopyxin-I,EDNRB,8,V,R,GIEPLGPVDEDQGEHYLFAGGITADD,
Sphingopyxin-I_p8VS,Sphingopyxin-I,EDNRB,8,V,S,GIEPLGPVDEDQGEHYLFAGGITADD,
Sphingopyxin-I_p8VT,Sphingopyxin-I,EDNRB,8,V,T,GIEPLGPVDEDQGEHYLFAGGITADD,
Sphingopyxin-I_p8VW,Sphingopyxin-I,EDNRB,8,V,W,GIEPLGPVDEDQGEHYLFAGGITADD,
Sphingopyxin-I_p8VY,Sphingopyxin-I,EDNRB,8,V,Y,GIEPLGPVDEDQGEHYLFAGGITADD,
Sphingopyxin-I_p9DA,Sphingopyxin-I,EDNRB,9,D,A,GIEPLGPVDEDQGEHYLFAGGITADD,
Sphingopyxin-I_p9DC,Sphingopyxin-I,EDNRB,9,D,C,GIEPLGPVDEDQGEHYLFAGGITADD,
Sphingopyxin-I_p9DE,Sphingopyxin-I,EDNRB,9,D,E,GIEPLGPVDEDQGEHYLFAGGITADD,
Sphingopyxin-I_p9DF,Sphingopyxin-I,EDNRB,9,D,F,GIEPLGPVDEDQGEHYLFAGGITADD,
Sphingopyxin-I_p9DG,Sphingopyxin-I,EDNRB,9,D,G,GIEPLGPVDEDQGEHYLFAGGITADD,
Sphingopyxin-I_p9DH,Sphingopyxin-I,EDNRB,9,D,H,GIEPLGPVDEDQGEHYLFAGGITADD,
Sphingopyxin-I_p9DI,Sphingopyxin-I,EDNRB,9,D,I,GIEPLGPVDEDQGEHYLFAGGITADD,
Sphingopyxin-I_p9DK,Sphingopyxin-I,EDNRB,9,D,K,GIEPLGPVDEDQGEHYLFAGGITADD,
Sphingopyxin-I_p9DL,Sphingopyxin-I,EDNRB,9,D,L,GIEPLGPVDEDQGEHYLFAGGITADD,
Sphingopyxin-I_p9DM,Sphingopyxin-I,EDNRB,9,D,M,GIEPLGPVDEDQGEHYLFAGGITADD,
Sphingopyxin-I_p9DN,Sphingopyxin-I,EDNRB,9,D,N,GIEPLGPVDEDQGEHYLFAGGITADD,
Sphingopyxin-I_p9DP,Sphingopyxin-I,EDNRB,9,D,P,GIEPLGPVDEDQGEHYLFAGGITADD,
Sphingopyxin-I_p9DQ,Sphingopyxin-I,EDNRB,9,D,Q,GIEPLGPVDEDQGEHYLFAGGITADD,
Sphingopyxin-I_p9DR,Sphingopyxin-I,EDNRB,9,D,R,GIEPLGPVDEDQGEHYLFAGGITADD,
Sphingopyxin-I_p9DS,Sphingopyxin-I,EDNRB,9,D,S,GIEPLGPVDEDQGEHYLFAGGITADD,
Sphingopyxin-I_p9DT,Sphingopyxin-I,EDNRB,9,D,T,GIEPLGPVDEDQGEHYLFAGGITADD,
Sphingopyxin-I_p9DV,Sphingopyxin-I,EDNRB,9,D,V,GIEPLGPVDEDQGEHYLFAGGITADD,
Sphingopyxin-I_p9DW,Sphingopyxin-I,EDNRB,9,D,W,GIEPLGPVDEDQGEHYLFAGGITADD,
Sphingopyxin-I_p9DY,Sphingopyxin-I,EDNRB,9,D,Y,GIEPLGPVDEDQGEHYLFAGGITADD,
Sphingopyxin-I_p10EA,Sphingopyxin-I,EDNRB,10,E,A,GIEPLGPVDEDQGEHYLFAGGITADD,
Sphingopyxin-I_p10EC,Sphingopyxin-I,EDNRB,10,E,C,GIEPLGPVDEDQGEHYLFAGGITADD,
Sphingopyxin-I_p10ED,Sphingopyxin-I,EDNRB,10,E,D,GIEPLGPVDEDQGEHYLFAGGITADD,
Sphingopyxin-I_p10EF,Sphingopyxin-I,EDNRB,10,E,F,GIEPLGPVDEDQGEHYLFAGGITADD,
Sphingopyxin-I_p10EG,Sphingopyxin-I,EDNRB,10,E,G,GIEPLGPVDEDQGEHYLFAGGITADD,
Sphingopyxin-I_p10EH,Sphingopyxin-I,EDNRB,10,E,H,GIEPLGPVDEDQGEHYLFAGGITADD,
Sphingopyxin-I_p10EI,Sphingopyxin-I,EDNRB,10,E,I,GIEPLGPVDEDQGEHYLFAGGITADD,
Sphingopyxin-I_p10EK,Sphingopyxin-I,EDNRB,10,E,K,GIEPLGPVDEDQGEHYLFAGGITADD,
Sphingopyxin-I_p10EL,Sphingopyxin-I,EDNRB,10,E,L,GIEPLGPVDEDQGEHYLFAGGITADD,
Sphingopyxin-I_p10EM,Sphingopyxin-I,EDNRB,10,E,M,GIEPLGPVDEDQGEHYLFAGGITADD,
Sphingopyxin-I_p10EN,Sphingopyxin-I,EDNRB,10,E,N,GIEPLGPVDEDQGEHYLFAGGITADD,
Sphingopyxin-I_p10EP,Sphingopyxin-I,EDNRB,10,E,P,GIEPLGPVDEDQGEHYLFAGGITADD,
Sphingopyxin-I_p10EQ,Sphingopyxin-I,EDNRB,10,E,Q,GIEPLGPVDEDQGEHYLFAGGITADD,
Sphingopyxin-I_p10ER,Sphingopyxin-I,EDNRB,10,E,R,GIEPLGPVDEDQGEHYLFAGGITADD,
Sphingopyxin-I_p10ES,Sphingopyxin-I,EDNRB,10,E,S,GIEPLGPVDEDQGEHYLFAGGITADD,
Sphingopyxin-I_p10ET,Sphingopyxin-I,EDNRB,10,E,T,GIEPLGPVDEDQGEHYLFAGGITADD,
Sphingopyxin-I_p10EV,Sphingopyxin-I,EDNRB,10,E,V,GIEPLGPVDEDQGEHYLFAGGITADD,
Sphingopyxin-I_p10EW,Sphingopyxin-I,EDNRB,10,E,W,GIEPLGPVDEDQGEHYLFAGGITADD,
Sphingopyxin-I_p10EY,Sphingopyxin-I,EDNRB,10,E,Y,GIEPLGPVDEDQGEHYLFAGGITADD,
Sphingopyxin-I_p11DA,Sphingopyxin-I,EDNRB,11,D,A,GIEPLGPVDEDQGEHYLFAGGITADD,
Sphingopyxin-I_p11DC,Sphingopyxin-I,EDNRB,11,D,C,GIEPLGPVDEDQGEHYLFAGGITADD,
Sphingopyxin-I_p11DE,Sphingopyxin-I,EDNRB,11,D,E,GIEPLGPVDEDQGEHYLFAGGITADD,
Sphingopyxin-I_p11DF,Sphingopyxin-I,EDNRB,11,D,F,GIEPLGPVDEDQGEHYLFAGGITADD,
Sphingopyxin-I_p11DG,Sphingopyxin-I,EDNRB,11,D,G,GIEPLGPVDEDQGEHYLFAGGITADD,
Sphingopyxin-I_p11DH,Sphingopyxin-I,EDNRB,11,D,H,GIEPLGPVDEDQGEHYLFAGGITADD,
Sphingopyxin-I_p11DI,Sphingopyxin-I,EDNRB,11,D,I,GIEPLGPVDEDQGEHYLFAGGITADD,
Sphingopyxin-I_p11DK,Sphingopyxin-I,EDNRB,11,D,K,GIEPLGPVDEDQGEHYLFAGGITADD,
Sphingopyxin-I_p11DL,Sphingopyxin-I,EDNRB,11,D,L,GIEPLGPVDEDQGEHYLFAGGITADD,
Sphingopyxin-I_p11DM,Sphingopyxin-I,EDNRB,11,D,M,GIEPLGPVDEDQGEHYLFAGGITADD,
Sphingopyxin-I_p11DN,Sphingopyxin-I,EDNRB,11,D,N,GIEPLGPVDEDQGEHYLFAGGITADD,
Sphingopyxin-I_p11DP,Sphingopyxin-I,EDNRB,11,D,P,GIEPLGPVDEDQGEHYLFAGGITADD,
Sphingopyxin-I_p11DQ,Sphingopyxin-I,EDNRB,11,D,Q,GIEPLGPVDEDQGEHYLFAGGITADD,
Sphingopyxin-I_p11DR,Sphingopyxin-I,EDNRB,11,D,R,GIEPLGPVDEDQGEHYLFAGGITADD,
Sphingopyxin-I_p11DS,Sphingopyxin-I,EDNRB,11,D,S,GIEPLGPVDEDQGEHYLFAGGITADD,
Sphingopyxin-I_p11DT,Sphingopyxin-I,EDNRB,11,D,T,GIEPLGPVDEDQGEHYLFAGGITADD,
Sphingopyxin-I_p11DV,Sphingopyxin-I,EDNRB,11,D,V,GIEPLGPVDEDQGEHYLFAGGITADD,
Sphingopyxin-I_p11DW,Sphingopyxin-I,EDNRB,11,D,W,GIEPLGPVDEDQGEHYLFAGGITADD,
Sphingopyxin-I_p11DY,Sphingopyxin-I,EDNRB,11,D,Y,GIEPLGPVDEDQGEHYLFAGGITADD,
Sphingopyxin-I_p12QA,Sphingopyxin-I,EDNRB,12,Q,A,GIEPLGPVDEDQGEHYLFAGGITADD,
Sphingopyxin-I_p12QC,Sphingopyxin-I,EDNRB,12,Q,C,GIEPLGPVDEDQGEHYLFAGGITADD,
Sphingopyxin-I_p12QD,Sphingopyxin-I,EDNRB,12,Q,D,GIEPLGPVDEDQGEHYLFAGGITADD,
Sphingopyxin-I_p12QE,Sphingopyxin-I,EDNRB,12,Q,E,GIEPLGPVDEDQGEHYLFAGGITADD,
Sphingopyxin-I_p12QF,Sphingopyxin-I,EDNRB,12,Q,F,GIEPLGPVDEDQGEHYLFAGGITADD,
Sphingopyxin-I_p12QG,Sphingopyxin-I,EDNRB,12,Q,G,GIEPLGPVDEDQGEHYLFAGGITADD,
Sphingopyxin-I_p12QH,Sphingopyxin-I,EDNRB,12,Q,H,GIEPLGPVDEDQGEHYLFAGGITADD,
Sphingopyxin-I_p12QI,Sphingopyxin-I,EDNRB,12,Q,I,GIEPLGPVDEDQGEHYLFAGGITADD,
Sphingopyxin-I_p12QK,Sphingopyxin-I,EDNRB,12,Q,K,GIEPLGPVDEDQGEHYLFAGGITADD,
Sphingopyxin-I_p12QL,Sphingopyxin-I,EDNRB,12,Q,L,GIEPLGPVDEDQGEHYLFAGGITADD,
Sphingopyxin-I_p12QM,Sphingopyxin-I,EDNRB,12,Q,M,GIEPLGPVDEDQGEHYLFAGGITADD,
Sphingopyxin-I_p12QN,Sphingopyxin-I,EDNRB,12,Q,N,GIEPLGPVDEDQGEHYLFAGGITADD,
Sphingopyxin-I_p12QP,Sphingopyxin-I,EDNRB,12,Q,P,GIEPLGPVDEDQGEHYLFAGGITADD,
Sphingopyxin-I_p12QR,Sphingopyxin-I,EDNRB,12,Q,R,GIEPLGPVDEDQGEHYLFAGGITADD,
Sphingopyxin-I_p12QS,Sphingopyxin-I,EDNRB,12,Q,S,GIEPLGPVDEDQGEHYLFAGGITADD,
Sphingopyxin-I_p12QT,Sphingopyxin-I,EDNRB,12,Q,T,GIEPLGPVDEDQGEHYLFAGGITADD,
Sphingopyxin-I_p12QV,Sphingopyxin-I,EDNRB,12,Q,V,GIEPLGPVDEDQGEHYLFAGGITADD,
Sphingopyxin-I_p12QW,Sphingopyxin-I,EDNRB,12,Q,W,GIEPLGPVDEDQGEHYLFAGGITADD,
Sphingopyxin-I_p12QY,Sphingopyxin-I,EDNRB,12,Q,Y,GIEPLGPVDEDQGEHYLFAGGITADD,
Sphingopyxin-I_p13GA,Sphingopyxin-I,EDNRB,13,G,A,GIEPLGPVDEDQGEHYLFAGGITADD,structural_wt_Cys_Gly
Sphingopyxin-I_p13GC,Sphingopyxin-I,EDNRB,13,G,C,GIEPLGPVDEDQGEHYLFAGGITADD,structural_wt_Cys_Gly
Sphingopyxin-I_p13GD,Sphingopyxin-I,EDNRB,13,G,D,GIEPLGPVDEDQGEHYLFAGGITADD,structural_wt_Cys_Gly
Sphingopyxin-I_p13GE,Sphingopyxin-I,EDNRB,13,G,E,GIEPLGPVDEDQGEHYLFAGGITADD,structural_wt_Cys_Gly
Sphingopyxin-I_p13GF,Sphingopyxin-I,EDNRB,13,G,F,GIEPLGPVDEDQGEHYLFAGGITADD,structural_wt_Cys_Gly
Sphingopyxin-I_p13GH,Sphingopyxin-I,EDNRB,13,G,H,GIEPLGPVDEDQGEHYLFAGGITADD,structural_wt_Cys_Gly
Sphingopyxin-I_p13GI,Sphingopyxin-I,EDNRB,13,G,I,GIEPLGPVDEDQGEHYLFAGGITADD,structural_wt_Cys_Gly
Sphingopyxin-I_p13GK,Sphingopyxin-I,EDNRB,13,G,K,GIEPLGPVDEDQGEHYLFAGGITADD,structural_wt_Cys_Gly
Sphingopyxin-I_p13GL,Sphingopyxin-I,EDNRB,13,G,L,GIEPLGPVDEDQGEHYLFAGGITADD,structural_wt_Cys_Gly
Sphingopyxin-I_p13GM,Sphingopyxin-I,EDNRB,13,G,M,GIEPLGPVDEDQGEHYLFAGGITADD,structural_wt_Cys_Gly
Sphingopyxin-I_p13GN,Sphingopyxin-I,EDNRB,13,G,N,GIEPLGPVDEDQGEHYLFAGGITADD,structural_wt_Cys_Gly
Sphingopyxin-I_p13GP,Sphingopyxin-I,EDNRB,13,G,P,GIEPLGPVDEDQGEHYLFAGGITADD,structural_wt_Cys_Gly
Sphingopyxin-I_p13GQ,Sphingopyxin-I,EDNRB,13,G,Q,GIEPLGPVDEDQGEHYLFAGGITADD,structural_wt_Cys_Gly
Sphingopyxin-I_p13GR,Sphingopyxin-I,EDNRB,13,G,R,GIEPLGPVDEDQGEHYLFAGGITADD,structural_wt_Cys_Gly
Sphingopyxin-I_p13GS,Sphingopyxin-I,EDNRB,13,G,S,GIEPLGPVDEDQGEHYLFAGGITADD,structural_wt_Cys_Gly
Sphingopyxin-I_p13GT,Sphingopyxin-I,EDNRB,13,G,T,GIEPLGPVDEDQGEHYLFAGGITADD,structural_wt_Cys_Gly
Sphingopyxin-I_p13GV,Sphingopyxin-I,EDNRB,13,G,V,GIEPLGPVDEDQGEHYLFAGGITADD,structural_wt_Cys_Gly
Sphingopyxin-I_p13GW,Sphingopyxin-I,EDNRB,13,G,W,GIEPLGPVDEDQGEHYLFAGGITADD,structural_wt_Cys_Gly
Sphingopyxin-I_p13GY,Sphingopyxin-I,EDNRB,13,G,Y,GIEPLGPVDEDQGEHYLFAGGITADD,structural_wt_Cys_Gly
Sphingopyxin-I_p14EA,Sphingopyxin-I,EDNRB,14,E,A,GIEPLGPVDEDQGEHYLFAGGITADD,
Sphingopyxin-I_p14EC,Sphingopyxin-I,EDNRB,14,E,C,GIEPLGPVDEDQGEHYLFAGGITADD,
Sphingopyxin-I_p14ED,Sphingopyxin-I,EDNRB,14,E,D,GIEPLGPVDEDQGEHYLFAGGITADD,
Sphingopyxin-I_p14EF,Sphingopyxin-I,EDNRB,14,E,F,GIEPLGPVDEDQGEHYLFAGGITADD,
Sphingopyxin-I_p14EG,Sphingopyxin-I,EDNRB,14,E,G,GIEPLGPVDEDQGEHYLFAGGITADD,
Sphingopyxin-I_p14EH,Sphingopyxin-I,EDNRB,14,E,H,GIEPLGPVDEDQGEHYLFAGGITADD,
Sphingopyxin-I_p14EI,Sphingopyxin-I,EDNRB,14,E,I,GIEPLGPVDEDQGEHYLFAGGITADD,
Sphingopyxin-I_p14EK,Sphingopyxin-I,EDNRB,14,E,K,GIEPLGPVDEDQGEHYLFAGGITADD,
Sphingopyxin-I_p14EL,Sphingopyxin-I,EDNRB,14,E,L,GIEPLGPVDEDQGEHYLFAGGITADD,
Sphingopyxin-I_p14EM,Sphingopyxin-I,EDNRB,14,E,M,GIEPLGPVDEDQGEHYLFAGGITADD,
Sphingopyxin-I_p14EN,Sphingopyxin-I,EDNRB,14,E,N,GIEPLGPVDEDQGEHYLFAGGITADD,
Sphingopyxin-I_p14EP,Sphingopyxin-I,EDNRB,14,E,P,GIEPLGPVDEDQGEHYLFAGGITADD,
Sphingopyxin-I_p14EQ,Sphingopyxin-I,EDNRB,14,E,Q,GIEPLGPVDEDQGEHYLFAGGITADD,
Sphingopyxin-I_p14ER,Sphingopyxin-I,EDNRB,14,E,R,GIEPLGPVDEDQGEHYLFAGGITADD,
Sphingopyxin-I_p14ES,Sphingopyxin-I,EDNRB,14,E,S,GIEPLGPVDEDQGEHYLFAGGITADD,
Sphingopyxin-I_p14ET,Sphingopyxin-I,EDNRB,14,E,T,GIEPLGPVDEDQGEHYLFAGGITADD,
Sphingopyxin-I_p14EV,Sphingopyxin-I,EDNRB,14,E,V,GIEPLGPVDEDQGEHYLFAGGITADD,
Sphingopyxin-I_p14EW,Sphingopyxin-I,EDNRB,14,E,W,GIEPLGPVDEDQGEHYLFAGGITADD,
Sphingopyxin-I_p14EY,Sphingopyxin-I,EDNRB,14,E,Y,GIEPLGPVDEDQGEHYLFAGGITADD,
Sphingopyxin-I_p15HA,Sphingopyxin-I,EDNRB,15,H,A,GIEPLGPVDEDQGEHYLFAGGITADD,
Sphingopyxin-I_p15HC,Sphingopyxin-I,EDNRB,15,H,C,GIEPLGPVDEDQGEHYLFAGGITADD,
Sphingopyxin-I_p15HD,Sphingopyxin-I,EDNRB,15,H,D,GIEPLGPVDEDQGEHYLFAGGITADD,
Sphingopyxin-I_p15HE,Sphingopyxin-I,EDNRB,15,H,E,GIEPLGPVDEDQGEHYLFAGGITADD,
Sphingopyxin-I_p15HF,Sphingopyxin-I,EDNRB,15,H,F,GIEPLGPVDEDQGEHYLFAGGITADD,
Sphingopyxin-I_p15HG,Sphingopyxin-I,EDNRB,15,H,G,GIEPLGPVDEDQGEHYLFAGGITADD,
Sphingopyxin-I_p15HI,Sphingopyxin-I,EDNRB,15,H,I,GIEPLGPVDEDQGEHYLFAGGITADD,
Sphingopyxin-I_p15HK,Sphingopyxin-I,EDNRB,15,H,K,GIEPLGPVDEDQGEHYLFAGGITADD,
Sphingopyxin-I_p15HL,Sphingopyxin-I,EDNRB,15,H,L,GIEPLGPVDEDQGEHYLFAGGITADD,
Sphingopyxin-I_p15HM,Sphingopyxin-I,EDNRB,15,H,M,GIEPLGPVDEDQGEHYLFAGGITADD,
Sphingopyxin-I_p15HN,Sphingopyxin-I,EDNRB,15,H,N,GIEPLGPVDEDQGEHYLFAGGITADD,
Sphingopyxin-I_p15HP,Sphingopyxin-I,EDNRB,15,H,P,GIEPLGPVDEDQGEHYLFAGGITADD,
Sphingopyxin-I_p15HQ,Sphingopyxin-I,EDNRB,15,H,Q,GIEPLGPVDEDQGEHYLFAGGITADD,
Sphingopyxin-I_p15HR,Sphingopyxin-I,EDNRB,15,H,R,GIEPLGPVDEDQGEHYLFAGGITADD,
Sphingopyxin-I_p15HS,Sphingopyxin-I,EDNRB,15,H,S,GIEPLGPVDEDQGEHYLFAGGITADD,
Sphingopyxin-I_p15HT,Sphingopyxin-I,EDNRB,15,H,T,GIEPLGPVDEDQGEHYLFAGGITADD,
Sphingopyxin-I_p15HV,Sphingopyxin-I,EDNRB,15,H,V,GIEPLGPVDEDQGEHYLFAGGITADD,
Sphingopyxin-I_p15HW,Sphingopyxin-I,EDNRB,15,H,W,GIEPLGPVDEDQGEHYLFAGGITADD,
Sphingopyxin-I_p15HY,Sphingopyxin-I,EDNRB,15,H,Y,GIEPLGPVDEDQGEHYLFAGGITADD,
Sphingopyxin-I_p16YA,Sphingopyxin-I,EDNRB,16,Y,A,GIEPLGPVDEDQGEHYLFAGGITADD,
Sphingopyxin-I_p16YC,Sphingopyxin-I,EDNRB,16,Y,C,GIEPLGPVDEDQGEHYLFAGGITADD,
Sphingopyxin-I_p16YD,Sphingopyxin-I,EDNRB,16,Y,D,GIEPLGPVDEDQGEHYLFAGGITADD,
Sphingopyxin-I_p16YE,Sphingopyxin-I,EDNRB,16,Y,E,GIEPLGPVDEDQGEHYLFAGGITADD,
Sphingopyxin-I_p16YF,Sphingopyxin-I,EDNRB,16,Y,F,GIEPLGPVDEDQGEHYLFAGGITADD,
Sphingopyxin-I_p16YG,Sphingopyxin-I,EDNRB,16,Y,G,GIEPLGPVDEDQGEHYLFAGGITADD,
Sphingopyxin-I_p16YH,Sphingopyxin-I,EDNRB,16,Y,H,GIEPLGPVDEDQGEHYLFAGGITADD,
Sphingopyxin-I_p16YI,Sphingopyxin-I,EDNRB,16,Y,I,GIEPLGPVDEDQGEHYLFAGGITADD,
Sphingopyxin-I_p16YK,Sphingopyxin-I,EDNRB,16,Y,K,GIEPLGPVDEDQGEHYLFAGGITADD,
Sphingopyxin-I_p16YL,Sphingopyxin-I,EDNRB,16,Y,L,GIEPLGPVDEDQGEHYLFAGGITADD,
Sphingopyxin-I_p16YM,Sphingopyxin-I,EDNRB,16,Y,M,GIEPLGPVDEDQGEHYLFAGGITADD,
Sphingopyxin-I_p16YN,Sphingopyxin-I,EDNRB,16,Y,N,GIEPLGPVDEDQGEHYLFAGGITADD,
Sphingopyxin-I_p16YP,Sphingopyxin-I,EDNRB,16,Y,P,GIEPLGPVDEDQGEHYLFAGGITADD,
Sphingopyxin-I_p16YQ,Sphingopyxin-I,EDNRB,16,Y,Q,GIEPLGPVDEDQGEHYLFAGGITADD,
Sphingopyxin-I_p16YR,Sphingopyxin-I,EDNRB,16,Y,R,GIEPLGPVDEDQGEHYLFAGGITADD,
Sphingopyxin-I_p16YS,Sphingopyxin-I,EDNRB,16,Y,S,GIEPLGPVDEDQGEHYLFAGGITADD,
Sphingopyxin-I_p16YT,Sphingopyxin-I,EDNRB,16,Y,T,GIEPLGPVDEDQGEHYLFAGGITADD,
Sphingopyxin-I_p16YV,Sphingopyxin-I,EDNRB,16,Y,V,GIEPLGPVDEDQGEHYLFAGGITADD,
Sphingopyxin-I_p16YW,Sphingopyxin-I,EDNRB,16,Y,W,GIEPLGPVDEDQGEHYLFAGGITADD,
Sphingopyxin-I_p17LA,Sphingopyxin-I,EDNRB,17,L,A,GIEPLGPVDEDQGEHYLFAGGITADD,
Sphingopyxin-I_p17LC,Sphingopyxin-I,EDNRB,17,L,C,GIEPLGPVDEDQGEHYLFAGGITADD,
Sphingopyxin-I_p17LD,Sphingopyxin-I,EDNRB,17,L,D,GIEPLGPVDEDQGEHYLFAGGITADD,
Sphingopyxin-I_p17LE,Sphingopyxin-I,EDNRB,17,L,E,GIEPLGPVDEDQGEHYLFAGGITADD,
Sphingopyxin-I_p17LF,Sphingopyxin-I,EDNRB,17,L,F,GIEPLGPVDEDQGEHYLFAGGITADD,
Sphingopyxin-I_p17LG,Sphingopyxin-I,EDNRB,17,L,G,GIEPLGPVDEDQGEHYLFAGGITADD,
Sphingopyxin-I_p17LH,Sphingopyxin-I,EDNRB,17,L,H,GIEPLGPVDEDQGEHYLFAGGITADD,
Sphingopyxin-I_p17LI,Sphingopyxin-I,EDNRB,17,L,I,GIEPLGPVDEDQGEHYLFAGGITADD,
Sphingopyxin-I_p17LK,Sphingopyxin-I,EDNRB,17,L,K,GIEPLGPVDEDQGEHYLFAGGITADD,
Sphingopyxin-I_p17LM,Sphingopyxin-I,EDNRB,17,L,M,GIEPLGPVDEDQGEHYLFAGGITADD,
Sphingopyxin-I_p17LN,Sphingopyxin-I,EDNRB,17,L,N,GIEPLGPVDEDQGEHYLFAGGITADD,
Sphingopyxin-I_p17LP,Sphingopyxin-I,EDNRB,17,L,P,GIEPLGPVDEDQGEHYLFAGGITADD,
Sphingopyxin-I_p17LQ,Sphingopyxin-I,EDNRB,17,L,Q,GIEPLGPVDEDQGEHYLFAGGITADD,
Sphingopyxin-I_p17LR,Sphingopyxin-I,EDNRB,17,L,R,GIEPLGPVDEDQGEHYLFAGGITADD,
Sphingopyxin-I_p17LS,Sphingopyxin-I,EDNRB,17,L,S,GIEPLGPVDEDQGEHYLFAGGITADD,
Sphingopyxin-I_p17LT,Sphingopyxin-I,EDNRB,17,L,T,GIEPLGPVDEDQGEHYLFAGGITADD,
Sphingopyxin-I_p17LV,Sphingopyxin-I,EDNRB,17,L,V,GIEPLGPVDEDQGEHYLFAGGITADD,
Sphingopyxin-I_p17LW,Sphingopyxin-I,EDNRB,17,L,W,GIEPLGPVDEDQGEHYLFAGGITADD,
Sphingopyxin-I_p17LY,Sphingopyxin-I,EDNRB,17,L,Y,GIEPLGPVDEDQGEHYLFAGGITADD,
Sphingopyxin-I_p18FA,Sphingopyxin-I,EDNRB,18,F,A,GIEPLGPVDEDQGEHYLFAGGITADD,
Sphingopyxin-I_p18FC,Sphingopyxin-I,EDNRB,18,F,C,GIEPLGPVDEDQGEHYLFAGGITADD,
Sphingopyxin-I_p18FD,Sphingopyxin-I,EDNRB,18,F,D,GIEPLGPVDEDQGEHYLFAGGITADD,
Sphingopyxin-I_p18FE,Sphingopyxin-I,EDNRB,18,F,E,GIEPLGPVDEDQGEHYLFAGGITADD,
Sphingopyxin-I_p18FG,Sphingopyxin-I,EDNRB,18,F,G,GIEPLGPVDEDQGEHYLFAGGITADD,
Sphingopyxin-I_p18FH,Sphingopyxin-I,EDNRB,18,F,H,GIEPLGPVDEDQGEHYLFAGGITADD,
Sphingopyxin-I_p18FI,Sphingopyxin-I,EDNRB,18,F,I,GIEPLGPVDEDQGEHYLFAGGITADD,
Sphingopyxin-I_p18FK,Sphingopyxin-I,EDNRB,18,F,K,GIEPLGPVDEDQGEHYLFAGGITADD,
Sphingopyxin-I_p18FL,Sphingopyxin-I,EDNRB,18,F,L,GIEPLGPVDEDQGEHYLFAGGITADD,
Sphingopyxin-I_p18FM,Sphingopyxin-I,EDNRB,18,F,M,GIEPLGPVDEDQGEHYLFAGGITADD,
Sphingopyxin-I_p18FN,Sphingopyxin-I,EDNRB,18,F,N,GIEPLGPVDEDQGEHYLFAGGITADD,
Sphingopyxin-I_p18FP,Sphingopyxin-I,EDNRB,18,F,P,GIEPLGPVDEDQGEHYLFAGGITADD,
Sphingopyxin-I_p18FQ,Sphingopyxin-I,EDNRB,18,F,Q,GIEPLGPVDEDQGEHYLFAGGITADD,
Sphingopyxin-I_p18FR,Sphingopyxin-I,EDNRB,18,F,R,GIEPLGPVDEDQGEHYLFAGGITADD,
Sphingopyxin-I_p18FS,Sphingopyxin-I,EDNRB,18,F,S,GIEPLGPVDEDQGEHYLFAGGITADD,
Sphingopyxin-I_p18FT,Sphingopyxin-I,EDNRB,18,F,T,GIEPLGPVDEDQGEHYLFAGGITADD,
Sphingopyxin-I_p18FV,Sphingopyxin-I,EDNRB,18,F,V,GIEPLGPVDEDQGEHYLFAGGITADD,
Sphingopyxin-I_p18FW,Sphingopyxin-I,EDNRB,18,F,W,GIEPLGPVDEDQGEHYLFAGGITADD,
Sphingopyxin-I_p18FY,Sphingopyxin-I,EDNRB,18,F,Y,GIEPLGPVDEDQGEHYLFAGGITADD,
Sphingopyxin-I_p19AC,Sphingopyxin-I,EDNRB,19,A,C,GIEPLGPVDEDQGEHYLFAGGITADD,
Sphingopyxin-I_p19AD,Sphingopyxin-I,EDNRB,19,A,D,GIEPLGPVDEDQGEHYLFAGGITADD,
Sphingopyxin-I_p19AE,Sphingopyxin-I,EDNRB,19,A,E,GIEPLGPVDEDQGEHYLFAGGITADD,
Sphingopyxin-I_p19AF,Sphingopyxin-I,EDNRB,19,A,F,GIEPLGPVDEDQGEHYLFAGGITADD,
Sphingopyxin-I_p19AG,Sphingopyxin-I,EDNRB,19,A,G,GIEPLGPVDEDQGEHYLFAGGITADD,
Sphingopyxin-I_p19AH,Sphingopyxin-I,EDNRB,19,A,H,GIEPLGPVDEDQGEHYLFAGGITADD,
Sphingopyxin-I_p19AI,Sphingopyxin-I,EDNRB,19,A,I,GIEPLGPVDEDQGEHYLFAGGITADD,
Sphingopyxin-I_p19AK,Sphingopyxin-I,EDNRB,19,A,K,GIEPLGPVDEDQGEHYLFAGGITADD,
Sphingopyxin-I_p19AL,Sphingopyxin-I,EDNRB,19,A,L,GIEPLGPVDEDQGEHYLFAGGITADD,
Sphingopyxin-I_p19AM,Sphingopyxin-I,EDNRB,19,A,M,GIEPLGPVDEDQGEHYLFAGGITADD,
Sphingopyxin-I_p19AN,Sphingopyxin-I,EDNRB,19,A,N,GIEPLGPVDEDQGEHYLFAGGITADD,
Sphingopyxin-I_p19AP,Sphingopyxin-I,EDNRB,19,A,P,GIEPLGPVDEDQGEHYLFAGGITADD,
Sphingopyxin-I_p19AQ,Sphingopyxin-I,EDNRB,19,A,Q,GIEPLGPVDEDQGEHYLFAGGITADD,
Sphingopyxin-I_p19AR,Sphingopyxin-I,EDNRB,19,A,R,GIEPLGPVDEDQGEHYLFAGGITADD,
Sphingopyxin-I_p19AS,Sphingopyxin-I,EDNRB,19,A,S,GIEPLGPVDEDQGEHYLFAGGITADD,
Sphingopyxin-I_p19AT,Sphingopyxin-I,EDNRB,19,A,T,GIEPLGPVDEDQGEHYLFAGGITADD,
Sphingopyxin-I_p19AV,Sphingopyxin-I,EDNRB,19,A,V,GIEPLGPVDEDQGEHYLFAGGITADD,
Sphingopyxin-I_p19AW,Sphingopyxin-I,EDNRB,19,A,W,GIEPLGPVDEDQGEHYLFAGGITADD,
Sphingopyxin-I_p19AY,Sphingopyxin-I,EDNRB,19,A,Y,GIEPLGPVDEDQGEHYLFAGGITADD,
Sphingopyxin-I_p20GA,Sphingopyxin-I,EDNRB,20,G,A,GIEPLGPVDEDQGEHYLFAGGITADD,structural_wt_Cys_Gly
Sphingopyxin-I_p20GC,Sphingopyxin-I,EDNRB,20,G,C,GIEPLGPVDEDQGEHYLFAGGITADD,structural_wt_Cys_Gly
Sphingopyxin-I_p20GD,Sphingopyxin-I,EDNRB,20,G,D,GIEPLGPVDEDQGEHYLFAGGITADD,structural_wt_Cys_Gly
Sphingopyxin-I_p20GE,Sphingopyxin-I,EDNRB,20,G,E,GIEPLGPVDEDQGEHYLFAGGITADD,structural_wt_Cys_Gly
Sphingopyxin-I_p20GF,Sphingopyxin-I,EDNRB,20,G,F,GIEPLGPVDEDQGEHYLFAGGITADD,structural_wt_Cys_Gly
Sphingopyxin-I_p20GH,Sphingopyxin-I,EDNRB,20,G,H,GIEPLGPVDEDQGEHYLFAGGITADD,structural_wt_Cys_Gly
Sphingopyxin-I_p20GI,Sphingopyxin-I,EDNRB,20,G,I,GIEPLGPVDEDQGEHYLFAGGITADD,structural_wt_Cys_Gly
Sphingopyxin-I_p20GK,Sphingopyxin-I,EDNRB,20,G,K,GIEPLGPVDEDQGEHYLFAGGITADD,structural_wt_Cys_Gly
Sphingopyxin-I_p20GL,Sphingopyxin-I,EDNRB,20,G,L,GIEPLGPVDEDQGEHYLFAGGITADD,structural_wt_Cys_Gly
Sphingopyxin-I_p20GM,Sphingopyxin-I,EDNRB,20,G,M,GIEPLGPVDEDQGEHYLFAGGITADD,structural_wt_Cys_Gly
Sphingopyxin-I_p20GN,Sphingopyxin-I,EDNRB,20,G,N,GIEPLGPVDEDQGEHYLFAGGITADD,structural_wt_Cys_Gly
Sphingopyxin-I_p20GP,Sphingopyxin-I,EDNRB,20,G,P,GIEPLGPVDEDQGEHYLFAGGITADD,structural_wt_Cys_Gly
Sphingopyxin-I_p20GQ,Sphingopyxin-I,EDNRB,20,G,Q,GIEPLGPVDEDQGEHYLFAGGITADD,structural_wt_Cys_Gly
Sphingopyxin-I_p20GR,Sphingopyxin-I,EDNRB,20,G,R,GIEPLGPVDEDQGEHYLFAGGITADD,structural_wt_Cys_Gly
Sphingopyxin-I_p20GS,Sphingopyxin-I,EDNRB,20,G,S,GIEPLGPVDEDQGEHYLFAGGITADD,structural_wt_Cys_Gly
Sphingopyxin-I_p20GT,Sphingopyxin-I,EDNRB,20,G,T,GIEPLGPVDEDQGEHYLFAGGITADD,structural_wt_Cys_Gly
Sphingopyxin-I_p20GV,Sphingopyxin-I,EDNRB,20,G,V,GIEPLGPVDEDQGEHYLFAGGITADD,structural_wt_Cys_Gly
Sphingopyxin-I_p20GW,Sphingopyxin-I,EDNRB,20,G,W,GIEPLGPVDEDQGEHYLFAGGITADD,structural_wt_Cys_Gly
Sphingopyxin-I_p20GY,Sphingopyxin-I,EDNRB,20,G,Y,GIEPLGPVDEDQGEHYLFAGGITADD,structural_wt_Cys_Gly
Sphingopyxin-I_p21GA,Sphingopyxin-I,EDNRB,21,G,A,GIEPLGPVDEDQGEHYLFAGGITADD,structural_wt_Cys_Gly
Sphingopyxin-I_p21GC,Sphingopyxin-I,EDNRB,21,G,C,GIEPLGPVDEDQGEHYLFAGGITADD,structural_wt_Cys_Gly
Sphingopyxin-I_p21GD,Sphingopyxin-I,EDNRB,21,G,D,GIEPLGPVDEDQGEHYLFAGGITADD,structural_wt_Cys_Gly
Sphingopyxin-I_p21GE,Sphingopyxin-I,EDNRB,21,G,E,GIEPLGPVDEDQGEHYLFAGGITADD,structural_wt_Cys_Gly
Sphingopyxin-I_p21GF,Sphingopyxin-I,EDNRB,21,G,F,GIEPLGPVDEDQGEHYLFAGGITADD,structural_wt_Cys_Gly
Sphingopyxin-I_p21GH,Sphingopyxin-I,EDNRB,21,G,H,GIEPLGPVDEDQGEHYLFAGGITADD,structural_wt_Cys_Gly
Sphingopyxin-I_p21GI,Sphingopyxin-I,EDNRB,21,G,I,GIEPLGPVDEDQGEHYLFAGGITADD,structural_wt_Cys_Gly
Sphingopyxin-I_p21GK,Sphingopyxin-I,EDNRB,21,G,K,GIEPLGPVDEDQGEHYLFAGGITADD,structural_wt_Cys_Gly
Sphingopyxin-I_p21GL,Sphingopyxin-I,EDNRB,21,G,L,GIEPLGPVDEDQGEHYLFAGGITADD,structural_wt_Cys_Gly
Sphingopyxin-I_p21GM,Sphingopyxin-I,EDNRB,21,G,M,GIEPLGPVDEDQGEHYLFAGGITADD,structural_wt_Cys_Gly
Sphingopyxin-I_p21GN,Sphingopyxin-I,EDNRB,21,G,N,GIEPLGPVDEDQGEHYLFAGGITADD,structural_wt_Cys_Gly
Sphingopyxin-I_p21GP,Sphingopyxin-I,EDNRB,21,G,P,GIEPLGPVDEDQGEHYLFAGGITADD,structural_wt_Cys_Gly
Sphingopyxin-I_p21GQ,Sphingopyxin-I,EDNRB,21,G,Q,GIEPLGPVDEDQGEHYLFAGGITADD,structural_wt_Cys_Gly
Sphingopyxin-I_p21GR,Sphingopyxin-I,EDNRB,21,G,R,GIEPLGPVDEDQGEHYLFAGGITADD,structural_wt_Cys_Gly
Sphingopyxin-I_p21GS,Sphingopyxin-I,EDNRB,21,G,S,GIEPLGPVDEDQGEHYLFAGGITADD,structural_wt_Cys_Gly
Sphingopyxin-I_p21GT,Sphingopyxin-I,EDNRB,21,G,T,GIEPLGPVDEDQGEHYLFAGGITADD,structural_wt_Cys_Gly
Sphingopyxin-I_p21GV,Sphingopyxin-I,EDNRB,21,G,V,GIEPLGPVDEDQGEHYLFAGGITADD,structural_wt_Cys_Gly
Sphingopyxin-I_p21GW,Sphingopyxin-I,EDNRB,21,G,W,GIEPLGPVDEDQGEHYLFAGGITADD,structural_wt_Cys_Gly
Sphingopyxin-I_p21GY,Sphingopyxin-I,EDNRB,21,G,Y,GIEPLGPVDEDQGEHYLFAGGITADD,structural_wt_Cys_Gly
Sphingopyxin-I_p22IA,Sphingopyxin-I,EDNRB,22,I,A,GIEPLGPVDEDQGEHYLFAGGITADD,
Sphingopyxin-I_p22IC,Sphingopyxin-I,EDNRB,22,I,C,GIEPLGPVDEDQGEHYLFAGGITADD,
Sphingopyxin-I_p22ID,Sphingopyxin-I,EDNRB,22,I,D,GIEPLGPVDEDQGEHYLFAGGITADD,
Sphingopyxin-I_p22IE,Sphingopyxin-I,EDNRB,22,I,E,GIEPLGPVDEDQGEHYLFAGGITADD,
Sphingopyxin-I_p22IF,Sphingopyxin-I,EDNRB,22,I,F,GIEPLGPVDEDQGEHYLFAGGITADD,
Sphingopyxin-I_p22IG,Sphingopyxin-I,EDNRB,22,I,G,GIEPLGPVDEDQGEHYLFAGGITADD,
Sphingopyxin-I_p22IH,Sphingopyxin-I,EDNRB,22,I,H,GIEPLGPVDEDQGEHYLFAGGITADD,
Sphingopyxin-I_p22IK,Sphingopyxin-I,EDNRB,22,I,K,GIEPLGPVDEDQGEHYLFAGGITADD,
Sphingopyxin-I_p22IL,Sphingopyxin-I,EDNRB,22,I,L,GIEPLGPVDEDQGEHYLFAGGITADD,
Sphingopyxin-I_p22IM,Sphingopyxin-I,EDNRB,22,I,M,GIEPLGPVDEDQGEHYLFAGGITADD,
Sphingopyxin-I_p22IN,Sphingopyxin-I,EDNRB,22,I,N,GIEPLGPVDEDQGEHYLFAGGITADD,
Sphingopyxin-I_p22IP,Sphingopyxin-I,EDNRB,22,I,P,GIEPLGPVDEDQGEHYLFAGGITADD,
Sphingopyxin-I_p22IQ,Sphingopyxin-I,EDNRB,22,I,Q,GIEPLGPVDEDQGEHYLFAGGITADD,
Sphingopyxin-I_p22IR,Sphingopyxin-I,EDNRB,22,I,R,GIEPLGPVDEDQGEHYLFAGGITADD,
Sphingopyxin-I_p22IS,Sphingopyxin-I,EDNRB,22,I,S,GIEPLGPVDEDQGEHYLFAGGITADD,
Sphingopyxin-I_p22IT,Sphingopyxin-I,EDNRB,22,I,T,GIEPLGPVDEDQGEHYLFAGGITADD,
Sphingopyxin-I_p22IV,Sphingopyxin-I,EDNRB,22,I,V,GIEPLGPVDEDQGEHYLFAGGITADD,
Sphingopyxin-I_p22IW,Sphingopyxin-I,EDNRB,22,I,W,GIEPLGPVDEDQGEHYLFAGGITADD,
Sphingopyxin-I_p22IY,Sphingopyxin-I,EDNRB,22,I,Y,GIEPLGPVDEDQGEHYLFAGGITADD,
Sphingopyxin-I_p23TA,Sphingopyxin-I,EDNRB,23,T,A,GIEPLGPVDEDQGEHYLFAGGITADD,
Sphingopyxin-I_p23TC,Sphingopyxin-I,EDNRB,23,T,C,GIEPLGPVDEDQGEHYLFAGGITADD,
Sphingopyxin-I_p23TD,Sphingopyxin-I,EDNRB,23,T,D,GIEPLGPVDEDQGEHYLFAGGITADD,
Sphingopyxin-I_p23TE,Sphingopyxin-I,EDNRB,23,T,E,GIEPLGPVDEDQGEHYLFAGGITADD,
Sphingopyxin-I_p23TF,Sphingopyxin-I,EDNRB,23,T,F,GIEPLGPVDEDQGEHYLFAGGITADD,
Sphingopyxin-I_p23TG,Sphingopyxin-I,EDNRB,23,T,G,GIEPLGPVDEDQGEHYLFAGGITADD,
Sphingopyxin-I_p23TH,Sphingopyxin-I,EDNRB,23,T,H,GIEPLGPVDEDQGEHYLFAGGITADD,
Sphingopyxin-I_p23TI,Sphingopyxin-I,EDNRB,23,T,I,GIEPLGPVDEDQGEHYLFAGGITADD,
Sphingopyxin-I_p23TK,Sphingopyxin-I,EDNRB,23,T,K,GIEPLGPVDEDQGEHYLFAGGITADD,
Sphingopyxin-I_p23TL,Sphingopyxin-I,EDNRB,23,T,L,GIEPLGPVDEDQGEHYLFAGGITADD,
Sphingopyxin-I_p23TM,Sphingopyxin-I,EDNRB,23,T,M,GIEPLGPVDEDQGEHYLFAGGITADD,
Sphingopyxin-I_p23TN,Sphingopyxin-I,EDNRB,23,T,N,GIEPLGPVDEDQGEHYLFAGGITADD,
Sphingopyxin-I_p23TP,Sphingopyxin-I,EDNRB,23,T,P,GIEPLGPVDEDQGEHYLFAGGITADD,
Sphingopyxin-I_p23TQ,Sphingopyxin-I,EDNRB,23,T,Q,GIEPLGPVDEDQGEHYLFAGGITADD,
Sphingopyxin-I_p23TR,Sphingopyxin-I,EDNRB,23,T,R,GIEPLGPVDEDQGEHYLFAGGITADD,
Sphingopyxin-I_p23TS,Sphingopyxin-I,EDNRB,23,T,S,GIEPLGPVDEDQGEHYLFAGGITADD,
Sphingopyxin-I_p23TV,Sphingopyxin-I,EDNRB,23,T,V,GIEPLGPVDEDQGEHYLFAGGITADD,
Sphingopyxin-I_p23TW,Sphingopyxin-I,EDNRB,23,T,W,GIEPLGPVDEDQGEHYLFAGGITADD,
Sphingopyxin-I_p23TY,Sphingopyxin-I,EDNRB,23,T,Y,GIEPLGPVDEDQGEHYLFAGGITADD,
Sphingopyxin-I_p24AC,Sphingopyxin-I,EDNRB,24,A,C,GIEPLGPVDEDQGEHYLFAGGITADD,
Sphingopyxin-I_p24AD,Sphingopyxin-I,EDNRB,24,A,D,GIEPLGPVDEDQGEHYLFAGGITADD,
Sphingopyxin-I_p24AE,Sphingopyxin-I,EDNRB,24,A,E,GIEPLGPVDEDQGEHYLFAGGITADD,
Sphingopyxin-I_p24AF,Sphingopyxin-I,EDNRB,24,A,F,GIEPLGPVDEDQGEHYLFAGGITADD,
Sphingopyxin-I_p24AG,Sphingopyxin-I,EDNRB,24,A,G,GIEPLGPVDEDQGEHYLFAGGITADD,
Sphingopyxin-I_p24AH,Sphingopyxin-I,EDNRB,24,A,H,GIEPLGPVDEDQGEHYLFAGGITADD,
Sphingopyxin-I_p24AI,Sphingopyxin-I,EDNRB,24,A,I,GIEPLGPVDEDQGEHYLFAGGITADD,
Sphingopyxin-I_p24AK,Sphingopyxin-I,EDNRB,24,A,K,GIEPLGPVDEDQGEHYLFAGGITADD,
Sphingopyxin-I_p24AL,Sphingopyxin-I,EDNRB,24,A,L,GIEPLGPVDEDQGEHYLFAGGITADD,
Sphingopyxin-I_p24AM,Sphingopyxin-I,EDNRB,24,A,M,GIEPLGPVDEDQGEHYLFAGGITADD,
Sphingopyxin-I_p24AN,Sphingopyxin-I,EDNRB,24,A,N,GIEPLGPVDEDQGEHYLFAGGITADD,
Sphingopyxin-I_p24AP,Sphingopyxin-I,EDNRB,24,A,P,GIEPLGPVDEDQGEHYLFAGGITADD,
Sphingopyxin-I_p24AQ,Sphingopyxin-I,EDNRB,24,A,Q,GIEPLGPVDEDQGEHYLFAGGITADD,
Sphingopyxin-I_p24AR,Sphingopyxin-I,EDNRB,24,A,R,GIEPLGPVDEDQGEHYLFAGGITADD,
Sphingopyxin-I_p24AS,Sphingopyxin-I,EDNRB,24,A,S,GIEPLGPVDEDQGEHYLFAGGITADD,
Sphingopyxin-I_p24AT,Sphingopyxin-I,EDNRB,24,A,T,GIEPLGPVDEDQGEHYLFAGGITADD,
Sphingopyxin-I_p24AV,Sphingopyxin-I,EDNRB,24,A,V,GIEPLGPVDEDQGEHYLFAGGITADD,
Sphingopyxin-I_p24AW,Sphingopyxin-I,EDNRB,24,A,W,GIEPLGPVDEDQGEHYLFAGGITADD,
Sphingopyxin-I_p24AY,Sphingopyxin-I,EDNRB,24,A,Y,GIEPLGPVDEDQGEHYLFAGGITADD,
Sphingopyxin-I_p25DA,Sphingopyxin-I,EDNRB,25,D,A,GIEPLGPVDEDQGEHYLFAGGITADD,
Sphingopyxin-I_p25DC,Sphingopyxin-I,EDNRB,25,D,C,GIEPLGPVDEDQGEHYLFAGGITADD,
Sphingopyxin-I_p25DE,Sphingopyxin-I,EDNRB,25,D,E,GIEPLGPVDEDQGEHYLFAGGITADD,
Sphingopyxin-I_p25DF,Sphingopyxin-I,EDNRB,25,D,F,GIEPLGPVDEDQGEHYLFAGGITADD,
Sphingopyxin-I_p25DG,Sphingopyxin-I,EDNRB,25,D,G,GIEPLGPVDEDQGEHYLFAGGITADD,
Sphingopyxin-I_p25DH,Sphingopyxin-I,EDNRB,25,D,H,GIEPLGPVDEDQGEHYLFAGGITADD,
Sphingopyxin-I_p25DI,Sphingopyxin-I,EDNRB,25,D,I,GIEPLGPVDEDQGEHYLFAGGITADD,
Sphingopyxin-I_p25DK,Sphingopyxin-I,EDNRB,25,D,K,GIEPLGPVDEDQGEHYLFAGGITADD,
Sphingopyxin-I_p25DL,Sphingopyxin-I,EDNRB,25,D,L,GIEPLGPVDEDQGEHYLFAGGITADD,
Sphingopyxin-I_p25DM,Sphingopyxin-I,EDNRB,25,D,M,GIEPLGPVDEDQGEHYLFAGGITADD,
Sphingopyxin-I_p25DN,Sphingopyxin-I,EDNRB,25,D,N,GIEPLGPVDEDQGEHYLFAGGITADD,
Sphingopyxin-I_p25DP,Sphingopyxin-I,EDNRB,25,D,P,GIEPLGPVDEDQGEHYLFAGGITADD,
Sphingopyxin-I_p25DQ,Sphingopyxin-I,EDNRB,25,D,Q,GIEPLGPVDEDQGEHYLFAGGITADD,
Sphingopyxin-I_p25DR,Sphingopyxin-I,EDNRB,25,D,R,GIEPLGPVDEDQGEHYLFAGGITADD,
Sphingopyxin-I_p25DS,Sphingopyxin-I,EDNRB,25,D,S,GIEPLGPVDEDQGEHYLFAGGITADD,
Sphingopyxin-I_p25DT,Sphingopyxin-I,EDNRB,25,D,T,GIEPLGPVDEDQGEHYLFAGGITADD,
Sphingopyxin-I_p25DV,Sphingopyxin-I,EDNRB,25,D,V,GIEPLGPVDEDQGEHYLFAGGITADD,
Sphingopyxin-I_p25DW,Sphingopyxin-I,EDNRB,25,D,W,GIEPLGPVDEDQGEHYLFAGGITADD,
Sphingopyxin-I_p25DY,Sphingopyxin-I,EDNRB,25,D,Y,GIEPLGPVDEDQGEHYLFAGGITADD,
Sphingopyxin-I_p26DA,Sphingopyxin-I,EDNRB,26,D,A,GIEPLGPVDEDQGEHYLFAGGITADD,
Sphingopyxin-I_p26DC,Sphingopyxin-I,EDNRB,26,D,C,GIEPLGPVDEDQGEHYLFAGGITADD,
Sphingopyxin-I_p26DE,Sphingopyxin-I,EDNRB,26,D,E,GIEPLGPVDEDQGEHYLFAGGITADD,
Sphingopyxin-I_p26DF,Sphingopyxin-I,EDNRB,26,D,F,GIEPLGPVDEDQGEHYLFAGGITADD,
Sphingopyxin-I_p26DG,Sphingopyxin-I,EDNRB,26,D,G,GIEPLGPVDEDQGEHYLFAGGITADD,
Sphingopyxin-I_p26DH,Sphingopyxin-I,EDNRB,26,D,H,GIEPLGPVDEDQGEHYLFAGGITADD,
Sphingopyxin-I_p26DI,Sphingopyxin-I,EDNRB,26,D,I,GIEPLGPVDEDQGEHYLFAGGITADD,
Sphingopyxin-I_p26DK,Sphingopyxin-I,EDNRB,26,D,K,GIEPLGPVDEDQGEHYLFAGGITADD,
Sphingopyxin-I_p26DL,Sphingopyxin-I,EDNRB,26,D,L,GIEPLGPVDEDQGEHYLFAGGITADD,
Sphingopyxin-I_p26DM,Sphingopyxin-I,EDNRB,26,D,M,GIEPLGPVDEDQGEHYLFAGGITADD,
Sphingopyxin-I_p26DN,Sphingopyxin-I,EDNRB,26,D,N,GIEPLGPVDEDQGEHYLFAGGITADD,
Sphingopyxin-I_p26DP,Sphingopyxin-I,EDNRB,26,D,P,GIEPLGPVDEDQGEHYLFAGGITADD,
Sphingopyxin-I_p26DQ,Sphingopyxin-I,EDNRB,26,D,Q,GIEPLGPVDEDQGEHYLFAGGITADD,
Sphingopyxin-I_p26DR,Sphingopyxin-I,EDNRB,26,D,R,GIEPLGPVDEDQGEHYLFAGGITADD,
Sphingopyxin-I_p26DS,Sphingopyxin-I,EDNRB,26,D,S,GIEPLGPVDEDQGEHYLFAGGITADD,
Sphingopyxin-I_p26DT,Sphingopyxin-I,EDNRB,26,D,T,GIEPLGPVDEDQGEHYLFAGGITADD,
Sphingopyxin-I_p26DV,Sphingopyxin-I,EDNRB,26,D,V,GIEPLGPVDEDQGEHYLFAGGITADD,
Sphingopyxin-I_p26DW,Sphingopyxin-I,EDNRB,26,D,W,GIEPLGPVDEDQGEHYLFAGGITADD,
Sphingopyxin-I_p26DY,Sphingopyxin-I,EDNRB,26,D,Y,GIEPLGPVDEDQGEHYLFAGGITADD,
Lariocidin_p1SA,Lariocidin,PPIA,1,S,A,SKKSKPGDGKFGRGVKRG,
Lariocidin_p1SC,Lariocidin,PPIA,1,S,C,SKKSKPGDGKFGRGVKRG,
Lariocidin_p1SD,Lariocidin,PPIA,1,S,D,SKKSKPGDGKFGRGVKRG,
Lariocidin_p1SE,Lariocidin,PPIA,1,S,E,SKKSKPGDGKFGRGVKRG,
Lariocidin_p1SF,Lariocidin,PPIA,1,S,F,SKKSKPGDGKFGRGVKRG,
Lariocidin_p1SG,Lariocidin,PPIA,1,S,G,SKKSKPGDGKFGRGVKRG,
Lariocidin_p1SH,Lariocidin,PPIA,1,S,H,SKKSKPGDGKFGRGVKRG,
Lariocidin_p1SI,Lariocidin,PPIA,1,S,I,SKKSKPGDGKFGRGVKRG,
Lariocidin_p1SK,Lariocidin,PPIA,1,S,K,SKKSKPGDGKFGRGVKRG,
Lariocidin_p1SL,Lariocidin,PPIA,1,S,L,SKKSKPGDGKFGRGVKRG,
Lariocidin_p1SM,Lariocidin,PPIA,1,S,M,SKKSKPGDGKFGRGVKRG,
Lariocidin_p1SN,Lariocidin,PPIA,1,S,N,SKKSKPGDGKFGRGVKRG,
Lariocidin_p1SP,Lariocidin,PPIA,1,S,P,SKKSKPGDGKFGRGVKRG,
Lariocidin_p1SQ,Lariocidin,PPIA,1,S,Q,SKKSKPGDGKFGRGVKRG,
Lariocidin_p1SR,Lariocidin,PPIA,1,S,R,SKKSKPGDGKFGRGVKRG,
Lariocidin_p1ST,Lariocidin,PPIA,1,S,T,SKKSKPGDGKFGRGVKRG,
Lariocidin_p1SV,Lariocidin,PPIA,1,S,V,SKKSKPGDGKFGRGVKRG,
Lariocidin_p1SW,Lariocidin,PPIA,1,S,W,SKKSKPGDGKFGRGVKRG,
Lariocidin_p1SY,Lariocidin,PPIA,1,S,Y,SKKSKPGDGKFGRGVKRG,
Lariocidin_p2KA,Lariocidin,PPIA,2,K,A,SKKSKPGDGKFGRGVKRG,
Lariocidin_p2KC,Lariocidin,PPIA,2,K,C,SKKSKPGDGKFGRGVKRG,
Lariocidin_p2KD,Lariocidin,PPIA,2,K,D,SKKSKPGDGKFGRGVKRG,
Lariocidin_p2KE,Lariocidin,PPIA,2,K,E,SKKSKPGDGKFGRGVKRG,
Lariocidin_p2KF,Lariocidin,PPIA,2,K,F,SKKSKPGDGKFGRGVKRG,
Lariocidin_p2KG,Lariocidin,PPIA,2,K,G,SKKSKPGDGKFGRGVKRG,
Lariocidin_p2KH,Lariocidin,PPIA,2,K,H,SKKSKPGDGKFGRGVKRG,
Lariocidin_p2KI,Lariocidin,PPIA,2,K,I,SKKSKPGDGKFGRGVKRG,
Lariocidin_p2KL,Lariocidin,PPIA,2,K,L,SKKSKPGDGKFGRGVKRG,
Lariocidin_p2KM,Lariocidin,PPIA,2,K,M,SKKSKPGDGKFGRGVKRG,
Lariocidin_p2KN,Lariocidin,PPIA,2,K,N,SKKSKPGDGKFGRGVKRG,
Lariocidin_p2KP,Lariocidin,PPIA,2,K,P,SKKSKPGDGKFGRGVKRG,
Lariocidin_p2KQ,Lariocidin,PPIA,2,K,Q,SKKSKPGDGKFGRGVKRG,
Lariocidin_p2KR,Lariocidin,PPIA,2,K,R,SKKSKPGDGKFGRGVKRG,
Lariocidin_p2KS,Lariocidin,PPIA,2,K,S,SKKSKPGDGKFGRGVKRG,
Lariocidin_p2KT,Lariocidin,PPIA,2,K,T,SKKSKPGDGKFGRGVKRG,
Lariocidin_p2KV,Lariocidin,PPIA,2,K,V,SKKSKPGDGKFGRGVKRG,
Lariocidin_p2KW,Lariocidin,PPIA,2,K,W,SKKSKPGDGKFGRGVKRG,
Lariocidin_p2KY,Lariocidin,PPIA,2,K,Y,SKKSKPGDGKFGRGVKRG,
Lariocidin_p3KA,Lariocidin,PPIA,3,K,A,SKKSKPGDGKFGRGVKRG,
Lariocidin_p3KC,Lariocidin,PPIA,3,K,C,SKKSKPGDGKFGRGVKRG,
Lariocidin_p3KD,Lariocidin,PPIA,3,K,D,SKKSKPGDGKFGRGVKRG,
Lariocidin_p3KE,Lariocidin,PPIA,3,K,E,SKKSKPGDGKFGRGVKRG,
Lariocidin_p3KF,Lariocidin,PPIA,3,K,F,SKKSKPGDGKFGRGVKRG,
Lariocidin_p3KG,Lariocidin,PPIA,3,K,G,SKKSKPGDGKFGRGVKRG,
Lariocidin_p3KH,Lariocidin,PPIA,3,K,H,SKKSKPGDGKFGRGVKRG,
Lariocidin_p3KI,Lariocidin,PPIA,3,K,I,SKKSKPGDGKFGRGVKRG,
Lariocidin_p3KL,Lariocidin,PPIA,3,K,L,SKKSKPGDGKFGRGVKRG,
Lariocidin_p3KM,Lariocidin,PPIA,3,K,M,SKKSKPGDGKFGRGVKRG,
Lariocidin_p3KN,Lariocidin,PPIA,3,K,N,SKKSKPGDGKFGRGVKRG,
Lariocidin_p3KP,Lariocidin,PPIA,3,K,P,SKKSKPGDGKFGRGVKRG,
Lariocidin_p3KQ,Lariocidin,PPIA,3,K,Q,SKKSKPGDGKFGRGVKRG,
Lariocidin_p3KR,Lariocidin,PPIA,3,K,R,SKKSKPGDGKFGRGVKRG,
Lariocidin_p3KS,Lariocidin,PPIA,3,K,S,SKKSKPGDGKFGRGVKRG,
Lariocidin_p3KT,Lariocidin,PPIA,3,K,T,SKKSKPGDGKFGRGVKRG,
Lariocidin_p3KV,Lariocidin,PPIA,3,K,V,SKKSKPGDGKFGRGVKRG,
Lariocidin_p3KW,Lariocidin,PPIA,3,K,W,SKKSKPGDGKFGRGVKRG,
Lariocidin_p3KY,Lariocidin,PPIA,3,K,Y,SKKSKPGDGKFGRGVKRG,
Lariocidin_p4SA,Lariocidin,PPIA,4,S,A,SKKSKPGDGKFGRGVKRG,
Lariocidin_p4SC,Lariocidin,PPIA,4,S,C,SKKSKPGDGKFGRGVKRG,
Lariocidin_p4SD,Lariocidin,PPIA,4,S,D,SKKSKPGDGKFGRGVKRG,
Lariocidin_p4SE,Lariocidin,PPIA,4,S,E,SKKSKPGDGKFGRGVKRG,
Lariocidin_p4SF,Lariocidin,PPIA,4,S,F,SKKSKPGDGKFGRGVKRG,
Lariocidin_p4SG,Lariocidin,PPIA,4,S,G,SKKSKPGDGKFGRGVKRG,
Lariocidin_p4SH,Lariocidin,PPIA,4,S,H,SKKSKPGDGKFGRGVKRG,
Lariocidin_p4SI,Lariocidin,PPIA,4,S,I,SKKSKPGDGKFGRGVKRG,
Lariocidin_p4SK,Lariocidin,PPIA,4,S,K,SKKSKPGDGKFGRGVKRG,
Lariocidin_p4SL,Lariocidin,PPIA,4,S,L,SKKSKPGDGKFGRGVKRG,
Lariocidin_p4SM,Lariocidin,PPIA,4,S,M,SKKSKPGDGKFGRGVKRG,
Lariocidin_p4SN,Lariocidin,PPIA,4,S,N,SKKSKPGDGKFGRGVKRG,
Lariocidin_p4SP,Lariocidin,PPIA,4,S,P,SKKSKPGDGKFGRGVKRG,
Lariocidin_p4SQ,Lariocidin,PPIA,4,S,Q,SKKSKPGDGKFGRGVKRG,
Lariocidin_p4SR,Lariocidin,PPIA,4,S,R,SKKSKPGDGKFGRGVKRG,
Lariocidin_p4ST,Lariocidin,PPIA,4,S,T,SKKSKPGDGKFGRGVKRG,
Lariocidin_p4SV,Lariocidin,PPIA,4,S,V,SKKSKPGDGKFGRGVKRG,
Lariocidin_p4SW,Lariocidin,PPIA,4,S,W,SKKSKPGDGKFGRGVKRG,
Lariocidin_p4SY,Lariocidin,PPIA,4,S,Y,SKKSKPGDGKFGRGVKRG,
Lariocidin_p5KA,Lariocidin,PPIA,5,K,A,SKKSKPGDGKFGRGVKRG,
Lariocidin_p5KC,Lariocidin,PPIA,5,K,C,SKKSKPGDGKFGRGVKRG,
Lariocidin_p5KD,Lariocidin,PPIA,5,K,D,SKKSKPGDGKFGRGVKRG,
Lariocidin_p5KE,Lariocidin,PPIA,5,K,E,SKKSKPGDGKFGRGVKRG,
Lariocidin_p5KF,Lariocidin,PPIA,5,K,F,SKKSKPGDGKFGRGVKRG,
Lariocidin_p5KG,Lariocidin,PPIA,5,K,G,SKKSKPGDGKFGRGVKRG,
Lariocidin_p5KH,Lariocidin,PPIA,5,K,H,SKKSKPGDGKFGRGVKRG,
Lariocidin_p5KI,Lariocidin,PPIA,5,K,I,SKKSKPGDGKFGRGVKRG,
Lariocidin_p5KL,Lariocidin,PPIA,5,K,L,SKKSKPGDGKFGRGVKRG,
Lariocidin_p5KM,Lariocidin,PPIA,5,K,M,SKKSKPGDGKFGRGVKRG,
Lariocidin_p5KN,Lariocidin,PPIA,5,K,N,SKKSKPGDGKFGRGVKRG,
Lariocidin_p5KP,Lariocidin,PPIA,5,K,P,SKKSKPGDGKFGRGVKRG,
Lariocidin_p5KQ,Lariocidin,PPIA,5,K,Q,SKKSKPGDGKFGRGVKRG,
Lariocidin_p5KR,Lariocidin,PPIA,5,K,R,SKKSKPGDGKFGRGVKRG,
Lariocidin_p5KS,Lariocidin,PPIA,5,K,S,SKKSKPGDGKFGRGVKRG,
Lariocidin_p5KT,Lariocidin,PPIA,5,K,T,SKKSKPGDGKFGRGVKRG,
Lariocidin_p5KV,Lariocidin,PPIA,5,K,V,SKKSKPGDGKFGRGVKRG,
Lariocidin_p5KW,Lariocidin,PPIA,5,K,W,SKKSKPGDGKFGRGVKRG,
Lariocidin_p5KY,Lariocidin,PPIA,5,K,Y,SKKSKPGDGKFGRGVKRG,
Lariocidin_p6PA,Lariocidin,PPIA,6,P,A,SKKSKPGDGKFGRGVKRG,
Lariocidin_p6PC,Lariocidin,PPIA,6,P,C,SKKSKPGDGKFGRGVKRG,
Lariocidin_p6PD,Lariocidin,PPIA,6,P,D,SKKSKPGDGKFGRGVKRG,
Lariocidin_p6PE,Lariocidin,PPIA,6,P,E,SKKSKPGDGKFGRGVKRG,
Lariocidin_p6PF,Lariocidin,PPIA,6,P,F,SKKSKPGDGKFGRGVKRG,
Lariocidin_p6PG,Lariocidin,PPIA,6,P,G,SKKSKPGDGKFGRGVKRG,may_break_turn
Lariocidin_p6PH,Lariocidin,PPIA,6,P,H,SKKSKPGDGKFGRGVKRG,
Lariocidin_p6PI,Lariocidin,PPIA,6,P,I,SKKSKPGDGKFGRGVKRG,
Lariocidin_p6PK,Lariocidin,PPIA,6,P,K,SKKSKPGDGKFGRGVKRG,
Lariocidin_p6PL,Lariocidin,PPIA,6,P,L,SKKSKPGDGKFGRGVKRG,
Lariocidin_p6PM,Lariocidin,PPIA,6,P,M,SKKSKPGDGKFGRGVKRG,
Lariocidin_p6PN,Lariocidin,PPIA,6,P,N,SKKSKPGDGKFGRGVKRG,
Lariocidin_p6PQ,Lariocidin,PPIA,6,P,Q,SKKSKPGDGKFGRGVKRG,
Lariocidin_p6PR,Lariocidin,PPIA,6,P,R,SKKSKPGDGKFGRGVKRG,
Lariocidin_p6PS,Lariocidin,PPIA,6,P,S,SKKSKPGDGKFGRGVKRG,
Lariocidin_p6PT,Lariocidin,PPIA,6,P,T,SKKSKPGDGKFGRGVKRG,
Lariocidin_p6PV,Lariocidin,PPIA,6,P,V,SKKSKPGDGKFGRGVKRG,
Lariocidin_p6PW,Lariocidin,PPIA,6,P,W,SKKSKPGDGKFGRGVKRG,
Lariocidin_p6PY,Lariocidin,PPIA,6,P,Y,SKKSKPGDGKFGRGVKRG,
Lariocidin_p7GA,Lariocidin,PPIA,7,G,A,SKKSKPGDGKFGRGVKRG,structural_wt_Cys_Gly
Lariocidin_p7GC,Lariocidin,PPIA,7,G,C,SKKSKPGDGKFGRGVKRG,structural_wt_Cys_Gly
Lariocidin_p7GD,Lariocidin,PPIA,7,G,D,SKKSKPGDGKFGRGVKRG,structural_wt_Cys_Gly
Lariocidin_p7GE,Lariocidin,PPIA,7,G,E,SKKSKPGDGKFGRGVKRG,structural_wt_Cys_Gly
Lariocidin_p7GF,Lariocidin,PPIA,7,G,F,SKKSKPGDGKFGRGVKRG,structural_wt_Cys_Gly
Lariocidin_p7GH,Lariocidin,PPIA,7,G,H,SKKSKPGDGKFGRGVKRG,structural_wt_Cys_Gly
Lariocidin_p7GI,Lariocidin,PPIA,7,G,I,SKKSKPGDGKFGRGVKRG,structural_wt_Cys_Gly
Lariocidin_p7GK,Lariocidin,PPIA,7,G,K,SKKSKPGDGKFGRGVKRG,structural_wt_Cys_Gly
Lariocidin_p7GL,Lariocidin,PPIA,7,G,L,SKKSKPGDGKFGRGVKRG,structural_wt_Cys_Gly
Lariocidin_p7GM,Lariocidin,PPIA,7,G,M,SKKSKPGDGKFGRGVKRG,structural_wt_Cys_Gly
Lariocidin_p7GN,Lariocidin,PPIA,7,G,N,SKKSKPGDGKFGRGVKRG,structural_wt_Cys_Gly
Lariocidin_p7GP,Lariocidin,PPIA,7,G,P,SKKSKPGDGKFGRGVKRG,structural_wt_Cys_Gly
Lariocidin_p7GQ,Lariocidin,PPIA,7,G,Q,SKKSKPGDGKFGRGVKRG,structural_wt_Cys_Gly
Lariocidin_p7GR,Lariocidin,PPIA,7,G,R,SKKSKPGDGKFGRGVKRG,structural_wt_Cys_Gly
Lariocidin_p7GS,Lariocidin,PPIA,7,G,S,SKKSKPGDGKFGRGVKRG,structural_wt_Cys_Gly
Lariocidin_p7GT,Lariocidin,PPIA,7,G,T,SKKSKPGDGKFGRGVKRG,structural_wt_Cys_Gly
Lariocidin_p7GV,Lariocidin,PPIA,7,G,V,SKKSKPGDGKFGRGVKRG,structural_wt_Cys_Gly
Lariocidin_p7GW,Lariocidin,PPIA,7,G,W,SKKSKPGDGKFGRGVKRG,structural_wt_Cys_Gly
Lariocidin_p7GY,Lariocidin,PPIA,7,G,Y,SKKSKPGDGKFGRGVKRG,structural_wt_Cys_Gly
Lariocidin_p8DA,Lariocidin,PPIA,8,D,A,SKKSKPGDGKFGRGVKRG,
Lariocidin_p8DC,Lariocidin,PPIA,8,D,C,SKKSKPGDGKFGRGVKRG,
Lariocidin_p8DE,Lariocidin,PPIA,8,D,E,SKKSKPGDGKFGRGVKRG,
Lariocidin_p8DF,Lariocidin,PPIA,8,D,F,SKKSKPGDGKFGRGVKRG,
Lariocidin_p8DG,Lariocidin,PPIA,8,D,G,SKKSKPGDGKFGRGVKRG,
Lariocidin_p8DH,Lariocidin,PPIA,8,D,H,SKKSKPGDGKFGRGVKRG,
Lariocidin_p8DI,Lariocidin,PPIA,8,D,I,SKKSKPGDGKFGRGVKRG,
Lariocidin_p8DK,Lariocidin,PPIA,8,D,K,SKKSKPGDGKFGRGVKRG,
Lariocidin_p8DL,Lariocidin,PPIA,8,D,L,SKKSKPGDGKFGRGVKRG,
Lariocidin_p8DM,Lariocidin,PPIA,8,D,M,SKKSKPGDGKFGRGVKRG,
Lariocidin_p8DN,Lariocidin,PPIA,8,D,N,SKKSKPGDGKFGRGVKRG,
Lariocidin_p8DP,Lariocidin,PPIA,8,D,P,SKKSKPGDGKFGRGVKRG,
Lariocidin_p8DQ,Lariocidin,PPIA,8,D,Q,SKKSKPGDGKFGRGVKRG,
Lariocidin_p8DR,Lariocidin,PPIA,8,D,R,SKKSKPGDGKFGRGVKRG,
Lariocidin_p8DS,Lariocidin,PPIA,8,D,S,SKKSKPGDGKFGRGVKRG,
Lariocidin_p8DT,Lariocidin,PPIA,8,D,T,SKKSKPGDGKFGRGVKRG,
Lariocidin_p8DV,Lariocidin,PPIA,8,D,V,SKKSKPGDGKFGRGVKRG,
Lariocidin_p8DW,Lariocidin,PPIA,8,D,W,SKKSKPGDGKFGRGVKRG,
Lariocidin_p8DY,Lariocidin,PPIA,8,D,Y,SKKSKPGDGKFGRGVKRG,
Lariocidin_p9GA,Lariocidin,PPIA,9,G,A,SKKSKPGDGKFGRGVKRG,structural_wt_Cys_Gly
Lariocidin_p9GC,Lariocidin,PPIA,9,G,C,SKKSKPGDGKFGRGVKRG,structural_wt_Cys_Gly
Lariocidin_p9GD,Lariocidin,PPIA,9,G,D,SKKSKPGDGKFGRGVKRG,structural_wt_Cys_Gly
Lariocidin_p9GE,Lariocidin,PPIA,9,G,E,SKKSKPGDGKFGRGVKRG,structural_wt_Cys_Gly
Lariocidin_p9GF,Lariocidin,PPIA,9,G,F,SKKSKPGDGKFGRGVKRG,structural_wt_Cys_Gly
Lariocidin_p9GH,Lariocidin,PPIA,9,G,H,SKKSKPGDGKFGRGVKRG,structural_wt_Cys_Gly
Lariocidin_p9GI,Lariocidin,PPIA,9,G,I,SKKSKPGDGKFGRGVKRG,structural_wt_Cys_Gly
Lariocidin_p9GK,Lariocidin,PPIA,9,G,K,SKKSKPGDGKFGRGVKRG,structural_wt_Cys_Gly
Lariocidin_p9GL,Lariocidin,PPIA,9,G,L,SKKSKPGDGKFGRGVKRG,structural_wt_Cys_Gly
Lariocidin_p9GM,Lariocidin,PPIA,9,G,M,SKKSKPGDGKFGRGVKRG,structural_wt_Cys_Gly
Lariocidin_p9GN,Lariocidin,PPIA,9,G,N,SKKSKPGDGKFGRGVKRG,structural_wt_Cys_Gly
Lariocidin_p9GP,Lariocidin,PPIA,9,G,P,SKKSKPGDGKFGRGVKRG,structural_wt_Cys_Gly
Lariocidin_p9GQ,Lariocidin,PPIA,9,G,Q,SKKSKPGDGKFGRGVKRG,structural_wt_Cys_Gly
Lariocidin_p9GR,Lariocidin,PPIA,9,G,R,SKKSKPGDGKFGRGVKRG,structural_wt_Cys_Gly
Lariocidin_p9GS,Lariocidin,PPIA,9,G,S,SKKSKPGDGKFGRGVKRG,structural_wt_Cys_Gly
Lariocidin_p9GT,Lariocidin,PPIA,9,G,T,SKKSKPGDGKFGRGVKRG,structural_wt_Cys_Gly
Lariocidin_p9GV,Lariocidin,PPIA,9,G,V,SKKSKPGDGKFGRGVKRG,structural_wt_Cys_Gly
Lariocidin_p9GW,Lariocidin,PPIA,9,G,W,SKKSKPGDGKFGRGVKRG,structural_wt_Cys_Gly
Lariocidin_p9GY,Lariocidin,PPIA,9,G,Y,SKKSKPGDGKFGRGVKRG,structural_wt_Cys_Gly
Lariocidin_p10KA,Lariocidin,PPIA,10,K,A,SKKSKPGDGKFGRGVKRG,
Lariocidin_p10KC,Lariocidin,PPIA,10,K,C,SKKSKPGDGKFGRGVKRG,
Lariocidin_p10KD,Lariocidin,PPIA,10,K,D,SKKSKPGDGKFGRGVKRG,
Lariocidin_p10KE,Lariocidin,PPIA,10,K,E,SKKSKPGDGKFGRGVKRG,
Lariocidin_p10KF,Lariocidin,PPIA,10,K,F,SKKSKPGDGKFGRGVKRG,
Lariocidin_p10KG,Lariocidin,PPIA,10,K,G,SKKSKPGDGKFGRGVKRG,
Lariocidin_p10KH,Lariocidin,PPIA,10,K,H,SKKSKPGDGKFGRGVKRG,
Lariocidin_p10KI,Lariocidin,PPIA,10,K,I,SKKSKPGDGKFGRGVKRG,
Lariocidin_p10KL,Lariocidin,PPIA,10,K,L,SKKSKPGDGKFGRGVKRG,
Lariocidin_p10KM,Lariocidin,PPIA,10,K,M,SKKSKPGDGKFGRGVKRG,
Lariocidin_p10KN,Lariocidin,PPIA,10,K,N,SKKSKPGDGKFGRGVKRG,
Lariocidin_p10KP,Lariocidin,PPIA,10,K,P,SKKSKPGDGKFGRGVKRG,
Lariocidin_p10KQ,Lariocidin,PPIA,10,K,Q,SKKSKPGDGKFGRGVKRG,
Lariocidin_p10KR,Lariocidin,PPIA,10,K,R,SKKSKPGDGKFGRGVKRG,
Lariocidin_p10KS,Lariocidin,PPIA,10,K,S,SKKSKPGDGKFGRGVKRG,
Lariocidin_p10KT,Lariocidin,PPIA,10,K,T,SKKSKPGDGKFGRGVKRG,
Lariocidin_p10KV,Lariocidin,PPIA,10,K,V,SKKSKPGDGKFGRGVKRG,
Lariocidin_p10KW,Lariocidin,PPIA,10,K,W,SKKSKPGDGKFGRGVKRG,
Lariocidin_p10KY,Lariocidin,PPIA,10,K,Y,SKKSKPGDGKFGRGVKRG,
Lariocidin_p11FA,Lariocidin,PPIA,11,F,A,SKKSKPGDGKFGRGVKRG,
Lariocidin_p11FC,Lariocidin,PPIA,11,F,C,SKKSKPGDGKFGRGVKRG,
Lariocidin_p11FD,Lariocidin,PPIA,11,F,D,SKKSKPGDGKFGRGVKRG,
Lariocidin_p11FE,Lariocidin,PPIA,11,F,E,SKKSKPGDGKFGRGVKRG,
Lariocidin_p11FG,Lariocidin,PPIA,11,F,G,SKKSKPGDGKFGRGVKRG,
Lariocidin_p11FH,Lariocidin,PPIA,11,F,H,SKKSKPGDGKFGRGVKRG,
Lariocidin_p11FI,Lariocidin,PPIA,11,F,I,SKKSKPGDGKFGRGVKRG,
Lariocidin_p11FK,Lariocidin,PPIA,11,F,K,SKKSKPGDGKFGRGVKRG,
Lariocidin_p11FL,Lariocidin,PPIA,11,F,L,SKKSKPGDGKFGRGVKRG,
Lariocidin_p11FM,Lariocidin,PPIA,11,F,M,SKKSKPGDGKFGRGVKRG,
Lariocidin_p11FN,Lariocidin,PPIA,11,F,N,SKKSKPGDGKFGRGVKRG,
Lariocidin_p11FP,Lariocidin,PPIA,11,F,P,SKKSKPGDGKFGRGVKRG,
Lariocidin_p11FQ,Lariocidin,PPIA,11,F,Q,SKKSKPGDGKFGRGVKRG,
Lariocidin_p11FR,Lariocidin,PPIA,11,F,R,SKKSKPGDGKFGRGVKRG,
Lariocidin_p11FS,Lariocidin,PPIA,11,F,S,SKKSKPGDGKFGRGVKRG,
Lariocidin_p11FT,Lariocidin,PPIA,11,F,T,SKKSKPGDGKFGRGVKRG,
Lariocidin_p11FV,Lariocidin,PPIA,11,F,V,SKKSKPGDGKFGRGVKRG,
Lariocidin_p11FW,Lariocidin,PPIA,11,F,W,SKKSKPGDGKFGRGVKRG,
Lariocidin_p11FY,Lariocidin,PPIA,11,F,Y,SKKSKPGDGKFGRGVKRG,
Lariocidin_p12GA,Lariocidin,PPIA,12,G,A,SKKSKPGDGKFGRGVKRG,structural_wt_Cys_Gly
Lariocidin_p12GC,Lariocidin,PPIA,12,G,C,SKKSKPGDGKFGRGVKRG,structural_wt_Cys_Gly
Lariocidin_p12GD,Lariocidin,PPIA,12,G,D,SKKSKPGDGKFGRGVKRG,structural_wt_Cys_Gly
Lariocidin_p12GE,Lariocidin,PPIA,12,G,E,SKKSKPGDGKFGRGVKRG,structural_wt_Cys_Gly
Lariocidin_p12GF,Lariocidin,PPIA,12,G,F,SKKSKPGDGKFGRGVKRG,structural_wt_Cys_Gly
Lariocidin_p12GH,Lariocidin,PPIA,12,G,H,SKKSKPGDGKFGRGVKRG,structural_wt_Cys_Gly
Lariocidin_p12GI,Lariocidin,PPIA,12,G,I,SKKSKPGDGKFGRGVKRG,structural_wt_Cys_Gly
Lariocidin_p12GK,Lariocidin,PPIA,12,G,K,SKKSKPGDGKFGRGVKRG,structural_wt_Cys_Gly
Lariocidin_p12GL,Lariocidin,PPIA,12,G,L,SKKSKPGDGKFGRGVKRG,structural_wt_Cys_Gly
Lariocidin_p12GM,Lariocidin,PPIA,12,G,M,SKKSKPGDGKFGRGVKRG,structural_wt_Cys_Gly
Lariocidin_p12GN,Lariocidin,PPIA,12,G,N,SKKSKPGDGKFGRGVKRG,structural_wt_Cys_Gly
Lariocidin_p12GP,Lariocidin,PPIA,12,G,P,SKKSKPGDGKFGRGVKRG,structural_wt_Cys_Gly
Lariocidin_p12GQ,Lariocidin,PPIA,12,G,Q,SKKSKPGDGKFGRGVKRG,structural_wt_Cys_Gly
Lariocidin_p12GR,Lariocidin,PPIA,12,G,R,SKKSKPGDGKFGRGVKRG,structural_wt_Cys_Gly
Lariocidin_p12GS,Lariocidin,PPIA,12,G,S,SKKSKPGDGKFGRGVKRG,structural_wt_Cys_Gly
Lariocidin_p12GT,Lariocidin,PPIA,12,G,T,SKKSKPGDGKFGRGVKRG,structural_wt_Cys_Gly
Lariocidin_p12GV,Lariocidin,PPIA,12,G,V,SKKSKPGDGKFGRGVKRG,structural_wt_Cys_Gly
Lariocidin_p12GW,Lariocidin,PPIA,12,G,W,SKKSKPGDGKFGRGVKRG,structural_wt_Cys_Gly
Lariocidin_p12GY,Lariocidin,PPIA,12,G,Y,SKKSKPGDGKFGRGVKRG,structural_wt_Cys_Gly
Lariocidin_p13RA,Lariocidin,PPIA,13,R,A,SKKSKPGDGKFGRGVKRG,
Lariocidin_p13RC,Lariocidin,PPIA,13,R,C,SKKSKPGDGKFGRGVKRG,
Lariocidin_p13RD,Lariocidin,PPIA,13,R,D,SKKSKPGDGKFGRGVKRG,
Lariocidin_p13RE,Lariocidin,PPIA,13,R,E,SKKSKPGDGKFGRGVKRG,
Lariocidin_p13RF,Lariocidin,PPIA,13,R,F,SKKSKPGDGKFGRGVKRG,
Lariocidin_p13RG,Lariocidin,PPIA,13,R,G,SKKSKPGDGKFGRGVKRG,
Lariocidin_p13RH,Lariocidin,PPIA,13,R,H,SKKSKPGDGKFGRGVKRG,
Lariocidin_p13RI,Lariocidin,PPIA,13,R,I,SKKSKPGDGKFGRGVKRG,
Lariocidin_p13RK,Lariocidin,PPIA,13,R,K,SKKSKPGDGKFGRGVKRG,
Lariocidin_p13RL,Lariocidin,PPIA,13,R,L,SKKSKPGDGKFGRGVKRG,
Lariocidin_p13RM,Lariocidin,PPIA,13,R,M,SKKSKPGDGKFGRGVKRG,
Lariocidin_p13RN,Lariocidin,PPIA,13,R,N,SKKSKPGDGKFGRGVKRG,
Lariocidin_p13RP,Lariocidin,PPIA,13,R,P,SKKSKPGDGKFGRGVKRG,
Lariocidin_p13RQ,Lariocidin,PPIA,13,R,Q,SKKSKPGDGKFGRGVKRG,
Lariocidin_p13RS,Lariocidin,PPIA,13,R,S,SKKSKPGDGKFGRGVKRG,
Lariocidin_p13RT,Lariocidin,PPIA,13,R,T,SKKSKPGDGKFGRGVKRG,
Lariocidin_p13RV,Lariocidin,PPIA,13,R,V,SKKSKPGDGKFGRGVKRG,
Lariocidin_p13RW,Lariocidin,PPIA,13,R,W,SKKSKPGDGKFGRGVKRG,
Lariocidin_p13RY,Lariocidin,PPIA,13,R,Y,SKKSKPGDGKFGRGVKRG,
Lariocidin_p14GA,Lariocidin,PPIA,14,G,A,SKKSKPGDGKFGRGVKRG,structural_wt_Cys_Gly
Lariocidin_p14GC,Lariocidin,PPIA,14,G,C,SKKSKPGDGKFGRGVKRG,structural_wt_Cys_Gly
Lariocidin_p14GD,Lariocidin,PPIA,14,G,D,SKKSKPGDGKFGRGVKRG,structural_wt_Cys_Gly
Lariocidin_p14GE,Lariocidin,PPIA,14,G,E,SKKSKPGDGKFGRGVKRG,structural_wt_Cys_Gly
Lariocidin_p14GF,Lariocidin,PPIA,14,G,F,SKKSKPGDGKFGRGVKRG,structural_wt_Cys_Gly
Lariocidin_p14GH,Lariocidin,PPIA,14,G,H,SKKSKPGDGKFGRGVKRG,structural_wt_Cys_Gly
Lariocidin_p14GI,Lariocidin,PPIA,14,G,I,SKKSKPGDGKFGRGVKRG,structural_wt_Cys_Gly
Lariocidin_p14GK,Lariocidin,PPIA,14,G,K,SKKSKPGDGKFGRGVKRG,structural_wt_Cys_Gly
Lariocidin_p14GL,Lariocidin,PPIA,14,G,L,SKKSKPGDGKFGRGVKRG,structural_wt_Cys_Gly
Lariocidin_p14GM,Lariocidin,PPIA,14,G,M,SKKSKPGDGKFGRGVKRG,structural_wt_Cys_Gly
Lariocidin_p14GN,Lariocidin,PPIA,14,G,N,SKKSKPGDGKFGRGVKRG,structural_wt_Cys_Gly
Lariocidin_p14GP,Lariocidin,PPIA,14,G,P,SKKSKPGDGKFGRGVKRG,structural_wt_Cys_Gly
Lariocidin_p14GQ,Lariocidin,PPIA,14,G,Q,SKKSKPGDGKFGRGVKRG,structural_wt_Cys_Gly
Lariocidin_p14GR,Lariocidin,PPIA,14,G,R,SKKSKPGDGKFGRGVKRG,structural_wt_Cys_Gly
Lariocidin_p14GS,Lariocidin,PPIA,14,G,S,SKKSKPGDGKFGRGVKRG,structural_wt_Cys_Gly
Lariocidin_p14GT,Lariocidin,PPIA,14,G,T,SKKSKPGDGKFGRGVKRG,structural_wt_Cys_Gly
Lariocidin_p14GV,Lariocidin,PPIA,14,G,V,SKKSKPGDGKFGRGVKRG,structural_wt_Cys_Gly
Lariocidin_p14GW,Lariocidin,PPIA,14,G,W,SKKSKPGDGKFGRGVKRG,structural_wt_Cys_Gly
Lariocidin_p14GY,Lariocidin,PPIA,14,G,Y,SKKSKPGDGKFGRGVKRG,structural_wt_Cys_Gly
Lariocidin_p15VA,Lariocidin,PPIA,15,V,A,SKKSKPGDGKFGRGVKRG,
Lariocidin_p15VC,Lariocidin,PPIA,15,V,C,SKKSKPGDGKFGRGVKRG,
Lariocidin_p15VD,Lariocidin,PPIA,15,V,D,SKKSKPGDGKFGRGVKRG,
Lariocidin_p15VE,Lariocidin,PPIA,15,V,E,SKKSKPGDGKFGRGVKRG,
Lariocidin_p15VF,Lariocidin,PPIA,15,V,F,SKKSKPGDGKFGRGVKRG,
Lariocidin_p15VG,Lariocidin,PPIA,15,V,G,SKKSKPGDGKFGRGVKRG,
Lariocidin_p15VH,Lariocidin,PPIA,15,V,H,SKKSKPGDGKFGRGVKRG,
Lariocidin_p15VI,Lariocidin,PPIA,15,V,I,SKKSKPGDGKFGRGVKRG,
Lariocidin_p15VK,Lariocidin,PPIA,15,V,K,SKKSKPGDGKFGRGVKRG,
Lariocidin_p15VL,Lariocidin,PPIA,15,V,L,SKKSKPGDGKFGRGVKRG,
Lariocidin_p15VM,Lariocidin,PPIA,15,V,M,SKKSKPGDGKFGRGVKRG,
Lariocidin_p15VN,Lariocidin,PPIA,15,V,N,SKKSKPGDGKFGRGVKRG,
Lariocidin_p15VP,Lariocidin,PPIA,15,V,P,SKKSKPGDGKFGRGVKRG,
Lariocidin_p15VQ,Lariocidin,PPIA,15,V,Q,SKKSKPGDGKFGRGVKRG,
Lariocidin_p15VR,Lariocidin,PPIA,15,V,R,SKKSKPGDGKFGRGVKRG,
Lariocidin_p15VS,Lariocidin,PPIA,15,V,S,SKKSKPGDGKFGRGVKRG,
Lariocidin_p15VT,Lariocidin,PPIA,15,V,T,SKKSKPGDGKFGRGVKRG,
Lariocidin_p15VW,Lariocidin,PPIA,15,V,W,SKKSKPGDGKFGRGVKRG,
Lariocidin_p15VY,Lariocidin,PPIA,15,V,Y,SKKSKPGDGKFGRGVKRG,
Lariocidin_p16KA,Lariocidin,PPIA,16,K,A,SKKSKPGDGKFGRGVKRG,
Lariocidin_p16KC,Lariocidin,PPIA,16,K,C,SKKSKPGDGKFGRGVKRG,
Lariocidin_p16KD,Lariocidin,PPIA,16,K,D,SKKSKPGDGKFGRGVKRG,
Lariocidin_p16KE,Lariocidin,PPIA,16,K,E,SKKSKPGDGKFGRGVKRG,
Lariocidin_p16KF,Lariocidin,PPIA,16,K,F,SKKSKPGDGKFGRGVKRG,
Lariocidin_p16KG,Lariocidin,PPIA,16,K,G,SKKSKPGDGKFGRGVKRG,
Lariocidin_p16KH,Lariocidin,PPIA,16,K,H,SKKSKPGDGKFGRGVKRG,
Lariocidin_p16KI,Lariocidin,PPIA,16,K,I,SKKSKPGDGKFGRGVKRG,
Lariocidin_p16KL,Lariocidin,PPIA,16,K,L,SKKSKPGDGKFGRGVKRG,
Lariocidin_p16KM,Lariocidin,PPIA,16,K,M,SKKSKPGDGKFGRGVKRG,
Lariocidin_p16KN,Lariocidin,PPIA,16,K,N,SKKSKPGDGKFGRGVKRG,
Lariocidin_p16KP,Lariocidin,PPIA,16,K,P,SKKSKPGDGKFGRGVKRG,
Lariocidin_p16KQ,Lariocidin,PPIA,16,K,Q,SKKSKPGDGKFGRGVKRG,
Lariocidin_p16KR,Lariocidin,PPIA,16,K,R,SKKSKPGDGKFGRGVKRG,
Lariocidin_p16KS,Lariocidin,PPIA,16,K,S,SKKSKPGDGKFGRGVKRG,
Lariocidin_p16KT,Lariocidin,PPIA,16,K,T,SKKSKPGDGKFGRGVKRG,
Lariocidin_p16KV,Lariocidin,PPIA,16,K,V,SKKSKPGDGKFGRGVKRG,
Lariocidin_p16KW,Lariocidin,PPIA,16,K,W,SKKSKPGDGKFGRGVKRG,
Lariocidin_p16KY,Lariocidin,PPIA,16,K,Y,SKKSKPGDGKFGRGVKRG,
Lariocidin_p17RA,Lariocidin,PPIA,17,R,A,SKKSKPGDGKFGRGVKRG,
Lariocidin_p17RC,Lariocidin,PPIA,17,R,C,SKKSKPGDGKFGRGVKRG,
Lariocidin_p17RD,Lariocidin,PPIA,17,R,D,SKKSKPGDGKFGRGVKRG,
Lariocidin_p17RE,Lariocidin,PPIA,17,R,E,SKKSKPGDGKFGRGVKRG,
Lariocidin_p17RF,Lariocidin,PPIA,17,R,F,SKKSKPGDGKFGRGVKRG,
Lariocidin_p17RG,Lariocidin,PPIA,17,R,G,SKKSKPGDGKFGRGVKRG,
Lariocidin_p17RH,Lariocidin,PPIA,17,R,H,SKKSKPGDGKFGRGVKRG,
Lariocidin_p17RI,Lariocidin,PPIA,17,R,I,SKKSKPGDGKFGRGVKRG,
Lariocidin_p17RK,Lariocidin,PPIA,17,R,K,SKKSKPGDGKFGRGVKRG,
Lariocidin_p17RL,Lariocidin,PPIA,17,R,L,SKKSKPGDGKFGRGVKRG,
Lariocidin_p17RM,Lariocidin,PPIA,17,R,M,SKKSKPGDGKFGRGVKRG,
Lariocidin_p17RN,Lariocidin,PPIA,17,R,N,SKKSKPGDGKFGRGVKRG,
Lariocidin_p17RP,Lariocidin,PPIA,17,R,P,SKKSKPGDGKFGRGVKRG,
Lariocidin_p17RQ,Lariocidin,PPIA,17,R,Q,SKKSKPGDGKFGRGVKRG,
Lariocidin_p17RS,Lariocidin,PPIA,17,R,S,SKKSKPGDGKFGRGVKRG,
Lariocidin_p17RT,Lariocidin,PPIA,17,R,T,SKKSKPGDGKFGRGVKRG,
Lariocidin_p17RV,Lariocidin,PPIA,17,R,V,SKKSKPGDGKFGRGVKRG,
Lariocidin_p17RW,Lariocidin,PPIA,17,R,W,SKKSKPGDGKFGRGVKRG,
Lariocidin_p17RY,Lariocidin,PPIA,17,R,Y,SKKSKPGDGKFGRGVKRG,
Lariocidin_p18GA,Lariocidin,PPIA,18,G,A,SKKSKPGDGKFGRGVKRG,structural_wt_Cys_Gly
Lariocidin_p18GC,Lariocidin,PPIA,18,G,C,SKKSKPGDGKFGRGVKRG,structural_wt_Cys_Gly
Lariocidin_p18GD,Lariocidin,PPIA,18,G,D,SKKSKPGDGKFGRGVKRG,structural_wt_Cys_Gly
Lariocidin_p18GE,Lariocidin,PPIA,18,G,E,SKKSKPGDGKFGRGVKRG,structural_wt_Cys_Gly
Lariocidin_p18GF,Lariocidin,PPIA,18,G,F,SKKSKPGDGKFGRGVKRG,structural_wt_Cys_Gly
Lariocidin_p18GH,Lariocidin,PPIA,18,G,H,SKKSKPGDGKFGRGVKRG,structural_wt_Cys_Gly
Lariocidin_p18GI,Lariocidin,PPIA,18,G,I,SKKSKPGDGKFGRGVKRG,structural_wt_Cys_Gly
Lariocidin_p18GK,Lariocidin,PPIA,18,G,K,SKKSKPGDGKFGRGVKRG,structural_wt_Cys_Gly
Lariocidin_p18GL,Lariocidin,PPIA,18,G,L,SKKSKPGDGKFGRGVKRG,structural_wt_Cys_Gly
Lariocidin_p18GM,Lariocidin,PPIA,18,G,M,SKKSKPGDGKFGRGVKRG,structural_wt_Cys_Gly
Lariocidin_p18GN,Lariocidin,PPIA,18,G,N,SKKSKPGDGKFGRGVKRG,structural_wt_Cys_Gly
Lariocidin_p18GP,Lariocidin,PPIA,18,G,P,SKKSKPGDGKFGRGVKRG,structural_wt_Cys_Gly
Lariocidin_p18GQ,Lariocidin,PPIA,18,G,Q,SKKSKPGDGKFGRGVKRG,structural_wt_Cys_Gly
Lariocidin_p18GR,Lariocidin,PPIA,18,G,R,SKKSKPGDGKFGRGVKRG,structural_wt_Cys_Gly
Lariocidin_p18GS,Lariocidin,PPIA,18,G,S,SKKSKPGDGKFGRGVKRG,structural_wt_Cys_Gly
Lariocidin_p18GT,Lariocidin,PPIA,18,G,T,SKKSKPGDGKFGRGVKRG,structural_wt_Cys_Gly
Lariocidin_p18GV,Lariocidin,PPIA,18,G,V,SKKSKPGDGKFGRGVKRG,structural_wt_Cys_Gly
Lariocidin_p18GW,Lariocidin,PPIA,18,G,W,SKKSKPGDGKFGRGVKRG,structural_wt_Cys_Gly
Lariocidin_p18GY,Lariocidin,PPIA,18,G,Y,SKKSKPGDGKFGRGVKRG,structural_wt_Cys_Gly
