id,POLR2A,EDNRB,CLPB,PPIA
MccJ25_p1GA,0.1880510151386261,0.6167886853218079,0.6437752842903137,-2.222651243209839
MccJ25_p1GC,6.2472453117370605,2.0321245193481445,4.123056888580322,-1.839670181274414
MccJ25_p1GD,7.832475185394287,3.0651862621307373,5.314726829528809,-0.15821188688278198
MccJ25_p1GE,8.09815788269043,3.142841339111328,5.432750225067139,0.5248481631278992
MccJ25_p1GF,9.02529239654541,3.6090471744537354,6.145030498504639,0.6204956769943237
MccJ25_p1GH,7.9365620613098145,2.94515061378479,5.27576208114624,-0.37049439549446106
MccJ25_p1GI,8.838800430297852,3.63566255569458,6.090377330780029,1.0659719705581665
MccJ25_p1GK,8.392603874206543,3.239816188812256,5.624986171722412,0.619064211845398
MccJ25_p1GL,8.69277286529541,3.386242389678955,5.836282730102539,0.553049623966217
MccJ25_p1GM,8.362308502197266,3.432363271713257,5.814445972442627,0.6460031867027283
MccJ25_p1GN,8.359498023986816,3.263262987136841,5.613749027252197,0.768395185470581
MccJ25_p1GP,8.807909965515137,3.4579503536224365,5.951953411102295,0.21449902653694153
MccJ25_p1GQ,7.842039585113525,2.922823190689087,5.210464000701904,0.22915545105934143
MccJ25_p1GR,9.731842994689941,3.960921287536621,6.67113733291626,0.9906798601150513
MccJ25_p1GS,8.880425453186035,3.6264634132385254,6.141122817993164,0.8261220455169678
MccJ25_p1GT,8.417250633239746,3.479461669921875,5.869740009307861,0.8756007552146912
MccJ25_p1GV,7.835014820098877,3.7529590129852295,5.731773853302002,1.0100616216659546
MccJ25_p1GW,8.22981071472168,3.096437692642212,5.497663974761963,-0.43276140093803406
MccJ25_p1GY,8.742650032043457,3.366363525390625,5.8598151206970215,0.3227657377719879
MccJ25_p2GA,9.465984344482422,4.1785407066345215,6.7960524559021,0.7493447065353394
MccJ25_p2GC,8.255119323730469,3.8928723335266113,6.0863237380981445,0.5283209085464478
MccJ25_p2GD,8.880370140075684,3.6772592067718506,6.192297458648682,0.2253970205783844
MccJ25_p2GE,8.851913452148438,3.7030954360961914,6.216824531555176,0.31969350576400757
MccJ25_p2GF,9.83875560760498,4.103119850158691,6.862357139587402,0.3001362085342407
MccJ25_p2GH,9.359062194824219,3.884690999984741,6.523271083831787,0.02158857136964798
MccJ25_p2GI,9.23533821105957,4.077152729034424,6.656060695648193,0.4439975917339325
MccJ25_p2GK,8.893168449401855,3.7907583713531494,6.3230299949646,0.2504139244556427
MccJ25_p2GL,8.4076566696167,3.9267096519470215,6.185360908508301,0.37959370017051697
MccJ25_p2GM,8.959216117858887,3.998316764831543,6.48050594329834,0.4107207655906677
MccJ25_p2GN,8.775249481201172,3.7786381244659424,6.273305416107178,0.13931970298290253
MccJ25_p2GP,9.342545509338379,3.9412548542022705,6.581079483032227,0.3016507029533386
MccJ25_p2GQ,8.98571491241455,3.9028806686401367,6.451521396636963,0.24221360683441162
MccJ25_p2GR,9.570208549499512,3.998539686203003,6.692568302154541,0.26554468274116516
MccJ25_p2GS,9.189013481140137,3.935939073562622,6.5347747802734375,0.3293211758136749
MccJ25_p2GT,8.626526832580566,3.8935060501098633,6.284667015075684,0.22897666692733765
MccJ25_p2GV,9.39742374420166,4.147833824157715,6.75861930847168,0.6267434358596802
MccJ25_p2GW,9.954232215881348,4.079326629638672,6.847776412963867,0.44164276123046875
MccJ25_p2GY,9.936034202575684,4.024536609649658,6.797677993774414,0.21169450879096985
MccJ25_p3AC,9.283366203308105,3.8887202739715576,6.496860504150391,0.6249805092811584
MccJ25_p3AD,9.205498695373535,3.725090742111206,6.311108589172363,0.3917349874973297
MccJ25_p3AE,9.223235130310059,3.7862987518310547,6.380928993225098,0.506158709526062
MccJ25_p3AF,10.430296897888184,4.164583683013916,7.066310882568359,0.6184186935424805
MccJ25_p3AG,9.962912559509277,4.024805068969727,6.802586555480957,0.5655838847160339
MccJ25_p3AH,9.850604057312012,3.912865400314331,6.677558898925781,0.36146363615989685
MccJ25_p3AI,10.134840965270996,4.086294174194336,6.9060139656066895,0.6334688067436218
MccJ25_p3AK,9.314736366271973,3.8159496784210205,6.429905891418457,0.4866648018360138
MccJ25_p3AL,9.804333686828613,3.993830919265747,6.725724697113037,0.6263195872306824
MccJ25_p3AM,9.897278785705566,4.066666603088379,6.82210111618042,0.6629848480224609
MccJ25_p3AN,9.520245552062988,3.8532841205596924,6.517038822174072,0.4218575656414032
MccJ25_p3AP,10.0554780960083,4.097597599029541,6.896519660949707,0.6749387979507446
MccJ25_p3AQ,9.70703125,3.95216965675354,6.662956714630127,0.48937758803367615
MccJ25_p3AR,10.095894813537598,4.044824600219727,6.86475133895874,0.49574795365333557
MccJ25_p3AS,9.895334243774414,4.009795188903809,6.767218112945557,0.5335855484008789
MccJ25_p3AT,9.65320873260498,3.9606025218963623,6.660709381103516,0.5228626132011414
MccJ25_p3AV,9.952189445495605,4.045535564422607,6.816431522369385,0.6133518218994141
MccJ25_p3AW,10.45418930053711,4.189363956451416,7.096380710601807,0.6889158487319946
MccJ25_p3AY,10.2176513671875,4.012342929840088,6.893019199371338,0.4016678035259247
MccJ25_p4GA,9.555691719055176,4.0212507247924805,6.702859878540039,0.7126744985580444
MccJ25_p4GC,8.934849739074707,3.8232898712158203,6.328906536102295,0.7488728761672974
MccJ25_p4GD,8.378462791442871,3.5827033519744873,5.969789981842041,0.492933452129364
MccJ25_p4GE,8.818514823913574,3.695827007293701,6.189803600311279,0.581939697265625
MccJ25_p4GF,10.294453620910645,4.132165431976318,6.9900593757629395,0.6332908272743225
MccJ25_p4GH,9.642874717712402,3.85811185836792,6.557187557220459,0.4374645948410034
MccJ25_p4GI,9.949766159057617,3.991839647293091,6.759458541870117,0.6173571348190308
MccJ25_p4GK,9.110025405883789,3.7682859897613525,6.336487293243408,0.6082040071487427
MccJ25_p4GL,9.761879920959473,3.964958429336548,6.683518886566162,0.6985712051391602
MccJ25_p4GM,9.688565254211426,3.953819751739502,6.653161525726318,0.6391779184341431
MccJ25_p4GN,9.240642547607422,3.8583388328552246,6.4609055519104,0.6118098497390747
MccJ25_p4GP,9.653770446777344,3.9315295219421387,6.6248297691345215,0.7491967678070068
MccJ25_p4GQ,9.628695487976074,3.9237403869628906,6.611015796661377,0.5927896499633789
MccJ25_p4GR,9.847246170043945,3.9499640464782715,6.695565700531006,0.5969820022583008
MccJ25_p4GS,9.708312034606934,3.98793625831604,6.694220066070557,0.6775974035263062
MccJ25_p4GT,9.579633712768555,3.92834210395813,6.602573871612549,0.5642277598381042
MccJ25_p4GV,9.89863109588623,3.9883570671081543,6.742842197418213,0.6110795736312866
MccJ25_p4GW,10.008307456970215,4.014724254608154,6.799727916717529,0.6359165906906128
MccJ25_p4GY,9.810687065124512,3.8675267696380615,6.623579025268555,0.3003874123096466
MccJ25_p5HA,9.87870979309082,4.200673580169678,6.9639692306518555,0.8552336692810059
MccJ25_p5HC,9.156522750854492,4.027734279632568,6.557524681091309,0.8171467781066895
MccJ25_p5HD,9.06145191192627,3.8371670246124268,6.395351886749268,0.5898198485374451
MccJ25_p5HE,9.165555000305176,3.897045850753784,6.48115873336792,0.7125098705291748
MccJ25_p5HF,10.700501441955566,4.3565802574157715,7.316708087921143,0.8701899647712708
MccJ25_p5HG,9.84013843536377,4.037731170654297,6.781210899353027,0.6809879541397095
MccJ25_p5HI,10.056622505187988,4.236517429351807,7.044167995452881,0.8672534227371216
MccJ25_p5HK,9.334452629089355,4.0533246994018555,6.663092136383057,0.8580808639526367
MccJ25_p5HL,9.835785865783691,4.206405162811279,6.954165935516357,0.8738658428192139
MccJ25_p5HM,9.90109920501709,4.2666707038879395,7.030789375305176,0.847366213798523
MccJ25_p5HN,9.40906810760498,4.054448127746582,6.689887523651123,0.7468180656433105
MccJ25_p5HP,9.735480308532715,3.9752840995788574,6.686254978179932,0.6877567768096924
MccJ25_p5HQ,9.628623962402344,4.0925445556640625,6.792842388153076,0.7950946092605591
MccJ25_p5HR,10.336878776550293,4.2417988777160645,7.110833644866943,0.7918813228607178
MccJ25_p5HS,9.92678451538086,4.15155553817749,6.922868251800537,0.81217360496521
MccJ25_p5HT,9.598040580749512,4.091561794281006,6.784003734588623,0.748984158039093
MccJ25_p5HV,10.060722351074219,4.20749044418335,7.015824794769287,0.8240762948989868
MccJ25_p5HW,10.572601318359375,4.377616882324219,7.31264591217041,0.9202746152877808
MccJ25_p5HY,10.5158109664917,4.29439115524292,7.214790344238281,0.7981178164482117
MccJ25_p6VA,9.518147468566895,4.017942428588867,6.695440292358398,0.6517573595046997
MccJ25_p6VC,7.807978630065918,3.583453416824341,5.691692352294922,0.6372958421707153
MccJ25_p6VD,8.214669227600098,3.4055843353271484,5.751296520233154,0.28692489862442017
MccJ25_p6VE,8.816790580749512,3.6365342140197754,6.128466606140137,0.517337441444397
MccJ25_p6VF,9.930998802185059,4.104580402374268,6.8769450187683105,0.7370450496673584
MccJ25_p6VG,9.123854637145996,3.7565457820892334,6.321583271026611,0.5693285465240479
MccJ25_p6VH,9.693415641784668,3.8831684589385986,6.593414783477783,0.4513886868953705
MccJ25_p6VI,10.01693058013916,4.1509881019592285,6.943587303161621,0.7356460094451904
MccJ25_p6VK,9.431503295898438,3.9243104457855225,6.5670599937438965,0.7165806293487549
MccJ25_p6VL,9.528599739074707,4.049239635467529,6.728684902191162,0.7433375120162964
MccJ25_p6VM,9.674447059631348,4.077846050262451,6.795790195465088,0.6388052701950073
MccJ25_p6VN,9.187515258789062,3.7805166244506836,6.358852863311768,0.5370168089866638
MccJ25_p6VP,8.926980972290039,3.714993476867676,6.233562469482422,0.6452921032905579
MccJ25_p6VQ,9.655062675476074,3.9440155029296875,6.638706684112549,0.6154066920280457
MccJ25_p6VR,9.967415809631348,4.008572101593018,6.78285551071167,0.630844235420227
MccJ25_p6VS,9.368644714355469,3.8740298748016357,6.50474214553833,0.58790522813797
MccJ25_p6VT,9.452729225158691,3.940737009048462,6.597054958343506,0.49570754170417786
MccJ25_p6VW,9.89969539642334,4.001776218414307,6.759694576263428,0.5372182726860046
MccJ25_p6VY,10.048208236694336,4.0360517501831055,6.840490818023682,0.5692552328109741
MccJ25_p7PA,8.798075675964355,4.060684680938721,6.401763439178467,0.6030499935150146
MccJ25_p7PC,7.678689479827881,3.59057354927063,5.629683017730713,0.40285736322402954
MccJ25_p7PD,8.04780387878418,3.6160128116607666,5.819042682647705,0.332291841506958
MccJ25_p7PE,7.619939804077148,3.568861722946167,5.595371723175049,0.47220733761787415
MccJ25_p7PF,9.752345085144043,4.019979476928711,6.745217323303223,0.5850591063499451
MccJ25_p7PG,8.495387077331543,3.810805082321167,6.130945205688477,0.506755530834198
MccJ25_p7PH,8.793805122375488,3.7636351585388184,6.257145404815674,0.3173361122608185
MccJ25_p7PI,9.339299201965332,4.010804653167725,6.636082172393799,0.6095858812332153
MccJ25_p7PK,7.9170002937316895,3.7249014377593994,5.811621189117432,0.5448981523513794
MccJ25_p7PL,8.739462852478027,3.913749933242798,6.300331115722656,0.670447587966919
MccJ25_p7PM,8.246903419494629,3.8579187393188477,6.037045478820801,0.575590193271637
MccJ25_p7PN,8.242222785949707,3.769662618637085,5.9845356941223145,0.43090328574180603
MccJ25_p7PQ,8.792400360107422,3.84393048286438,6.302299976348877,0.5158791542053223
MccJ25_p7PR,9.590928077697754,3.944284677505493,6.632782459259033,0.4309730529785156
MccJ25_p7PS,8.892945289611816,4.018406391143799,6.4073405265808105,0.5741714835166931
MccJ25_p7PT,8.170531272888184,3.8339059352874756,6.002983570098877,0.440422385931015
MccJ25_p7PV,9.504595756530762,4.015462398529053,6.689467906951904,0.5516883730888367
MccJ25_p7PW,8.928539276123047,3.8183178901672363,6.3473358154296875,0.34997138381004333
MccJ25_p7PY,9.158495903015137,3.8218042850494385,6.410704612731934,0.371808797121048
MccJ25_p8EA,7.087254524230957,3.277745008468628,5.199243068695068,0.4300050139427185
MccJ25_p8EC,8.085833549499512,3.6366209983825684,5.8616533279418945,0.7695320844650269
MccJ25_p8ED,9.993959426879883,4.128458499908447,6.923684597015381,0.5447587370872498
MccJ25_p8EF,8.182007789611816,3.4893155097961426,5.795361042022705,0.5695104598999023
MccJ25_p8EG,7.6513991355896,3.3261749744415283,5.506093502044678,0.39569154381752014
MccJ25_p8EH,9.218002319335938,3.741391897201538,6.333767890930176,0.48577746748924255
MccJ25_p8EI,8.244668006896973,3.478100538253784,5.814378261566162,0.5254345536231995
MccJ25_p8EK,7.644811630249023,3.424426555633545,5.540027141571045,0.6672581434249878
MccJ25_p8EL,7.320713043212891,3.249969482421875,5.298748970031738,0.43836334347724915
MccJ25_p8EM,7.842641830444336,3.3424806594848633,5.579968452453613,0.3647438585758209
MccJ25_p8EN,8.305575370788574,3.584501266479492,5.938510417938232,0.5158716440200806
MccJ25_p8EP,7.729122161865234,3.3079516887664795,5.485472202301025,0.6388789415359497
MccJ25_p8EQ,8.32068920135498,3.5126712322235107,5.881605625152588,0.48488911986351013
MccJ25_p8ER,9.239964485168457,3.8066227436065674,6.400330066680908,0.6469103693962097
MccJ25_p8ES,7.958885192871094,3.379315137863159,5.649234294891357,0.3777010142803192
MccJ25_p8ET,7.793872356414795,3.3677427768707275,5.594972133636475,0.31848785281181335
MccJ25_p8EV,7.626196384429932,3.3186514377593994,5.470277309417725,0.468341588973999
MccJ25_p8EW,8.517383575439453,3.5183823108673096,5.932497978210449,0.538445234298706
MccJ25_p8EY,8.66759204864502,3.534574508666992,5.99227237701416,0.5326811075210571
MccJ25_p9YA,8.40229606628418,3.8802244663238525,6.111743450164795,0.7779481410980225
MccJ25_p9YC,8.2532320022583,3.739656686782837,5.992912292480469,0.7255534529685974
MccJ25_p9YD,8.556563377380371,3.775723457336426,6.144908905029297,0.4822472631931305
MccJ25_p9YE,7.914806842803955,3.6818931102752686,5.7773613929748535,0.718985378742218
MccJ25_p9YF,10.107779502868652,4.309921741485596,7.126784801483154,0.8658043146133423
MccJ25_p9YG,8.55032730102539,3.723925828933716,6.125732898712158,0.5778371691703796
MccJ25_p9YH,8.943784713745117,3.793874979019165,6.323920726776123,0.4961068630218506
MccJ25_p9YI,9.734343528747559,4.233907222747803,6.92883825302124,0.9253658056259155
MccJ25_p9YK,7.888817310333252,3.632472515106201,5.755345821380615,0.6802635192871094
MccJ25_p9YL,9.06303882598877,4.063302993774414,6.535348415374756,0.8899886608123779
MccJ25_p9YM,8.616715431213379,4.029036521911621,6.291121959686279,0.8500614762306213
MccJ25_p9YN,8.814838409423828,3.8444745540618896,6.300683975219727,0.5447885990142822
MccJ25_p9YP,8.391586303710938,3.7600162029266357,6.073841571807861,0.7343583703041077
MccJ25_p9YQ,8.30345344543457,3.7844464778900146,6.021208763122559,0.706634521484375
MccJ25_p9YR,9.013175964355469,3.8685460090637207,6.405145168304443,0.6365998387336731
MccJ25_p9YS,9.031018257141113,3.876452922821045,6.425443649291992,0.5581201314926147
MccJ25_p9YT,8.37582015991211,3.8229243755340576,6.07415246963501,0.6778311133384705
MccJ25_p9YV,9.12205982208252,4.055086612701416,6.5672383308410645,0.8780331611633301
MccJ25_p9YW,9.860239028930664,4.23952579498291,6.985060214996338,0.7828401327133179
MccJ25_p10FA,7.773957252502441,3.6897823810577393,5.718968868255615,0.7075815200805664
MccJ25_p10FC,6.929085731506348,3.320096254348755,5.112180709838867,0.6084154844284058
MccJ25_p10FD,7.151718616485596,3.3867712020874023,5.268073081970215,0.518919825553894
MccJ25_p10FE,6.669189929962158,3.3269712924957275,4.989678382873535,0.6384298801422119
MccJ25_p10FG,7.704238414764404,3.5459799766540527,5.619359493255615,0.6505005359649658
MccJ25_p10FH,7.9136176109313965,3.440730094909668,5.693958282470703,0.41480574011802673
MccJ25_p10FI,8.878181457519531,3.7656633853912354,6.278467655181885,0.5725826025009155
MccJ25_p10FK,7.144799709320068,3.3104407787323,5.240952014923096,0.4823018014431
MccJ25_p10FL,8.457572937011719,3.720278024673462,6.08864164352417,0.6292027831077576
MccJ25_p10FM,7.992031574249268,3.720540761947632,5.857901096343994,0.6087068319320679
MccJ25_p10FN,7.594088077545166,3.49554443359375,5.545347690582275,0.5242289304733276
MccJ25_p10FP,7.9740166664123535,3.5902645587921143,5.78102445602417,0.7614174485206604
MccJ25_p10FQ,7.554201602935791,3.4539296627044678,5.514095783233643,0.48790207505226135
MccJ25_p10FR,8.105443000793457,3.50531268119812,5.812230587005615,0.4744788110256195
MccJ25_p10FS,8.088650703430176,3.651092767715454,5.870632648468018,0.6169406175613403
MccJ25_p10FT,7.690165042877197,3.5247623920440674,5.613093376159668,0.41510236263275146
MccJ25_p10FV,8.347066879272461,3.694343328475952,6.02263069152832,0.6081098318099976
MccJ25_p10FW,8.946596145629883,3.826359510421753,6.347358226776123,0.6087144613265991
MccJ25_p10FY,9.069449424743652,3.7186946868896484,6.271714687347412,0.463987797498703
MccJ25_p11VA,9.225207328796387,3.899510622024536,6.501657009124756,0.45254042744636536
MccJ25_p11VC,9.580159187316895,3.9565961360931396,6.635952472686768,0.544645369052887
MccJ25_p11VD,8.647307395935059,3.4979755878448486,5.953083515167236,0.08713474869728088
MccJ25_p11VE,8.511185646057129,3.545858144760132,5.965640544891357,0.33793172240257263
MccJ25_p11VF,10.487436294555664,4.230649471282959,7.145867824554443,0.6029009819030762
MccJ25_p11VG,8.92936897277832,3.7131145000457764,6.237381935119629,0.3379121720790863
MccJ25_p11VH,9.497708320617676,3.809027671813965,6.472357273101807,0.25648531317710876
MccJ25_p11VI,10.359848976135254,4.22829008102417,7.101639270782471,0.7137144804000854
MccJ25_p11VK,9.05118465423584,3.7358286380767822,6.2818403244018555,0.47480401396751404
MccJ25_p11VL,10.075783729553223,4.154465198516846,6.961175918579102,0.746250569820404
MccJ25_p11VM,9.749802589416504,4.118083953857422,6.855832099914551,0.6725082397460938
MccJ25_p11VN,9.034667015075684,3.6530563831329346,6.201374530792236,0.17566436529159546
MccJ25_p11VP,8.7622709274292,3.7010695934295654,6.176881313323975,0.6766843795776367
MccJ25_p11VQ,9.530922889709473,3.884289264678955,6.55088996887207,0.43069958686828613
MccJ25_p11VR,9.642144203186035,3.873081684112549,6.570504188537598,0.43503299355506897
MccJ25_p11VS,9.571394920349121,3.875356912612915,6.553098201751709,0.34403765201568604
MccJ25_p11VT,9.49722957611084,3.8652503490448,6.5262861251831055,0.29022493958473206
MccJ25_p11VW,10.056916236877441,4.040072917938232,6.847508907318115,0.42718538641929626
MccJ25_p11VY,10.156180381774902,4.051571369171143,6.893354415893555,0.3834350109100342
MccJ25_p12GA,9.822367668151855,4.116134166717529,6.868217945098877,0.6566735506057739
MccJ25_p12GC,9.496674537658691,3.9476022720336914,6.6161789894104,0.7276567220687866
MccJ25_p12GD,9.051065444946289,3.7509844303131104,6.3090338706970215,0.4758248031139374
MccJ25_p12GE,8.501521110534668,3.6774399280548096,6.077573299407959,0.6536104083061218
MccJ25_p12GF,10.75084114074707,4.377696514129639,7.356074333190918,0.825072705745697
MccJ25_p12GH,9.613277435302734,3.8877508640289307,6.573101043701172,0.49928346276283264
MccJ25_p12GI,10.255943298339844,4.317990303039551,7.180054664611816,0.9161673784255981
MccJ25_p12GK,9.242083549499512,3.884927749633789,6.485281944274902,0.7164210081100464
MccJ25_p12GL,9.429262161254883,4.122293472290039,6.7334980964660645,0.9047824144363403
MccJ25_p12GM,9.530281066894531,4.231788635253906,6.841907978057861,0.8682385683059692
MccJ25_p12GN,9.365910530090332,3.902986764907837,6.541303634643555,0.6286221742630005
MccJ25_p12GP,9.226300239562988,3.8178203105926514,6.415396690368652,0.7290832996368408
MccJ25_p12GQ,9.398093223571777,3.9712963104248047,6.617274284362793,0.7354395985603333
MccJ25_p12GR,9.91541576385498,4.013671398162842,6.776061058044434,0.6125803589820862
MccJ25_p12GS,9.69658374786377,4.003283977508545,6.718609809875488,0.6228697299957275
MccJ25_p12GT,9.496418952941895,3.973918914794922,6.645540714263916,0.5217969417572021
MccJ25_p12GV,10.050979614257812,4.205831050872803,7.018960475921631,0.8304219245910645
MccJ25_p12GW,10.579352378845215,4.3139729499816895,7.244659900665283,0.7410620450973511
MccJ25_p12GY,10.241649627685547,4.118436813354492,6.961622714996338,0.6275479793548584
MccJ25_p13IA,8.589552879333496,3.5604803562164307,5.999258995056152,0.21655330061912537
MccJ25_p13IC,8.611659049987793,3.5347483158111572,5.971878528594971,0.22786837816238403
MccJ25_p13ID,7.79885721206665,3.1928372383117676,5.4327192306518555,-0.04568932205438614
MccJ25_p13IE,7.800671100616455,3.207026243209839,5.448171138763428,0.11621062457561493
MccJ25_p13IF,10.03620433807373,4.046740531921387,6.841468811035156,0.48839372396469116
MccJ25_p13IG,8.34235668182373,3.390781879425049,5.763315677642822,0.02084966003894806
MccJ25_p13IH,8.821070671081543,3.5080368518829346,6.003739356994629,0.025506794452667236
MccJ25_p13IK,8.015608787536621,3.373957872390747,5.674459457397461,0.19401681423187256
MccJ25_p13IL,9.291172981262207,3.933723211288452,6.553633689880371,0.6695288419723511
MccJ25_p13IM,8.936861991882324,3.8314566612243652,6.3544111251831055,0.49645355343818665
MccJ25_p13IN,8.30372428894043,3.4133236408233643,5.781959056854248,0.056782156229019165
MccJ25_p13IP,8.487504005432129,3.4390337467193604,5.837557792663574,0.290973037481308
MccJ25_p13IQ,8.489789962768555,3.518094539642334,5.935207843780518,0.21827343106269836
MccJ25_p13IR,8.953311920166016,3.572768449783325,6.098327159881592,0.1099272072315216
MccJ25_p13IS,8.582322120666504,3.4655370712280273,5.897496700286865,0.05404338240623474
MccJ25_p13IT,8.573853492736816,3.521594524383545,5.9590911865234375,0.08681536465883255
MccJ25_p13IV,9.46289348602295,3.917853593826294,6.568429470062256,0.5541723370552063
MccJ25_p13IW,9.277522087097168,3.707735061645508,6.313877105712891,0.2230410873889923
MccJ25_p13IY,9.653882026672363,3.8256986141204834,6.546143531799316,0.19761350750923157
MccJ25_p14GA,10.12981128692627,4.3525848388671875,7.1769490242004395,0.887805700302124
MccJ25_p14GC,9.400216102600098,4.072956085205078,6.685823917388916,0.7410440444946289
MccJ25_p14GD,8.957478523254395,3.8099570274353027,6.345980167388916,0.6311607956886292
MccJ25_p14GE,9.031075477600098,3.9300105571746826,6.451144695281982,0.8570057153701782
MccJ25_p14GF,11.450169563293457,4.664352893829346,7.821162700653076,0.9191105365753174
MccJ25_p14GH,10.189480781555176,4.182843208312988,7.010831832885742,0.693579912185669
MccJ25_p14GI,11.141350746154785,4.5536394119262695,7.62898063659668,0.9651296138763428
MccJ25_p14GK,9.337501525878906,4.152207374572754,6.7111101150512695,0.9483444690704346
MccJ25_p14GL,10.592708587646484,4.418629169464111,7.36148738861084,0.9431316256523132
MccJ25_p14GM,10.653631210327148,4.516256332397461,7.48647928237915,0.9383147954940796
MccJ25_p14GN,9.338608741760254,4.046812057495117,6.658731937408447,0.7933484315872192
MccJ25_p14GP,10.447447776794434,4.3507490158081055,7.254948139190674,0.9799346923828125
MccJ25_p14GQ,9.808650016784668,4.2901930809021,6.998090744018555,0.9312573075294495
MccJ25_p14GR,10.636397361755371,4.3742756843566895,7.318821430206299,0.7994155883789062
MccJ25_p14GS,10.393494606018066,4.3620924949646,7.255804538726807,0.8616431951522827
MccJ25_p14GT,10.137964248657227,4.304135322570801,7.141783237457275,0.8078711628913879
MccJ25_p14GV,10.693696022033691,4.407619953155518,7.366323471069336,0.903709888458252
MccJ25_p14GW,11.035264015197754,4.483952522277832,7.532788276672363,0.7716503143310547
MccJ25_p14GY,10.987162590026855,4.4547438621521,7.497074604034424,0.7948394417762756
MccJ25_p15TA,10.192625045776367,4.295715808868408,7.132400035858154,0.8600349426269531
MccJ25_p15TC,9.062779426574707,3.908459424972534,6.4357452392578125,0.7395052909851074
MccJ25_p15TD,9.165871620178223,3.886761426925659,6.460789203643799,0.6374744176864624
MccJ25_p15TE,9.067864418029785,3.8548026084899902,6.396409034729004,0.764417827129364
MccJ25_p15TF,11.420504570007324,4.6162214279174805,7.767472267150879,0.8945416212081909
MccJ25_p15TG,10.053879737854004,4.072187900543213,6.867436408996582,0.5895584225654602
MccJ25_p15TH,10.181902885437012,4.112265110015869,6.943727493286133,0.6834133863449097
MccJ25_p15TI,10.896910667419434,4.446695804595947,7.452818393707275,0.9568387269973755
MccJ25_p15TK,9.453442573547363,4.094632625579834,6.714115142822266,0.9583848714828491
MccJ25_p15TL,10.146467208862305,4.259784698486328,7.084534168243408,0.940793514251709
MccJ25_p15TM,10.259807586669922,4.330326080322266,7.1868672370910645,0.8935642242431641
MccJ25_p15TN,9.748518943786621,4.064370632171631,6.78931188583374,0.7431478500366211
MccJ25_p15TP,10.023136138916016,4.229354381561279,7.017697334289551,0.9837486147880554
MccJ25_p15TQ,9.82536792755127,4.128359317779541,6.8715739250183105,0.8468015193939209
MccJ25_p15TR,10.301985740661621,4.252223014831543,7.111892223358154,0.8758322596549988
MccJ25_p15TS,10.168784141540527,4.176567554473877,7.000101089477539,0.7258505821228027
MccJ25_p15TV,10.47061824798584,4.303499221801758,7.197397708892822,0.8815097212791443
MccJ25_p15TW,11.092793464660645,4.492557048797607,7.563355445861816,0.8501023054122925
MccJ25_p15TY,10.893256187438965,4.39237642288208,7.410329818725586,0.83965003490448
MccJ25_p16PA,9.87829303741455,4.135072231292725,6.896751403808594,0.35314854979515076
MccJ25_p16PC,6.403239727020264,3.2916924953460693,4.872766494750977,0.2107630968093872
MccJ25_p16PD,8.881207466125488,3.6663761138916016,6.179541110992432,0.02414325624704361
MccJ25_p16PE,8.80151081085205,3.6512410640716553,6.142170429229736,0.19941464066505432
MccJ25_p16PF,10.700993537902832,4.280341148376465,7.265833377838135,0.26998433470726013
MccJ25_p16PG,10.010504722595215,4.100276947021484,6.89181661605835,0.31628310680389404
MccJ25_p16PH,9.393525123596191,3.7365143299102783,6.38784646987915,-0.07140374928712845
MccJ25_p16PI,10.3414945602417,4.189244747161865,7.065229892730713,0.3941071331501007
MccJ25_p16PK,8.800135612487793,3.7799904346466064,6.269853591918945,0.3674037754535675
MccJ25_p16PL,9.81954288482666,4.0525994300842285,6.797789096832275,0.38027358055114746
MccJ25_p16PM,9.91525650024414,4.115653038024902,6.8846635818481445,0.24008551239967346
MccJ25_p16PN,9.059493064880371,3.834303140640259,6.391159534454346,0.2869088649749756
MccJ25_p16PQ,9.362149238586426,3.8751280307769775,6.50723123550415,0.23396170139312744
MccJ25_p16PR,10.01107406616211,4.022940635681152,6.822995185852051,0.2304704785346985
MccJ25_p16PS,9.60705852508545,3.9548215866088867,6.648730278015137,0.23333141207695007
MccJ25_p16PT,9.490537643432617,3.8929646015167236,6.561076641082764,0.08974678069353104
MccJ25_p16PV,9.885926246643066,4.016375541687012,6.774775981903076,0.25543445348739624
MccJ25_p16PW,10.219332695007324,4.066828727722168,6.9365739822387695,0.059781767427921295
MccJ25_p16PY,10.058334350585938,3.990649461746216,6.822197437286377,0.020860418677330017
MccJ25_p17IA,8.736270904541016,3.793365478515625,6.238752365112305,0.5666641592979431
MccJ25_p17IC,7.4683451652526855,3.533127546310425,5.487666606903076,0.47443678975105286
MccJ25_p17ID,8.156582832336426,3.417217969894409,5.745274066925049,0.2172943651676178
MccJ25_p17IE,7.406369686126709,3.314403772354126,5.378084182739258,0.45265915989875793
MccJ25_p17IF,10.515071868896484,4.272157669067383,7.18702507019043,0.6382315158843994
MccJ25_p17IG,9.204914093017578,3.7354376316070557,6.324184894561768,0.28692203760147095
MccJ25_p17IH,9.30374526977539,3.7189199924468994,6.33062219619751,0.24459844827651978
MccJ25_p17IK,7.515450954437256,3.483610153198242,5.478713035583496,0.7042166590690613
MccJ25_p17IL,9.150459289550781,3.984832763671875,6.537865161895752,0.7521435618400574
MccJ25_p17IM,9.180543899536133,4.0030388832092285,6.547983646392822,0.6705936193466187
MccJ25_p17IN,8.559659004211426,3.6306161880493164,6.052206516265869,0.4775402843952179
MccJ25_p17IP,8.142827033996582,3.673191785812378,5.889854431152344,0.8230589628219604
MccJ25_p17IQ,8.501958847045898,3.6522037982940674,6.043328762054443,0.5451759099960327
MccJ25_p17IR,9.1570463180542,3.7363548278808594,6.306171417236328,0.48012128472328186
MccJ25_p17IS,8.99313735961914,3.803518533706665,6.33869743347168,0.5671959519386292
MccJ25_p17IT,9.012547492980957,3.85697340965271,6.392553806304932,0.5471863746643066
MccJ25_p17IV,9.310933113098145,3.917104959487915,6.539559841156006,0.5684405565261841
MccJ25_p17IW,9.926088333129883,4.017321586608887,6.780207633972168,0.44646862149238586
MccJ25_p17IY,9.814672470092773,3.951091766357422,6.689239978790283,0.45299214124679565
MccJ25_p18SA,9.839651107788086,4.132382869720459,6.885380268096924,0.6565932035446167
MccJ25_p18SC,8.394341468811035,3.794144868850708,6.0719733238220215,0.7134870290756226
MccJ25_p18SD,9.138733863830566,3.7022221088409424,6.268349647521973,0.29192817211151123
MccJ25_p18SE,8.488249778747559,3.4689671993255615,5.870668888092041,0.39140787720680237
MccJ25_p18SF,10.865262031555176,4.389456748962402,7.401188850402832,0.7013349533081055
MccJ25_p18SG,10.227319717407227,4.137208461761475,6.980483531951904,0.5736463665962219
MccJ25_p18SH,9.629987716674805,3.8377654552459717,6.546083927154541,0.2327912449836731
MccJ25_p18SI,9.914668083190918,4.078968524932861,6.8393402099609375,0.7542816996574402
MccJ25_p18SK,8.458436012268066,3.7426297664642334,6.0838117599487305,0.725071370601654
MccJ25_p18SL,9.446805953979492,3.966515064239502,6.614494323730469,0.7884393334388733
MccJ25_p18SM,9.790763854980469,4.095444202423096,6.835964202880859,0.7112526893615723
MccJ25_p18SN,9.199431419372559,3.9113004207611084,6.502569675445557,0.6478999853134155
MccJ25_p18SP,9.353963851928711,3.9703726768493652,6.580511093139648,0.8973356485366821
MccJ25_p18SQ,9.263654708862305,3.841179370880127,6.441132068634033,0.6090617179870605
MccJ25_p18SR,9.896805763244629,3.9972918033599854,6.756313323974609,0.6297320127487183
MccJ25_p18ST,9.406182289123535,3.908630609512329,6.55253267288208,0.4418965280056
MccJ25_p18SV,9.680998802185059,3.9813385009765625,6.682769775390625,0.645859956741333
MccJ25_p18SW,10.297677993774414,4.163938999176025,7.026904582977295,0.6153666377067566
MccJ25_p18SY,10.193889617919922,4.095727443695068,6.940161228179932,0.4939362704753876
MccJ25_p19FA,7.384775638580322,3.7318079471588135,5.552536487579346,0.8777669668197632
MccJ25_p19FC,6.3341827392578125,3.3123855590820312,4.8037238121032715,0.7415235042572021
MccJ25_p19FD,7.650277614593506,3.529831647872925,5.578254699707031,0.6906032562255859
MccJ25_p19FE,6.743210315704346,3.387672185897827,5.0435357093811035,0.8405907154083252
MccJ25_p19FG,8.426800727844238,3.8012278079986572,6.07907247543335,0.755133867263794
MccJ25_p19FH,8.748250007629395,3.7204630374908447,6.190288066864014,0.4860146641731262
MccJ25_p19FI,8.33581829071045,3.7885353565216064,6.047533988952637,0.8120456337928772
MccJ25_p19FK,5.102544784545898,2.9560155868530273,4.00512170791626,0.9543832540512085
MccJ25_p19FL,7.639922142028809,3.686666965484619,5.630484104156494,0.8666857481002808
MccJ25_p19FM,7.834269046783447,3.845966100692749,5.826185703277588,0.8725799322128296
MccJ25_p19FN,7.283177852630615,3.6356208324432373,5.443892002105713,0.8964227437973022
MccJ25_p19FP,6.856239318847656,3.513137102127075,5.128054141998291,1.0165821313858032
MccJ25_p19FQ,7.170215129852295,3.597123861312866,5.370061874389648,0.8894239068031311
MccJ25_p19FR,8.11899471282959,3.774228811264038,5.911093235015869,0.891815185546875
MccJ25_p19FS,7.945178031921387,3.8079612255096436,5.849270343780518,0.8890383243560791
MccJ25_p19FT,7.720869064331055,3.773240804672241,5.755684852600098,0.8019552230834961
MccJ25_p19FV,7.892882823944092,3.691138505935669,5.782118320465088,0.7532929182052612
MccJ25_p19FW,9.1974458694458,3.9038896560668945,6.486140727996826,0.6411187648773193
MccJ25_p19FY,9.502015113830566,3.9520037174224854,6.61504602432251,0.6333626508712769
MccJ25_p20YA,8.16511058807373,3.7581100463867188,5.955625534057617,0.7038809061050415
MccJ25_p20YC,8.12403678894043,3.7673585414886475,5.928736686706543,0.6772128343582153
MccJ25_p20YD,7.5449347496032715,3.349447011947632,5.469714641571045,0.30523189902305603
MccJ25_p20YE,6.404426574707031,3.064622402191162,4.765142917633057,0.5390124320983887
MccJ25_p20YF,10.399882316589355,4.384043216705322,7.277183532714844,0.8073862791061401
MccJ25_p20YG,8.806404113769531,3.781562328338623,6.263465404510498,0.49640247225761414
MccJ25_p20YH,8.990614891052246,3.649470567703247,6.173944473266602,0.26240551471710205
MccJ25_p20YI,9.013495445251465,4.034953594207764,6.4967122077941895,0.86081862449646
MccJ25_p20YK,6.920478343963623,3.3731234073638916,5.159454822540283,0.686164379119873
MccJ25_p20YL,8.68529987335205,4.011247634887695,6.299354553222656,0.945884108543396
MccJ25_p20YM,9.143884658813477,4.136661052703857,6.596721172332764,0.9091928005218506
MccJ25_p20YN,7.755504131317139,3.449510335922241,5.6147589683532715,0.41183286905288696
MccJ25_p20YP,8.453091621398926,3.7966856956481934,6.106042385101318,0.8586286306381226
MccJ25_p20YQ,8.151223182678223,3.6419832706451416,5.894012928009033,0.6198056936264038
MccJ25_p20YR,9.210220336914062,3.8477132320404053,6.436282634735107,0.6155936121940613
MccJ25_p20YS,8.084640502929688,3.6030516624450684,5.8443708419799805,0.529003918170929
MccJ25_p20YT,7.794449329376221,3.572021007537842,5.704006671905518,0.48749008774757385
MccJ25_p20YV,8.78345012664795,3.9363386631011963,6.337557315826416,0.7765084505081177
MccJ25_p20YW,10.261058807373047,4.320765972137451,7.178651332855225,0.7413989305496216
MccJ25_p21GA,8.71728229522705,3.9826414585113525,6.3158793449401855,0.7719985246658325
MccJ25_p21GC,8.941065788269043,4.041903018951416,6.442058086395264,0.7848039269447327
MccJ25_p21GD,8.821316719055176,3.620469808578491,6.104437351226807,0.41694363951683044
MccJ25_p21GE,8.25681209564209,3.5691680908203125,5.89552640914917,0.6271666884422302
MccJ25_p21GF,10.783988952636719,4.472097396850586,7.459122180938721,0.8109869956970215
MccJ25_p21GH,9.803728103637695,3.934051036834717,6.67196798324585,0.41598907113075256
MccJ25_p21GI,9.632685661315918,4.353290557861328,6.9314117431640625,1.0066763162612915
MccJ25_p21GK,8.364129066467285,3.8232548236846924,6.062622547149658,0.8812695145606995
MccJ25_p21GL,9.506936073303223,4.22067403793335,6.821910381317139,0.9387094378471375
MccJ25_p21GM,10.158577919006348,4.40152645111084,7.203805446624756,0.9285365343093872
MccJ25_p21GN,9.403936386108398,3.9437694549560547,6.588372707366943,0.665141224861145
MccJ25_p21GP,9.311588287353516,3.9436042308807373,6.552691459655762,0.7926294803619385
MccJ25_p21GQ,9.277885437011719,3.9043712615966797,6.514610767364502,0.7064534425735474
MccJ25_p21GR,9.940206527709961,4.0790114402771,6.845794200897217,0.7555400133132935
MccJ25_p21GS,9.226097106933594,3.922631025314331,6.527440071105957,0.5834770202636719
MccJ25_p21GT,9.270057678222656,3.967271089553833,6.5824971199035645,0.5754696726799011
MccJ25_p21GV,9.695097923278809,4.315792083740234,6.9563984870910645,0.9349508285522461
MccJ25_p21GW,10.3844633102417,4.259399890899658,7.141770839691162,0.7001572847366333
MccJ25_p21GY,10.754199028015137,4.369589328765869,7.344378471374512,0.7847773432731628
Ubonodin_p1GA,-1.596129298210144,-2.109215021133423,-1.3169528245925903,-2.7890849113464355
Ubonodin_p1GC,2.160011053085327,-1.1902780532836914,0.8700773119926453,-2.5190181732177734
Ubonodin_p1GD,3.4095559120178223,0.9249571561813354,2.105459213256836,-1.6890065670013428
Ubonodin_p1GE,3.379271984100342,1.0096136331558228,2.114023447036743,-1.1924039125442505
Ubonodin_p1GF,4.6757283210754395,1.5677529573440552,3.028008222579956,-0.9771417379379272
Ubonodin_p1GH,3.4549920558929443,0.8915834426879883,2.0993192195892334,-1.677498698234558
Ubonodin_p1GI,4.773369312286377,1.6807621717453003,3.1026599407196045,0.28542622923851013
Ubonodin_p1GK,3.631091356277466,1.1410996913909912,2.285367012023926,-0.7846187353134155
Ubonodin_p1GL,3.902449369430542,1.2096502780914307,2.4655818939208984,-1.1183806657791138
Ubonodin_p1GM,4.1155314445495605,1.401950478553772,2.6614439487457275,-0.4222947657108307
Ubonodin_p1GN,4.093197345733643,1.3370558023452759,2.6098244190216064,-0.728215217590332
Ubonodin_p1GP,3.9667017459869385,1.214687466621399,2.517643928527832,-1.3710530996322632
Ubonodin_p1GQ,3.356008768081665,0.9496496915817261,2.064253807067871,-1.3026217222213745
Ubonodin_p1GR,4.578860282897949,1.5712248086929321,2.968716621398926,-0.42574116587638855
Ubonodin_p1GS,4.541837692260742,1.5397320985794067,2.967473268508911,-0.9719175100326538
Ubonodin_p1GT,4.428938388824463,1.4900716543197632,2.8755342960357666,-0.8609988689422607
Ubonodin_p1GV,4.6767754554748535,1.7105871438980103,3.1641318798065186,-0.7622787356376648
Ubonodin_p1GW,3.636753559112549,0.9093235731124878,2.214195489883423,-1.7516056299209595
Ubonodin_p1GY,4.14089822769165,1.2568756341934204,2.60372257232666,-1.3748127222061157
Ubonodin_p2GA,4.74508810043335,1.6326497793197632,3.1615610122680664,-1.3629146814346313
Ubonodin_p2GC,3.709301233291626,1.3534698486328125,2.593892812728882,-1.1997977495193481
Ubonodin_p2GD,4.111473083496094,1.2796812057495117,2.65669322013855,-1.5707253217697144
Ubonodin_p2GE,3.8987226486206055,1.2175474166870117,2.495537519454956,-1.4638053178787231
Ubonodin_p2GF,4.5669169425964355,1.466525912284851,2.9644370079040527,-1.5204384326934814
Ubonodin_p2GH,4.4755635261535645,1.3889458179473877,2.9012486934661865,-1.667214035987854
Ubonodin_p2GI,4.511101245880127,1.5345791578292847,2.9622015953063965,-1.194023609161377
Ubonodin_p2GK,4.185347080230713,1.3699036836624146,2.7418434619903564,-1.4401170015335083
Ubonodin_p2GL,4.081190586090088,1.4141435623168945,2.7453677654266357,-1.3341816663742065
Ubonodin_p2GM,4.113010883331299,1.4546167850494385,2.806798219680786,-1.3136214017868042
Ubonodin_p2GN,4.4564738273620605,1.457785964012146,2.958329200744629,-1.5890257358551025
Ubonodin_p2GP,4.4434285163879395,1.4015257358551025,2.8760125637054443,-1.5599443912506104
Ubonodin_p2GQ,4.306399822235107,1.361413836479187,2.8233859539031982,-1.6134430170059204
Ubonodin_p2GR,4.576291561126709,1.5088361501693726,3.016937732696533,-1.4959814548492432
Ubonodin_p2GS,4.7766523361206055,1.6234514713287354,3.1771535873413086,-1.4369975328445435
Ubonodin_p2GT,4.697455883026123,1.728535771369934,3.27835750579834,-1.4653862714767456
Ubonodin_p2GV,4.729186534881592,1.6483404636383057,3.1545169353485107,-1.2696763277053833
Ubonodin_p2GW,4.538969993591309,1.4988242387771606,2.9557881355285645,-1.3537541627883911
Ubonodin_p2GY,4.580837726593018,1.4222220182418823,2.9364516735076904,-1.57748281955719
Ubonodin_p3DA,5.392885684967041,1.947916865348816,3.643118381500244,-1.3070679903030396
Ubonodin_p3DC,4.620307445526123,1.7197552919387817,3.207289695739746,-1.1872458457946777
Ubonodin_p3DE,4.889742851257324,1.6573046445846558,3.2479114532470703,-1.4426325559616089
Ubonodin_p3DF,5.926657676696777,2.0913312435150146,3.920607805252075,-1.1834992170333862
Ubonodin_p3DG,5.629853248596191,2.0893197059631348,3.829848527908325,-1.2205930948257446
Ubonodin_p3DH,5.4378533363342285,1.8554713726043701,3.5966084003448486,-1.4385948181152344
Ubonodin_p3DI,5.331185817718506,1.855716347694397,3.519599676132202,-1.1786879301071167
Ubonodin_p3DK,4.992032527923584,1.6650100946426392,3.2942521572113037,-1.4884850978851318
Ubonodin_p3DL,5.419644832611084,1.9337962865829468,3.6088571548461914,-1.1223822832107544
Ubonodin_p3DM,5.281246662139893,1.8706743717193604,3.530425548553467,-1.2768982648849487
Ubonodin_p3DN,5.281394958496094,1.8636771440505981,3.535590887069702,-1.3664469718933105
Ubonodin_p3DP,5.730819225311279,2.1191604137420654,3.882917642593384,-1.2240099906921387
Ubonodin_p3DQ,5.3256096839904785,1.8602032661437988,3.5612688064575195,-1.424708366394043
Ubonodin_p3DR,5.251342296600342,1.7634685039520264,3.4545586109161377,-1.45328688621521
Ubonodin_p3DS,5.292445659637451,1.8549197912216187,3.537299871444702,-1.3927184343338013
Ubonodin_p3DT,5.453830718994141,1.9544864892959595,3.6873161792755127,-1.4200023412704468
Ubonodin_p3DV,5.496184825897217,1.9365546703338623,3.660646677017212,-1.2851918935775757
Ubonodin_p3DW,5.583165645599365,1.8940080404281616,3.637028932571411,-1.263332724571228
Ubonodin_p3DY,5.671995639801025,1.9132627248764038,3.7073655128479004,-1.3636544942855835
Ubonodin_p4GA,4.463136672973633,1.4993563890457153,2.9635467529296875,-1.4549286365509033
Ubonodin_p4GC,3.456165075302124,1.2334245443344116,2.425488233566284,-1.4044667482376099
Ubonodin_p4GD,3.9627301692962646,1.2424265146255493,2.559861898422241,-1.5242607593536377
Ubonodin_p4GE,3.655580759048462,1.137644648551941,2.333596706390381,-1.506341814994812
Ubonodin_p4GF,4.614498615264893,1.5156641006469727,3.0046305656433105,-1.4280229806900024
Ubonodin_p4GH,4.147747993469238,1.2680072784423828,2.660870313644409,-1.6227396726608276
Ubonodin_p4GI,4.438998699188232,1.4565712213516235,2.8742833137512207,-1.3396371603012085
Ubonodin_p4GK,4.017693996429443,1.3118387460708618,2.5951497554779053,-1.3651872873306274
Ubonodin_p4GL,4.306070327758789,1.4243735074996948,2.8062620162963867,-1.361425518989563
Ubonodin_p4GM,4.345895290374756,1.4459885358810425,2.84084153175354,-1.3589125871658325
Ubonodin_p4GN,4.384890079498291,1.4519611597061157,2.875941038131714,-1.4182894229888916
Ubonodin_p4GP,4.162261486053467,1.4249682426452637,2.7805566787719727,-1.2875913381576538
Ubonodin_p4GQ,4.211659908294678,1.3652604818344116,2.7383759021759033,-1.4387437105178833
Ubonodin_p4GR,4.219815731048584,1.3807786703109741,2.735041379928589,-1.358633041381836
Ubonodin_p4GS,4.588581562042236,1.56856369972229,3.05298113822937,-1.3884475231170654
Ubonodin_p4GT,4.5203537940979,1.5159975290298462,3.003183126449585,-1.47633957862854
Ubonodin_p4GV,4.609663009643555,1.5451658964157104,3.0323774814605713,-1.3968392610549927
Ubonodin_p4GW,4.36248254776001,1.380721926689148,2.8031201362609863,-1.469130516052246
Ubonodin_p4GY,4.334958076477051,1.343021273612976,2.789496660232544,-1.5934213399887085
Ubonodin_p5SA,4.7502827644348145,1.6193900108337402,3.167196273803711,-1.4378533363342285
Ubonodin_p5SC,3.6990983486175537,1.2711585760116577,2.526129722595215,-1.4157963991165161
Ubonodin_p5SD,4.379364490509033,1.422047734260559,2.890251874923706,-1.5408567190170288
Ubonodin_p5SE,4.249635219573975,1.3632816076278687,2.7888026237487793,-1.5397478342056274
Ubonodin_p5SF,5.266300678253174,1.7819510698318481,3.4604172706604004,-1.3756518363952637
Ubonodin_p5SG,5.102797985076904,1.7724087238311768,3.39872145652771,-1.3636561632156372
Ubonodin_p5SH,4.634725093841553,1.49533212184906,3.0530383586883545,-1.6022640466690063
Ubonodin_p5SI,5.058396339416504,1.7403424978256226,3.348677396774292,-1.3163028955459595
Ubonodin_p5SK,4.518540382385254,1.5556520223617554,3.033205032348633,-1.4135966300964355
Ubonodin_p5SL,4.66957426071167,1.5977267026901245,3.100923538208008,-1.3617485761642456
Ubonodin_p5SM,4.674723148345947,1.6086771488189697,3.144739866256714,-1.4337953329086304
Ubonodin_p5SN,4.795320987701416,1.698867917060852,3.256251096725464,-1.4175565242767334
Ubonodin_p5SP,4.789458751678467,1.6977821588516235,3.2243425846099854,-1.2742189168930054
Ubonodin_p5SQ,4.833944797515869,1.6424349546432495,3.2274935245513916,-1.4885867834091187
Ubonodin_p5SR,5.0183587074279785,1.7182037830352783,3.3350088596343994,-1.4119948148727417
Ubonodin_p5ST,5.074717998504639,1.8107843399047852,3.445690393447876,-1.408504605293274
Ubonodin_p5SV,4.92571496963501,1.6859936714172363,3.272034168243408,-1.3934749364852905
Ubonodin_p5SW,5.311845779418945,1.8089090585708618,3.492666006088257,-1.3253295421600342
Ubonodin_p5SY,4.970406532287598,1.6425403356552124,3.255650758743286,-1.4387835264205933
Ubonodin_p6IA,4.435500144958496,1.430850625038147,2.9458155632019043,-1.6389445066452026
Ubonodin_p6IC,3.5218284130096436,1.1275982856750488,2.393186569213867,-1.6526730060577393
Ubonodin_p6ID,4.0379133224487305,1.2314538955688477,2.6423866748809814,-1.696142315864563
Ubonodin_p6IE,4.104595184326172,1.2793116569519043,2.691084623336792,-1.643033742904663
Ubonodin_p6IF,4.996281147003174,1.6618685722351074,3.291918992996216,-1.4713770151138306
Ubonodin_p6IG,4.431040287017822,1.3889986276626587,2.888770818710327,-1.615627408027649
Ubonodin_p6IH,4.4014763832092285,1.3405694961547852,2.8494393825531006,-1.7049859762191772
Ubonodin_p6IK,4.324642181396484,1.4106738567352295,2.8768508434295654,-1.6086446046829224
Ubonodin_p6IL,4.570971965789795,1.5900367498397827,3.074106454849243,-1.3957215547561646
Ubonodin_p6IM,4.410604476928711,1.5208216905593872,3.0034327507019043,-1.5035816431045532
Ubonodin_p6IN,4.390871524810791,1.3971911668777466,2.906475305557251,-1.6617380380630493
Ubonodin_p6IP,4.201568126678467,1.4066046476364136,2.8007242679595947,-1.4641611576080322
Ubonodin_p6IQ,4.404485702514648,1.4197232723236084,2.913586378097534,-1.6138646602630615
Ubonodin_p6IR,4.5347747802734375,1.4656413793563843,2.980764865875244,-1.5841230154037476
Ubonodin_p6IS,4.413517475128174,1.4262001514434814,2.9273955821990967,-1.6131333112716675
Ubonodin_p6IT,4.426599025726318,1.4773472547531128,3.0101513862609863,-1.6580126285552979
Ubonodin_p6IV,4.731247901916504,1.6118320226669312,3.1825225353240967,-1.5283604860305786
Ubonodin_p6IW,4.560920715332031,1.4295650720596313,2.951019048690796,-1.568332314491272
Ubonodin_p6IY,4.747381687164307,1.4712978601455688,3.073793888092041,-1.629120945930481
Ubonodin_p7AC,3.5385615825653076,1.1604312658309937,2.371473789215088,-1.4854342937469482
Ubonodin_p7AD,4.552271366119385,1.4447170495986938,2.9537765979766846,-1.5211454629898071
Ubonodin_p7AE,4.415063381195068,1.4259856939315796,2.865588426589966,-1.4188123941421509
Ubonodin_p7AF,5.346251964569092,1.841539978981018,3.520786762237549,-1.2708759307861328
Ubonodin_p7AG,4.665050506591797,1.511898398399353,3.0214977264404297,-1.4360949993133545
Ubonodin_p7AH,5.017160415649414,1.670899510383606,3.2764365673065186,-1.3714491128921509
Ubonodin_p7AI,5.48713493347168,1.9260525703430176,3.6362717151641846,-1.2412601709365845
Ubonodin_p7AK,4.874791622161865,1.6266368627548218,3.188615083694458,-1.3633806705474854
Ubonodin_p7AL,5.012290954589844,1.746127724647522,3.332103967666626,-1.3165373802185059
Ubonodin_p7AM,4.970134258270264,1.7371524572372437,3.323298692703247,-1.3136194944381714
Ubonodin_p7AN,4.861917972564697,1.6037392616271973,3.1805295944213867,-1.4322160482406616
Ubonodin_p7AP,5.045454502105713,1.7457159757614136,3.3361237049102783,-1.2753510475158691
Ubonodin_p7AQ,5.026627063751221,1.6991580724716187,3.302812337875366,-1.3272042274475098
Ubonodin_p7AR,4.938692569732666,1.644856333732605,3.2194454669952393,-1.338871717453003
Ubonodin_p7AS,4.959463119506836,1.671024203300476,3.2572124004364014,-1.353360891342163
Ubonodin_p7AT,5.13743257522583,1.7501660585403442,3.416890859603882,-1.472103476524353
Ubonodin_p7AV,5.355279445648193,1.8777742385864258,3.5633866786956787,-1.3209489583969116
Ubonodin_p7AW,4.75892972946167,1.5364640951156616,3.064621686935425,-1.4130843877792358
Ubonodin_p7AY,5.196971416473389,1.709886908531189,3.366816759109497,-1.374912977218628
Ubonodin_p8EA,4.374265670776367,1.3816837072372437,2.8115131855010986,-1.5050245523452759
Ubonodin_p8EC,3.7581276893615723,1.148445963859558,2.4036307334899902,-1.5234044790267944
Ubonodin_p8ED,5.385035514831543,1.83394455909729,3.581402540206909,-1.507379412651062
Ubonodin_p8EF,4.670984745025635,1.4719020128250122,2.9763224124908447,-1.4737380743026733
Ubonodin_p8EG,4.708590984344482,1.4848607778549194,3.021535634994507,-1.5251737833023071
Ubonodin_p8EH,4.580930233001709,1.4307407140731812,2.9327619075775146,-1.5497009754180908
Ubonodin_p8EI,4.774866580963135,1.5625306367874146,3.070329427719116,-1.2890225648880005
Ubonodin_p8EK,4.494589328765869,1.4435962438583374,2.8959314823150635,-1.4305905103683472
Ubonodin_p8EL,4.375816822052002,1.4057105779647827,2.808651924133301,-1.3955315351486206
Ubonodin_p8EM,4.5185723304748535,1.472532868385315,2.9186506271362305,-1.3573862314224243
Ubonodin_p8EN,4.690288543701172,1.5327314138412476,3.0561842918395996,-1.4651528596878052
Ubonodin_p8EP,4.414719104766846,1.4101990461349487,2.8327221870422363,-1.4177690744400024
Ubonodin_p8EQ,4.591402530670166,1.4950627088546753,2.981485366821289,-1.4432674646377563
Ubonodin_p8ER,4.451426982879639,1.3999686241149902,2.8439066410064697,-1.484012246131897
Ubonodin_p8ES,4.502931118011475,1.4414606094360352,2.9037325382232666,-1.46896493434906
Ubonodin_p8ET,4.410228252410889,1.3797632455825806,2.850959539413452,-1.5938106775283813
Ubonodin_p8EV,4.5894856452941895,1.4936442375183105,2.952742338180542,-1.332656979560852
Ubonodin_p8EW,4.551302909851074,1.4218080043792725,2.888153553009033,-1.4280894994735718
Ubonodin_p8EY,4.669930934906006,1.4331740140914917,2.9657819271087646,-1.5539077520370483
Ubonodin_p9YA,5.155133247375488,2.0270349979400635,3.6456265449523926,-1.2451720237731934
Ubonodin_p9YC,3.262838125228882,1.4235213994979858,2.515349864959717,-1.2896273136138916
Ubonodin_p9YD,5.2947258949279785,1.929416298866272,3.6623334884643555,-1.5322685241699219
Ubonodin_p9YE,4.2742838859558105,1.719605803489685,3.1354448795318604,-1.3656136989593506
Ubonodin_p9YF,5.4000678062438965,1.9505198001861572,3.632777214050293,-1.2865285873413086
Ubonodin_p9YG,4.664206027984619,1.7324410676956177,3.249230146408081,-1.3554250001907349
Ubonodin_p9YH,4.698368072509766,1.6633919477462769,3.191420316696167,-1.4192029237747192
Ubonodin_p9YI,5.626166343688965,2.1145894527435303,3.841020107269287,-1.152410626411438
Ubonodin_p9YK,4.502822399139404,1.6712357997894287,3.129967451095581,-1.2739454507827759
Ubonodin_p9YL,4.778737545013428,1.8663098812103271,3.377859115600586,-1.1612437963485718
Ubonodin_p9YM,5.016106128692627,1.9399793148040771,3.521855354309082,-1.2478405237197876
Ubonodin_p9YN,4.835536479949951,1.7854946851730347,3.355605363845825,-1.4308959245681763
Ubonodin_p9YP,4.833756446838379,1.8560000658035278,3.398376703262329,-1.254799485206604
Ubonodin_p9YQ,4.977660179138184,1.858406901359558,3.447603940963745,-1.344094157218933
Ubonodin_p9YR,4.957633972167969,1.7678128480911255,3.3372786045074463,-1.285521388053894
Ubonodin_p9YS,5.114928722381592,1.9245606660842896,3.5482823848724365,-1.3203831911087036
Ubonodin_p9YT,4.984864234924316,1.8996449708938599,3.4952738285064697,-1.3621066808700562
Ubonodin_p9YV,5.373033046722412,2.0507636070251465,3.719047784805298,-1.2117118835449219
Ubonodin_p9YW,5.046415328979492,1.7612361907958984,3.3885254859924316,-1.4309459924697876
Ubonodin_p10FA,4.359355449676514,1.6820985078811646,3.131152868270874,-1.4185746908187866
Ubonodin_p10FC,2.9008586406707764,1.217607855796814,2.247201919555664,-1.4361242055892944
Ubonodin_p10FD,4.452660083770752,1.5222386121749878,3.0186245441436768,-1.5189859867095947
Ubonodin_p10FE,4.109778881072998,1.451292872428894,2.8441989421844482,-1.4764841794967651
Ubonodin_p10FG,4.426294326782227,1.466016411781311,2.929318428039551,-1.5073555707931519
Ubonodin_p10FH,4.332486152648926,1.43392014503479,2.8800246715545654,-1.5184909105300903
Ubonodin_p10FI,4.897454738616943,1.8114023208618164,3.3748457431793213,-1.2982674837112427
Ubonodin_p10FK,4.128844261169434,1.4773783683776855,2.859069585800171,-1.4119926691055298
Ubonodin_p10FL,4.437641620635986,1.63510262966156,3.0906903743743896,-1.3743101358413696
Ubonodin_p10FM,4.377994060516357,1.6915825605392456,3.145622968673706,-1.3927421569824219
Ubonodin_p10FN,4.305823802947998,1.4694801568984985,2.9258856773376465,-1.5224446058273315
Ubonodin_p10FP,4.527050018310547,1.6543501615524292,3.1138131618499756,-1.1957346200942993
Ubonodin_p10FQ,4.330018997192383,1.561482310295105,3.0040876865386963,-1.4328275918960571
Ubonodin_p10FR,4.459461688995361,1.5336449146270752,2.9957685470581055,-1.425840973854065
Ubonodin_p10FS,4.508236885070801,1.6316863298416138,3.1131935119628906,-1.3878811597824097
Ubonodin_p10FT,4.432567596435547,1.6455641984939575,3.1309497356414795,-1.475610613822937
Ubonodin_p10FV,4.682242393493652,1.7839592695236206,3.3030927181243896,-1.3490582704544067
Ubonodin_p10FW,4.756317615509033,1.578172206878662,3.1685988903045654,-1.5472060441970825
Ubonodin_p10FY,4.625900745391846,1.5058972835540771,3.0394604206085205,-1.492931842803955
Ubonodin_p11NA,5.494032859802246,1.9712620973587036,3.706348419189453,-1.3724356889724731
Ubonodin_p11NC,4.577174663543701,1.6744791269302368,3.161543607711792,-1.3167363405227661
Ubonodin_p11ND,4.750165939331055,1.5875884294509888,3.1729037761688232,-1.5617339611053467
Ubonodin_p11NE,4.56846284866333,1.5807055234909058,3.078664779663086,-1.428481936454773
Ubonodin_p11NF,6.0574564933776855,2.124236583709717,4.000277519226074,-1.3083246946334839
Ubonodin_p11NG,5.345517635345459,1.8778318166732788,3.5698227882385254,-1.3587247133255005
Ubonodin_p11NH,5.1285905838012695,1.7715998888015747,3.409179925918579,-1.3967450857162476
Ubonodin_p11NI,5.742738246917725,2.0082757472991943,3.7943665981292725,-1.2547366619110107
Ubonodin_p11NK,4.9382195472717285,1.7236987352371216,3.2787234783172607,-1.229001760482788
Ubonodin_p11NL,5.631978988647461,1.9945777654647827,3.736358642578125,-1.239842414855957
Ubonodin_p11NM,5.589459419250488,1.9776173830032349,3.7348413467407227,-1.329123854637146
Ubonodin_p11NP,5.093287944793701,1.8466888666152954,3.4356400966644287,-1.024524211883545
Ubonodin_p11NQ,5.373200416564941,1.8969178199768066,3.58223557472229,-1.3102914094924927
Ubonodin_p11NR,5.219560146331787,1.8239279985427856,3.455371618270874,-1.2313928604125977
Ubonodin_p11NS,5.444725513458252,1.9152764081954956,3.641585111618042,-1.4089692831039429
Ubonodin_p11NT,5.472915172576904,1.8956488370895386,3.6550257205963135,-1.4982681274414062
Ubonodin_p11NV,5.76230525970459,2.0370612144470215,3.8285439014434814,-1.2825756072998047
Ubonodin_p11NW,5.550803184509277,1.9090551137924194,3.66212797164917,-1.3763915300369263
Ubonodin_p11NY,5.460278034210205,1.8291324377059937,3.575136184692383,-1.4351907968521118
Ubonodin_p12RA,4.65242862701416,1.4991365671157837,3.0544626712799072,-1.574144721031189
Ubonodin_p12RC,3.700099229812622,1.2908381223678589,2.556656837463379,-1.449386477470398
Ubonodin_p12RD,4.429454803466797,1.3658939599990845,2.898689031600952,-1.6824007034301758
Ubonodin_p12RE,4.283576488494873,1.414537787437439,2.8562586307525635,-1.514194369316101
Ubonodin_p12RF,5.298183441162109,1.7753170728683472,3.4897470474243164,-1.5181137323379517
Ubonodin_p12RG,5.348707675933838,1.7779806852340698,3.5352745056152344,-1.563122272491455
Ubonodin_p12RH,4.832754611968994,1.5916895866394043,3.1820037364959717,-1.5076645612716675
Ubonodin_p12RI,5.142252445220947,1.7613874673843384,3.3875443935394287,-1.29421865940094
Ubonodin_p12RK,4.423816204071045,1.5252646207809448,2.973457098007202,-1.3926242589950562
Ubonodin_p12RL,4.916792869567871,1.7067734003067017,3.2728207111358643,-1.3441429138183594
Ubonodin_p12RM,4.755170822143555,1.6212812662124634,3.1750521659851074,-1.4363347291946411
Ubonodin_p12RN,4.472122669219971,1.382576584815979,2.916640520095825,-1.6657828092575073
Ubonodin_p12RP,4.926393032073975,1.7178523540496826,3.2730484008789062,-1.2124814987182617
Ubonodin_p12RQ,4.6158447265625,1.5856918096542358,3.113933563232422,-1.4752508401870728
Ubonodin_p12RS,4.704012393951416,1.5289009809494019,3.0964019298553467,-1.548615574836731
Ubonodin_p12RT,4.660171031951904,1.5321305990219116,3.097557783126831,-1.5767422914505005
Ubonodin_p12RV,4.82124662399292,1.6300948858261108,3.1840693950653076,-1.3789459466934204
Ubonodin_p12RW,5.1379499435424805,1.6948577165603638,3.3828670978546143,-1.5525693893432617
Ubonodin_p12RY,5.060698986053467,1.634752631187439,3.313525676727295,-1.5899226665496826
Ubonodin_p13PA,4.90525484085083,1.6653417348861694,3.2832655906677246,-1.5320717096328735
Ubonodin_p13PC,3.6193602085113525,1.243222713470459,2.5165250301361084,-1.5468794107437134
Ubonodin_p13PD,4.215604782104492,1.2785886526107788,2.7565643787384033,-1.7299247980117798
Ubonodin_p13PE,4.042881011962891,1.2207475900650024,2.6070117950439453,-1.653139591217041
Ubonodin_p13PF,5.387136936187744,1.7946258783340454,3.5388846397399902,-1.5003584623336792
Ubonodin_p13PG,4.578884124755859,1.4047259092330933,2.97871470451355,-1.7097235918045044
Ubonodin_p13PH,4.703513145446777,1.4509938955307007,3.0423386096954346,-1.6595724821090698
Ubonodin_p13PI,5.228583335876465,1.7919248342514038,3.455447196960449,-1.3459692001342773
Ubonodin_p13PK,4.4805006980896,1.4377230405807495,2.9365789890289307,-1.5570169687271118
Ubonodin_p13PL,4.709273815155029,1.636579155921936,3.154081106185913,-1.3622671365737915
Ubonodin_p13PM,4.738863468170166,1.6514636278152466,3.2263498306274414,-1.4561415910720825
Ubonodin_p13PN,4.617063522338867,1.4587193727493286,3.02970552444458,-1.6464186906814575
Ubonodin_p13PQ,4.664342403411865,1.4760278463363647,3.0422723293304443,-1.607000708580017
Ubonodin_p13PR,4.633845806121826,1.4771538972854614,3.019559144973755,-1.568051815032959
Ubonodin_p13PS,4.74794864654541,1.5380102396011353,3.12951397895813,-1.6016756296157837
Ubonodin_p13PT,4.71333122253418,1.521344780921936,3.1225006580352783,-1.646898627281189
Ubonodin_p13PV,5.180018901824951,1.7782175540924072,3.441842794418335,-1.4100103378295898
Ubonodin_p13PW,4.399014949798584,1.3270437717437744,2.8362066745758057,-1.6759415864944458
Ubonodin_p13PY,4.846764087677002,1.527154564857483,3.147528648376465,-1.6025707721710205
Ubonodin_p14MA,4.782083034515381,1.5597721338272095,3.1299166679382324,-1.5259188413619995
Ubonodin_p14MC,3.8846542835235596,1.3476961851119995,2.6634421348571777,-1.4574849605560303
Ubonodin_p14MD,4.269718170166016,1.2633763551712036,2.7232372760772705,-1.6909595727920532
Ubonodin_p14ME,4.214873790740967,1.2971400022506714,2.695343494415283,-1.5609685182571411
Ubonodin_p14MF,5.76738166809082,2.0346009731292725,3.8402535915374756,-1.3797131776809692
Ubonodin_p14MG,4.647311687469482,1.406978726387024,2.973315715789795,-1.663720965385437
Ubonodin_p14MH,4.856449604034424,1.5491408109664917,3.148306369781494,-1.5614672899246216
Ubonodin_p14MI,5.360186576843262,1.8713955879211426,3.545229196548462,-1.2130323648452759
Ubonodin_p14MK,4.681816101074219,1.5681241750717163,3.0780277252197266,-1.3798778057098389
Ubonodin_p14ML,5.105454921722412,1.8184071779251099,3.4270575046539307,-1.3159433603286743
Ubonodin_p14MN,4.737946033477783,1.5087872743606567,3.0825388431549072,-1.584212064743042
Ubonodin_p14MP,5.078572750091553,1.7934725284576416,3.3722078800201416,-1.0468271970748901
Ubonodin_p14MQ,4.861786365509033,1.5951067209243774,3.173666000366211,-1.458673357963562
Ubonodin_p14MR,4.978811740875244,1.6711925268173218,3.263615846633911,-1.3802202939987183
Ubonodin_p14MS,4.932689666748047,1.6205215454101562,3.2271525859832764,-1.4950696229934692
Ubonodin_p14MT,4.88871431350708,1.6182726621627808,3.218498706817627,-1.5194591283798218
Ubonodin_p14MV,4.990115165710449,1.705297589302063,3.293268918991089,-1.3128751516342163
Ubonodin_p14MW,5.120232582092285,1.6457136869430542,3.318859815597534,-1.5395945310592651
Ubonodin_p14MY,5.5335917472839355,1.8592132329940796,3.643371105194092,-1.4779826402664185
Ubonodin_p15HA,4.830925464630127,1.748350739479065,3.3331236839294434,-1.4588004350662231
Ubonodin_p15HC,3.3865880966186523,1.264410138130188,2.4401912689208984,-1.3960868120193481
Ubonodin_p15HD,4.800809383392334,1.7426848411560059,3.2968809604644775,-1.3769347667694092
Ubonodin_p15HE,4.046055316925049,1.4534977674484253,2.8347599506378174,-1.479396939277649
Ubonodin_p15HF,5.069344997406006,1.7273317575454712,3.3318064212799072,-1.318383812904358
Ubonodin_p15HG,5.377392292022705,1.999619483947754,3.7082602977752686,-1.3652719259262085
Ubonodin_p15HI,4.684597492218018,1.5663961172103882,3.076624631881714,-1.3686548471450806
Ubonodin_p15HK,4.499454498291016,1.6607064008712769,3.1319897174835205,-1.3498252630233765
Ubonodin_p15HL,4.621870517730713,1.6205774545669556,3.104797601699829,-1.3466880321502686
Ubonodin_p15HM,4.368453025817871,1.629477858543396,3.0776209831237793,-1.3879326581954956
Ubonodin_p15HN,4.993535995483398,1.822021245956421,3.4124462604522705,-1.2996448278427124
Ubonodin_p15HP,4.3372483253479,1.6778713464736938,3.0482661724090576,-0.8018820881843567
Ubonodin_p15HQ,4.5104241371154785,1.5409823656082153,3.05353045463562,-1.5392142534255981
Ubonodin_p15HR,5.085457801818848,1.7690136432647705,3.3864400386810303,-1.3584694862365723
Ubonodin_p15HS,5.362853527069092,1.8766248226165771,3.581080913543701,-1.3776203393936157
Ubonodin_p15HT,4.905933856964111,1.7215255498886108,3.3072307109832764,-1.3999912738800049
Ubonodin_p15HV,4.661447048187256,1.5893288850784302,3.1082770824432373,-1.424497127532959
Ubonodin_p15HW,5.1549458503723145,1.7670000791549683,3.3967578411102295,-1.316836953163147
Ubonodin_p15HY,5.026235580444336,1.6875381469726562,3.2940165996551514,-1.3676341772079468
Ubonodin_p16IA,4.448279857635498,1.385846495628357,2.9309475421905518,-1.7051559686660767
Ubonodin_p16IC,3.3731815814971924,1.2013107538223267,2.4211766719818115,-1.6036547422409058
Ubonodin_p16ID,4.103750705718994,1.2281514406204224,2.6514978408813477,-1.6866517066955566
Ubonodin_p16IE,3.474684000015259,1.0173712968826294,2.2463622093200684,-1.691597580909729
Ubonodin_p16IF,4.733607769012451,1.578633427619934,3.141493320465088,-1.5364259481430054
Ubonodin_p16IG,4.168035507202148,1.1870750188827515,2.698781728744507,-1.8316153287887573
Ubonodin_p16IH,4.648452281951904,1.4833794832229614,3.0312464237213135,-1.577710747718811
Ubonodin_p16IK,4.211726188659668,1.3082727193832397,2.740612268447876,-1.61325204372406
Ubonodin_p16IL,4.653010368347168,1.6477628946304321,3.1775126457214355,-1.47063410282135
Ubonodin_p16IM,4.600708484649658,1.5865389108657837,3.134967088699341,-1.5306254625320435
Ubonodin_p16IN,4.571126461029053,1.447098970413208,2.996835947036743,-1.6365867853164673
Ubonodin_p16IP,4.531275272369385,1.5233992338180542,3.0212666988372803,-1.4814969301223755
Ubonodin_p16IQ,4.565661430358887,1.4522830247879028,2.993314504623413,-1.6031008958816528
Ubonodin_p16IR,4.657713413238525,1.4712764024734497,3.030203342437744,-1.6190654039382935
Ubonodin_p16IS,4.62451171875,1.4834997653961182,3.054539442062378,-1.6454111337661743
Ubonodin_p16IT,4.373318195343018,1.3338351249694824,2.8776333332061768,-1.7586593627929688
Ubonodin_p16IV,4.639054775238037,1.5578240156173706,3.10733962059021,-1.5497727394104004
Ubonodin_p16IW,4.617852687835693,1.4912775754928589,3.040051221847534,-1.5834932327270508
Ubonodin_p16IY,4.875619411468506,1.6014858484268188,3.2176597118377686,-1.5488559007644653
Ubonodin_p17HA,4.925264358520508,1.751539707183838,3.3466904163360596,-1.4372204542160034
Ubonodin_p17HC,3.9982569217681885,1.4287725687026978,2.770357370376587,-1.4218534231185913
Ubonodin_p17HD,4.661477088928223,1.6082062721252441,3.133227586746216,-1.4286932945251465
Ubonodin_p17HE,4.50429630279541,1.6143107414245605,3.0754458904266357,-1.3012526035308838
Ubonodin_p17HF,5.403709888458252,1.8763982057571411,3.580587863922119,-1.3734771013259888
Ubonodin_p17HG,4.706618309020996,1.6390347480773926,3.1918275356292725,-1.5020413398742676
Ubonodin_p17HI,4.995299339294434,1.6451656818389893,3.2419049739837646,-1.3705233335494995
Ubonodin_p17HK,4.544194221496582,1.6112643480300903,3.079843282699585,-1.287695288658142
Ubonodin_p17HL,4.951164245605469,1.7466055154800415,3.3044888973236084,-1.2903798818588257
Ubonodin_p17HM,4.7810211181640625,1.708924412727356,3.2638776302337646,-1.367364764213562
Ubonodin_p17HN,4.618441104888916,1.5741026401519775,3.10050368309021,-1.4815179109573364
Ubonodin_p17HP,5.2471232414245605,2.0053369998931885,3.6338605880737305,-1.0553615093231201
Ubonodin_p17HQ,4.911056041717529,1.8112884759902954,3.37115740776062,-1.2251497507095337
Ubonodin_p17HR,4.8053741455078125,1.6365079879760742,3.1819355487823486,-1.3731809854507446
Ubonodin_p17HS,5.0187764167785645,1.758462905883789,3.363503932952881,-1.362265706062317
Ubonodin_p17HT,5.122157573699951,1.8056553602218628,3.4370028972625732,-1.3731566667556763
Ubonodin_p17HV,5.144598484039307,1.7782162427902222,3.408379554748535,-1.3215231895446777
Ubonodin_p17HW,4.9263224601745605,1.7187570333480835,3.283940076828003,-1.3228968381881714
Ubonodin_p17HY,5.117948055267334,1.747618317604065,3.381840944290161,-1.3684269189834595
Ubonodin_p18DA,5.248498439788818,1.8381284475326538,3.5240094661712646,-1.4441365003585815
Ubonodin_p18DC,3.905219793319702,1.3981211185455322,2.705705165863037,-1.3670562505722046
Ubonodin_p18DE,4.974055767059326,1.7299001216888428,3.304750680923462,-1.249171495437622
Ubonodin_p18DF,5.7377471923828125,2.004138469696045,3.792083263397217,-1.317920207977295
Ubonodin_p18DG,5.420303821563721,1.9073132276535034,3.6210241317749023,-1.3737455606460571
Ubonodin_p18DH,5.265137195587158,1.8249623775482178,3.488431930541992,-1.3042576313018799
Ubonodin_p18DI,5.535335063934326,1.9511643648147583,3.6640572547912598,-1.1347583532333374
Ubonodin_p18DK,5.03773307800293,1.7467645406723022,3.3473775386810303,-1.33537757396698
Ubonodin_p18DL,5.172365188598633,1.801438570022583,3.42081618309021,-1.236981749534607
Ubonodin_p18DM,4.992985725402832,1.7044721841812134,3.3135459423065186,-1.3874802589416504
Ubonodin_p18DN,5.005251407623291,1.736066222190857,3.3387067317962646,-1.3738795518875122
Ubonodin_p18DP,5.245890140533447,1.8997900485992432,3.530911445617676,-1.1608636379241943
Ubonodin_p18DQ,5.24049711227417,1.8294073343276978,3.48797345161438,-1.3232747316360474
Ubonodin_p18DR,5.213647365570068,1.7903614044189453,3.4435770511627197,-1.3443918228149414
Ubonodin_p18DS,5.334982395172119,1.8896211385726929,3.5706636905670166,-1.322006344795227
Ubonodin_p18DT,5.193951606750488,1.799814224243164,3.4651076793670654,-1.4149917364120483
Ubonodin_p18DV,5.587266445159912,1.9846444129943848,3.7201972007751465,-1.2232428789138794
Ubonodin_p18DW,4.958756923675537,1.6063673496246338,3.2170894145965576,-1.5026155710220337
Ubonodin_p18DY,5.346254825592041,1.8192692995071411,3.522270441055298,-1.3867806196212769
Ubonodin_p19WA,4.755218505859375,1.7278774976730347,3.245712995529175,-1.2863880395889282
Ubonodin_p19WC,3.8716158866882324,1.5348316431045532,2.8147284984588623,-1.2173762321472168
Ubonodin_p19WD,4.372495174407959,1.5156465768814087,2.9392192363739014,-1.3395339250564575
Ubonodin_p19WE,4.283797740936279,1.5018047094345093,2.894094228744507,-1.2993882894515991
Ubonodin_p19WF,5.284720420837402,1.9162859916687012,3.5639750957489014,-1.2306256294250488
Ubonodin_p19WG,4.391784191131592,1.4454877376556396,2.9009170532226562,-1.471901297569275
Ubonodin_p19WH,4.67203950881958,1.6423121690750122,3.1459720134735107,-1.3346556425094604
Ubonodin_p19WI,5.115344524383545,1.7872027158737183,3.388334035873413,-1.1763752698898315
Ubonodin_p19WK,4.389563083648682,1.5668696165084839,2.983759641647339,-1.2631720304489136
Ubonodin_p19WL,4.873971462249756,1.8268276453018188,3.3589580059051514,-1.0604820251464844
Ubonodin_p19WM,4.682853698730469,1.8229948282241821,3.3206899166107178,-1.175096869468689
Ubonodin_p19WN,4.5269856452941895,1.6177468299865723,3.0834357738494873,-1.2987582683563232
Ubonodin_p19WP,4.906790256500244,1.8433862924575806,3.385057210922241,-1.0108301639556885
Ubonodin_p19WQ,4.636058330535889,1.6575735807418823,3.141098976135254,-1.2492250204086304
Ubonodin_p19WR,4.724133014678955,1.657880425453186,3.1643970012664795,-1.2887300252914429
Ubonodin_p19WS,4.790463447570801,1.7296062707901,3.2518951892852783,-1.2201300859451294
Ubonodin_p19WT,4.802300930023193,1.7416534423828125,3.274500608444214,-1.292293667793274
Ubonodin_p19WV,4.923829555511475,1.7499231100082397,3.3018381595611572,-1.209179401397705
Ubonodin_p19WY,5.03000545501709,1.7855077981948853,3.38496994972229,-1.3215031623840332
Ubonodin_p20QA,4.937870502471924,1.8360320329666138,3.432253122329712,-1.4153151512145996
Ubonodin_p20QC,3.4235033988952637,1.267660140991211,2.481100559234619,-1.529110074043274
Ubonodin_p20QD,4.724380016326904,1.7650116682052612,3.2904326915740967,-1.3429728746414185
Ubonodin_p20QE,4.683714866638184,1.6808911561965942,3.195911169052124,-1.3238519430160522
Ubonodin_p20QF,5.375007629394531,1.787510871887207,3.539168119430542,-1.5758944749832153
Ubonodin_p20QG,5.025949478149414,1.7364447116851807,3.3618686199188232,-1.4558378458023071
Ubonodin_p20QH,5.242870330810547,1.799787163734436,3.4829840660095215,-1.4443118572235107
Ubonodin_p20QI,4.753077507019043,1.5779110193252563,3.101362466812134,-1.3790827989578247
Ubonodin_p20QK,4.662995338439941,1.689135193824768,3.180784225463867,-1.2463277578353882
Ubonodin_p20QL,4.635955810546875,1.5884658098220825,3.1143040657043457,-1.5163935422897339
Ubonodin_p20QM,4.49149227142334,1.5951101779937744,3.112161874771118,-1.5241774320602417
Ubonodin_p20QN,4.823484420776367,1.7100484371185303,3.265601873397827,-1.3757091760635376
Ubonodin_p20QP,5.025344371795654,1.87826406955719,3.456618547439575,-1.1826196908950806
Ubonodin_p20QR,5.07223653793335,1.735520362854004,3.3531949520111084,-1.36320960521698
Ubonodin_p20QS,4.99638032913208,1.7837281227111816,3.3889665603637695,-1.397079586982727
Ubonodin_p20QT,4.974339008331299,1.791551947593689,3.410027503967285,-1.464692234992981
Ubonodin_p20QV,4.749061107635498,1.6036522388458252,3.1665146350860596,-1.497362732887268
Ubonodin_p20QW,4.749675750732422,1.5537017583847046,3.130096673965454,-1.5578454732894897
Ubonodin_p20QY,5.403958320617676,1.7911431789398193,3.5434868335723877,-1.4940491914749146
Ubonodin_p21IA,4.4410600662231445,1.6585801839828491,3.1526687145233154,-1.5216695070266724
Ubonodin_p21IC,2.6147122383117676,1.260414719581604,2.1907598972320557,-1.5340269804000854
Ubonodin_p21ID,4.3198041915893555,1.671566367149353,3.137173652648926,-1.50997793674469
Ubonodin_p21IE,4.3243279457092285,1.6563929319381714,3.0870442390441895,-1.3892229795455933
Ubonodin_p21IF,5.103501796722412,1.810629963874817,3.43735933303833,-1.4046400785446167
Ubonodin_p21IG,4.727567195892334,1.7209585905075073,3.290560007095337,-1.5078039169311523
Ubonodin_p21IH,4.795468330383301,1.6972652673721313,3.271367073059082,-1.4809030294418335
Ubonodin_p21IK,4.300504684448242,1.716810703277588,3.119793653488159,-1.30012047290802
Ubonodin_p21IL,4.344688892364502,1.558064341545105,3.00266432762146,-1.4546219110488892
Ubonodin_p21IM,4.090556621551514,1.5223071575164795,2.9125618934631348,-1.4787970781326294
Ubonodin_p21IN,4.561622142791748,1.7383251190185547,3.241736650466919,-1.4308240413665771
Ubonodin_p21IP,4.645142078399658,1.834856390953064,3.3171908855438232,-1.2091985940933228
Ubonodin_p21IQ,4.620180606842041,1.7229830026626587,3.233691930770874,-1.4089869260787964
Ubonodin_p21IR,4.741631507873535,1.7155224084854126,3.258977174758911,-1.4202064275741577
Ubonodin_p21IS,4.672475337982178,1.7325390577316284,3.2838289737701416,-1.4836578369140625
Ubonodin_p21IT,4.518405437469482,1.6503010988235474,3.186267137527466,-1.5815249681472778
Ubonodin_p21IV,4.651040077209473,1.6623941659927368,3.1910881996154785,-1.454654335975647
Ubonodin_p21IW,4.560074329376221,1.5269640684127808,3.0532803535461426,-1.560474157333374
Ubonodin_p21IY,4.895069599151611,1.6325106620788574,3.2481229305267334,-1.5337401628494263
Ubonodin_p22MA,5.203262805938721,1.8278148174285889,3.486060619354248,-1.4028708934783936
Ubonodin_p22MC,3.2322728633880615,1.3842884302139282,2.5180065631866455,-1.4566136598587036
Ubonodin_p22MD,4.9152631759643555,1.7441827058792114,3.3156657218933105,-1.3533889055252075
Ubonodin_p22ME,4.8217244148254395,1.6835681200027466,3.2243235111236572,-1.3017454147338867
Ubonodin_p22MF,5.447381973266602,1.887787103652954,3.6097259521484375,-1.4063509702682495
Ubonodin_p22MG,5.423266887664795,1.864410638809204,3.599940061569214,-1.447238802909851
Ubonodin_p22MH,5.2660393714904785,1.821694254875183,3.50095534324646,-1.3997019529342651
Ubonodin_p22MI,5.049161434173584,1.6449354887008667,3.2765464782714844,-1.4648503065109253
Ubonodin_p22MK,4.932239055633545,1.7683724164962769,3.329005718231201,-1.2601503133773804
Ubonodin_p22ML,4.991641998291016,1.724741816520691,3.3101305961608887,-1.3420941829681396
Ubonodin_p22MN,5.259880542755127,1.900981068611145,3.5529472827911377,-1.296600103378296
Ubonodin_p22MP,5.184823036193848,2.0071969032287598,3.609806537628174,-0.9651031494140625
Ubonodin_p22MQ,5.07824182510376,1.8048020601272583,3.412656545639038,-1.2883869409561157
Ubonodin_p22MR,5.046541690826416,1.7314423322677612,3.341050386428833,-1.3595014810562134
Ubonodin_p22MS,5.383546352386475,1.9252947568893433,3.6184096336364746,-1.332919955253601
Ubonodin_p22MT,5.28157901763916,1.8630999326705933,3.5402417182922363,-1.395029902458191
Ubonodin_p22MV,5.052977085113525,1.6728044748306274,3.3069136142730713,-1.4501017332077026
Ubonodin_p22MW,4.964868068695068,1.6416205167770386,3.255079746246338,-1.4889506101608276
Ubonodin_p22MY,5.337497234344482,1.7897545099258423,3.509165048599243,-1.4444633722305298
Ubonodin_p23DA,4.550588130950928,1.4384852647781372,2.961878538131714,-1.5998308658599854
Ubonodin_p23DC,3.1916146278381348,1.1053268909454346,2.247903823852539,-1.5461691617965698
Ubonodin_p23DE,4.310007572174072,1.3628979921340942,2.7941343784332275,-1.5218939781188965
Ubonodin_p23DF,5.086691856384277,1.648543119430542,3.283653736114502,-1.4729301929473877
Ubonodin_p23DG,4.9611968994140625,1.6223845481872559,3.2491817474365234,-1.5070682764053345
Ubonodin_p23DH,5.222786903381348,1.7550685405731201,3.4349381923675537,-1.420778512954712
Ubonodin_p23DI,4.766140937805176,1.5514391660690308,3.0734100341796875,-1.3664344549179077
Ubonodin_p23DK,4.613073825836182,1.5337969064712524,3.02468204498291,-1.363912582397461
Ubonodin_p23DL,4.176327228546143,1.3435165882110596,2.685563564300537,-1.4054862260818481
Ubonodin_p23DM,4.090070724487305,1.258492350578308,2.6327974796295166,-1.5733336210250854
Ubonodin_p23DN,5.094758033752441,1.7465124130249023,3.379628896713257,-1.3720653057098389
Ubonodin_p23DP,5.310098648071289,1.900803565979004,3.5470478534698486,-1.1018482446670532
Ubonodin_p23DQ,4.91208028793335,1.632820725440979,3.22468638420105,-1.4289721250534058
Ubonodin_p23DR,4.900826930999756,1.6062716245651245,3.1857411861419678,-1.4328421354293823
Ubonodin_p23DS,4.910563945770264,1.6143630743026733,3.2245841026306152,-1.5138639211654663
Ubonodin_p23DT,4.838656425476074,1.5666884183883667,3.1768295764923096,-1.5867048501968384
Ubonodin_p23DV,4.781276226043701,1.5286945104599,3.0977261066436768,-1.5293519496917725
Ubonodin_p23DW,4.360858917236328,1.3378195762634277,2.765972375869751,-1.5227640867233276
Ubonodin_p23DY,5.042519569396973,1.5836936235427856,3.2294118404388428,-1.5312259197235107
Ubonodin_p24SA,4.923621654510498,1.6970205307006836,3.2920172214508057,-1.4331321716308594
Ubonodin_p24SC,3.9054315090179443,1.4506419897079468,2.761531114578247,-1.391818881034851
Ubonodin_p24SD,4.492153167724609,1.5296170711517334,3.001631259918213,-1.4246253967285156
Ubonodin_p24SE,4.490691184997559,1.516386866569519,2.9632842540740967,-1.3080791234970093
Ubonodin_p24SF,5.615495681762695,1.9685847759246826,3.7110705375671387,-1.2475509643554688
Ubonodin_p24SG,4.699300765991211,1.5239726305007935,3.073188066482544,-1.4971331357955933
Ubonodin_p24SH,4.884217739105225,1.6561963558197021,3.222979784011841,-1.3705037832260132
Ubonodin_p24SI,5.2836127281188965,1.8379641771316528,3.4957478046417236,-1.2436405420303345
Ubonodin_p24SK,4.771562576293945,1.704921841621399,3.218113660812378,-1.215110182762146
Ubonodin_p24SL,4.852249622344971,1.6737366914749146,3.2102906703948975,-1.2893033027648926
Ubonodin_p24SM,4.905585289001465,1.7136777639389038,3.276996374130249,-1.3016926050186157
Ubonodin_p24SN,4.783700466156006,1.6854196786880493,3.218034267425537,-1.3402860164642334
Ubonodin_p24SP,4.857855319976807,1.7384039163589478,3.2779510021209717,-1.2274014949798584
Ubonodin_p24SQ,4.955188274383545,1.7199676036834717,3.2878968715667725,-1.2907100915908813
Ubonodin_p24SR,5.0069580078125,1.702138066291809,3.2946999073028564,-1.3178786039352417
Ubonodin_p24ST,4.832035541534424,1.7054609060287476,3.2855920791625977,-1.4620743989944458
Ubonodin_p24SV,5.338599681854248,1.8825448751449585,3.5502448081970215,-1.265015721321106
Ubonodin_p24SW,4.955354690551758,1.6754045486450195,3.2521567344665527,-1.3296916484832764
Ubonodin_p24SY,5.149668216705322,1.7385677099227905,3.378228187561035,-1.3583372831344604
Ubonodin_p25GA,4.921240329742432,1.7237379550933838,3.298485517501831,-1.3246363401412964
Ubonodin_p25GC,3.2863941192626953,1.224205732345581,2.3632419109344482,-1.3666623830795288
Ubonodin_p25GD,4.562094211578369,1.6020375490188599,3.0881385803222656,-1.384339690208435
Ubonodin_p25GE,4.404834270477295,1.5303449630737305,2.9452707767486572,-1.2474939823150635
Ubonodin_p25GF,5.455453395843506,1.8433185815811157,3.5603933334350586,-1.3316175937652588
Ubonodin_p25GH,5.0596842765808105,1.7136688232421875,3.33073091506958,-1.3420017957687378
Ubonodin_p25GI,4.971668720245361,1.6663329601287842,3.247626304626465,-1.2657121419906616
Ubonodin_p25GK,4.856964588165283,1.7518281936645508,3.2812750339508057,-1.1725202798843384
Ubonodin_p25GL,4.420415878295898,1.505071997642517,2.9192020893096924,-1.2890523672103882
Ubonodin_p25GM,4.60522985458374,1.6307382583618164,3.117565155029297,-1.260907769203186
Ubonodin_p25GN,4.9236159324646,1.7499521970748901,3.3181653022766113,-1.2976460456848145
Ubonodin_p25GP,5.0955095291137695,1.9271361827850342,3.5135412216186523,-0.994510293006897
Ubonodin_p25GQ,4.9076008796691895,1.7053817510604858,3.2601242065429688,-1.2588635683059692
Ubonodin_p25GR,4.973272323608398,1.6976141929626465,3.2781832218170166,-1.285244345664978
Ubonodin_p25GS,5.020002365112305,1.7730439901351929,3.3679511547088623,-1.2836076021194458
Ubonodin_p25GT,5.031467914581299,1.8597570657730103,3.4603006839752197,-1.2882202863693237
Ubonodin_p25GV,4.942243576049805,1.686769962310791,3.2634942531585693,-1.3008161783218384
Ubonodin_p25GW,4.592474937438965,1.4828799962997437,2.9688618183135986,-1.4204808473587036
Ubonodin_p25GY,5.015111446380615,1.636683702468872,3.2490627765655518,-1.4197953939437866
Ubonodin_p26YA,4.8520612716674805,1.881649374961853,3.4198994636535645,-1.200149416923523
Ubonodin_p26YC,2.9411585330963135,1.363068699836731,2.3336756229400635,-1.2685010433197021
Ubonodin_p26YD,4.416965007781982,1.6390128135681152,3.0717222690582275,-1.2248362302780151
Ubonodin_p26YE,4.297252178192139,1.5983010530471802,2.9937100410461426,-1.1527122259140015
Ubonodin_p26YF,5.119815349578857,1.78126060962677,3.403167247772217,-1.3587602376937866
Ubonodin_p26YG,4.827483654022217,1.832288146018982,3.3669745922088623,-1.122572660446167
Ubonodin_p26YH,4.790268421173096,1.7009379863739014,3.2345199584960938,-1.2984288930892944
Ubonodin_p26YI,4.9703216552734375,1.8602750301361084,3.4288017749786377,-1.1933964490890503
Ubonodin_p26YK,4.2275872230529785,1.7272220849990845,3.08154034614563,-1.0441828966140747
Ubonodin_p26YL,4.394806385040283,1.6706081628799438,3.0971548557281494,-1.2309542894363403
Ubonodin_p26YM,4.435847759246826,1.7742323875427246,3.204409122467041,-1.1729074716567993
Ubonodin_p26YN,4.607784748077393,1.7496405839920044,3.2236409187316895,-1.162199854850769
Ubonodin_p26YP,5.020019054412842,2.0005035400390625,3.562772512435913,-0.9145276546478271
Ubonodin_p26YQ,4.568448066711426,1.7040207386016846,3.1734800338745117,-1.1701236963272095
Ubonodin_p26YR,4.781145095825195,1.7677701711654663,3.2836663722991943,-1.1201313734054565
Ubonodin_p26YS,4.725412845611572,1.8192874193191528,3.3262417316436768,-1.1509841680526733
Ubonodin_p26YT,4.4825334548950195,1.7754759788513184,3.2272531986236572,-1.258447527885437
Ubonodin_p26YV,4.890376091003418,1.8927209377288818,3.440495252609253,-1.197219729423523
Ubonodin_p26YW,4.839280605316162,1.678948998451233,3.2261760234832764,-1.361559271812439
Ubonodin_p27YA,4.551970958709717,1.745656132698059,3.216171979904175,-1.254088282585144
Ubonodin_p27YC,2.8712518215179443,1.3648656606674194,2.3111796379089355,-1.3211793899536133
Ubonodin_p27YD,4.284603118896484,1.76034677028656,3.1544816493988037,-1.255639910697937
Ubonodin_p27YE,4.020610809326172,1.6389580965042114,2.9662892818450928,-1.221610188484192
Ubonodin_p27YF,4.801962852478027,1.6531219482421875,3.194572687149048,-1.420467734336853
Ubonodin_p27YG,4.723661422729492,1.7503223419189453,3.284404754638672,-1.3678234815597534
Ubonodin_p27YH,4.758274555206299,1.6679242849349976,3.195624828338623,-1.3506299257278442
Ubonodin_p27YI,4.623509407043457,1.6156638860702515,3.095060348510742,-1.2648248672485352
Ubonodin_p27YK,4.4477858543396,1.7431139945983887,3.1751837730407715,-1.1253688335418701
Ubonodin_p27YL,4.369813442230225,1.5505670309066772,2.972116470336914,-1.3250359296798706
Ubonodin_p27YM,4.646419048309326,1.7227782011032104,3.225238561630249,-1.265232801437378
Ubonodin_p27YN,4.353677749633789,1.6519865989685059,3.074763536453247,-1.2797985076904297
Ubonodin_p27YP,4.6658935546875,1.8402550220489502,3.323683023452759,-1.0072530508041382
Ubonodin_p27YQ,4.572933197021484,1.7288295030593872,3.2038471698760986,-1.2215991020202637
Ubonodin_p27YR,4.934276580810547,1.8256779909133911,3.384232521057129,-1.1816853284835815
Ubonodin_p27YS,4.430976390838623,1.7294286489486694,3.1695449352264404,-1.2327426671981812
Ubonodin_p27YT,4.12019681930542,1.6289738416671753,3.0049564838409424,-1.3492571115493774
Ubonodin_p27YV,4.744717597961426,1.7157660722732544,3.2333152294158936,-1.2695788145065308
Ubonodin_p27YW,4.784887790679932,1.586877465248108,3.1488351821899414,-1.4872874021530151
Ubonodin_p28GA,4.450545787811279,1.4390157461166382,2.916599750518799,-1.5148966312408447
Ubonodin_p28GC,3.422192096710205,1.3384023904800415,2.5217578411102295,-1.4288066625595093
Ubonodin_p28GD,5.177937984466553,1.8341675996780396,3.4663381576538086,-1.2751106023788452
Ubonodin_p28GE,4.4932661056518555,1.4737247228622437,2.9443624019622803,-1.4246922731399536
Ubonodin_p28GF,4.88856840133667,1.5648828744888306,3.159459352493286,-1.5349751710891724
Ubonodin_p28GH,4.708688735961914,1.5041120052337646,3.04223370552063,-1.5021092891693115
Ubonodin_p28GI,4.702970504760742,1.5516606569290161,3.0553135871887207,-1.3364835977554321
Ubonodin_p28GK,4.430005073547363,1.4494664669036865,2.8916521072387695,-1.399506688117981
Ubonodin_p28GL,4.478058815002441,1.442597508430481,2.8852546215057373,-1.3787420988082886
Ubonodin_p28GM,4.834081172943115,1.6187576055526733,3.156872034072876,-1.27025306224823
Ubonodin_p28GN,4.93363094329834,1.6871589422225952,3.2747063636779785,-1.3846362829208374
Ubonodin_p28GP,5.148453712463379,1.7814639806747437,3.41009259223938,-1.2682217359542847
Ubonodin_p28GQ,4.564629077911377,1.4793881177902222,2.961994171142578,-1.417425274848938
Ubonodin_p28GR,4.596673488616943,1.474329948425293,2.958526849746704,-1.408610224723816
Ubonodin_p28GS,4.541040897369385,1.5009735822677612,3.0109341144561768,-1.5088953971862793
Ubonodin_p28GT,4.525822162628174,1.4759079217910767,2.9505698680877686,-1.4485324621200562
Ubonodin_p28GV,4.743016719818115,1.5551964044570923,3.0823748111724854,-1.3717666864395142
Ubonodin_p28GW,4.949474811553955,1.6136778593063354,3.2133758068084717,-1.4591008424758911
Ubonodin_p28GY,4.9468464851379395,1.5891963243484497,3.2076218128204346,-1.5356966257095337
Capistruin_p1GA,-5.108619213104248,-1.8961533308029175,-3.0753257274627686,-2.4796388149261475
Capistruin_p1GC,3.336353063583374,1.9480797052383423,2.889346122741699,-1.8521772623062134
Capistruin_p1GD,4.2138824462890625,2.7488155364990234,3.529588460922241,-0.3117034137248993
Capistruin_p1GE,5.2892351150512695,2.790290117263794,4.04545783996582,0.39313992857933044
Capistruin_p1GF,6.961907386779785,3.4410176277160645,5.170060157775879,0.6904948353767395
Capistruin_p1GH,6.965312480926514,2.8655827045440674,4.90117073059082,-0.8148916959762573
Capistruin_p1GI,6.957043170928955,3.255060911178589,5.019618511199951,0.9194039106369019
Capistruin_p1GK,7.01587438583374,3.0677490234375,4.991988182067871,0.5181046724319458
Capistruin_p1GL,7.057365894317627,3.1441972255706787,5.046396255493164,0.4247244596481323
Capistruin_p1GM,3.8829829692840576,2.6122591495513916,3.2634708881378174,0.4213842451572418
Capistruin_p1GN,6.919009208679199,3.1858110427856445,5.0379486083984375,0.5448388457298279
Capistruin_p1GP,6.039116382598877,3.1569035053253174,4.636289596557617,-0.2899717390537262
Capistruin_p1GQ,7.188357830047607,2.790370225906372,4.8686747550964355,-0.04613379389047623
Capistruin_p1GR,6.270030498504639,3.3579823970794678,4.750277996063232,0.986432671546936
Capistruin_p1GS,6.475503444671631,3.315056324005127,4.84982442855835,0.695594072341919
Capistruin_p1GT,4.893070697784424,2.8126327991485596,3.8416337966918945,0.7515283823013306
Capistruin_p1GV,3.09285569190979,2.4009363651275635,2.7699389457702637,0.86994469165802
Capistruin_p1GW,5.7470011711120605,2.6633822917938232,4.305944919586182,-0.8979740142822266
Capistruin_p1GY,7.348621845245361,3.1368863582611084,5.2016520500183105,0.15537595748901367
Capistruin_p2TA,8.33474063873291,4.137190818786621,6.187581539154053,0.700158417224884
Capistruin_p2TC,4.36758279800415,2.8378710746765137,3.6246604919433594,0.5010743141174316
Capistruin_p2TD,6.69622802734375,3.5084574222564697,5.079922199249268,0.6350173950195312
Capistruin_p2TE,6.227697372436523,3.373124361038208,4.766650676727295,0.6992521286010742
Capistruin_p2TF,8.938008308410645,4.072061538696289,6.488279819488525,0.2348197102546692
Capistruin_p2TG,9.401018142700195,4.196315288543701,6.7405829429626465,0.6933003067970276
Capistruin_p2TH,7.928095817565918,3.803041934967041,5.8672919273376465,0.32269448041915894
Capistruin_p2TI,8.34329891204834,3.9957683086395264,6.161710262298584,0.38590875267982483
Capistruin_p2TK,6.679934024810791,3.5261847972869873,5.086398601531982,0.49343645572662354
Capistruin_p2TL,6.974974155426025,3.71298885345459,5.314398288726807,0.320170134305954
Capistruin_p2TM,7.266395568847656,3.8260624408721924,5.518988132476807,0.5074006915092468
Capistruin_p2TN,7.293623924255371,3.7392845153808594,5.497137546539307,0.31100916862487793
Capistruin_p2TP,8.601852416992188,3.9884254932403564,6.297505855560303,0.5894125699996948
Capistruin_p2TQ,7.259408950805664,3.768747091293335,5.487020492553711,0.3663080036640167
Capistruin_p2TR,8.088042259216309,3.830522060394287,5.971287727355957,0.10965434461832047
Capistruin_p2TS,8.018342971801758,3.923478603363037,5.965519428253174,0.4807369112968445
Capistruin_p2TV,8.448955535888672,4.031393527984619,6.233401298522949,0.5050576329231262
Capistruin_p2TW,7.840420722961426,3.723175287246704,5.785583019256592,0.42579057812690735
Capistruin_p2TY,8.878649711608887,3.933450698852539,6.383697986602783,0.32416394352912903
Capistruin_p3PA,6.4822516441345215,3.6404316425323486,5.058430194854736,0.26149266958236694
Capistruin_p3PC,5.2486371994018555,3.192383289337158,4.22658634185791,0.19763901829719543
Capistruin_p3PD,4.53523063659668,3.0357072353363037,3.789292097091675,0.3818720877170563
Capistruin_p3PE,4.0834784507751465,2.868025302886963,3.474329948425293,0.48694702982902527
Capistruin_p3PF,8.593328475952148,4.057251453399658,6.314903736114502,0.11862826347351074
Capistruin_p3PG,7.147286891937256,3.750380039215088,5.4290876388549805,0.07475361227989197
Capistruin_p3PH,6.9280829429626465,3.6722652912139893,5.2858805656433105,0.12346348166465759
Capistruin_p3PI,7.191120624542236,3.793303966522217,5.468572616577148,0.1818135678768158
Capistruin_p3PK,5.129341125488281,3.186725616455078,4.184426784515381,0.150507390499115
Capistruin_p3PL,6.0655975341796875,3.5233535766601562,4.802542686462402,0.3521946966648102
Capistruin_p3PM,6.155429363250732,3.525548219680786,4.837371349334717,0.17319785058498383
Capistruin_p3PN,5.843231678009033,3.420241594314575,4.647430896759033,0.11669322848320007
Capistruin_p3PQ,6.236612796783447,3.5388855934143066,4.890511989593506,0.21753430366516113
Capistruin_p3PR,7.423966884613037,3.8290324211120605,5.601011753082275,0.10404696315526962
Capistruin_p3PS,6.991654872894287,3.7304024696350098,5.344748020172119,0.0764247477054596
Capistruin_p3PT,6.040034770965576,3.4968924522399902,4.7837042808532715,0.06249048188328743
Capistruin_p3PV,6.977949619293213,3.731520891189575,5.339597225189209,0.16687753796577454
Capistruin_p3PW,7.607769966125488,3.8242344856262207,5.696418285369873,0.29411908984184265
Capistruin_p3PY,7.810600757598877,3.762953519821167,5.807314872741699,-0.07345781475305557
Capistruin_p4GA,5.9685893058776855,3.4733364582061768,4.722018718719482,0.31930238008499146
Capistruin_p4GC,3.698854446411133,2.6453330516815186,3.194470167160034,0.5430792570114136
Capistruin_p4GD,5.219628810882568,3.2269327640533447,4.244178295135498,0.45042964816093445
Capistruin_p4GE,4.826161861419678,3.08385968208313,3.97532320022583,0.502911388874054
Capistruin_p4GF,7.985631942749023,3.882827043533325,5.920229434967041,0.47464627027511597
Capistruin_p4GH,7.405284881591797,3.74369215965271,5.551473617553711,0.35683688521385193
Capistruin_p4GI,6.6980156898498535,3.5684916973114014,5.092836856842041,0.49037766456604004
Capistruin_p4GK,5.877099514007568,3.3800857067108154,4.615573406219482,0.4507773816585541
Capistruin_p4GL,6.367315769195557,3.497619152069092,4.895552158355713,0.5902611017227173
Capistruin_p4GM,5.852181911468506,3.3645966053009033,4.587793827056885,0.48701339960098267
Capistruin_p4GN,6.13878870010376,3.494474172592163,4.807495594024658,0.37281402945518494
Capistruin_p4GP,7.051106929779053,3.6872358322143555,5.344943046569824,0.2899458110332489
Capistruin_p4GQ,6.487512588500977,3.5834033489227295,5.008882522583008,0.4268999695777893
Capistruin_p4GR,7.280384063720703,3.7870981693267822,5.497840404510498,0.3298419415950775
Capistruin_p4GS,6.668365001678467,3.6471035480499268,5.130601406097412,0.38255468010902405
Capistruin_p4GT,5.8771185874938965,3.4292867183685303,4.650973320007324,0.3543126583099365
Capistruin_p4GV,6.104681491851807,3.4308295249938965,4.746761322021484,0.4122832715511322
Capistruin_p4GW,7.514615535736084,3.7608792781829834,5.61216926574707,0.43566712737083435
Capistruin_p4GY,7.578249454498291,3.612753391265869,5.615185737609863,0.2114628553390503
Capistruin_p5FA,5.185254096984863,3.252751588821411,4.236101150512695,0.23169195652008057
Capistruin_p5FC,3.6187760829925537,2.6707093715667725,3.161266565322876,0.4846201539039612
Capistruin_p5FD,3.6278789043426514,2.697979688644409,3.171701192855835,0.3012552857398987
Capistruin_p5FE,3.392071008682251,2.598644971847534,3.0046708583831787,0.4515480101108551
Capistruin_p5FG,5.712108135223389,3.3751800060272217,4.5423760414123535,0.19029518961906433
Capistruin_p5FH,5.937354564666748,3.4069128036499023,4.670280456542969,0.08295351266860962
Capistruin_p5FI,5.677648544311523,3.385852575302124,4.541783332824707,0.40744999051094055
Capistruin_p5FK,4.114439964294434,2.8759191036224365,3.5077803134918213,0.2890121042728424
Capistruin_p5FL,5.520496845245361,3.3118062019348145,4.422548770904541,0.46778392791748047
Capistruin_p5FM,4.476977825164795,3.008881092071533,3.75187087059021,0.33111822605133057
Capistruin_p5FN,4.487941265106201,3.023087501525879,3.7678427696228027,0.23992842435836792
Capistruin_p5FP,6.263059139251709,3.5248897075653076,4.862369060516357,0.45548760890960693
Capistruin_p5FQ,5.007522106170654,3.17783522605896,4.110395908355713,0.2990058362483978
Capistruin_p5FR,6.210891246795654,3.503138780593872,4.850778579711914,0.09938260912895203
Capistruin_p5FS,5.49738883972168,3.3385674953460693,4.438621997833252,0.2197946012020111
Capistruin_p5FT,4.944447994232178,3.173967123031616,4.074889659881592,0.11787286400794983
Capistruin_p5FV,5.163806438446045,3.2476425170898438,4.217831134796143,0.2625865638256073
Capistruin_p5FW,6.455202579498291,3.4843084812164307,4.963902950286865,0.2486315369606018
Capistruin_p5FY,6.820437431335449,3.644221067428589,5.218054294586182,0.14976158738136292
Capistruin_p6QA,7.658843517303467,4.006119728088379,5.784249782562256,0.5144896507263184
Capistruin_p6QC,4.826783657073975,3.068669319152832,3.9653160572052,0.3410966098308563
Capistruin_p6QD,6.795508861541748,3.6359164714813232,5.207315444946289,0.09939415752887726
Capistruin_p6QE,6.7148661613464355,3.6330490112304688,5.151431560516357,0.3516526222229004
Capistruin_p6QF,7.960972309112549,4.015915393829346,5.952085494995117,0.37694594264030457
Capistruin_p6QG,7.633264064788818,3.826916456222534,5.715337753295898,0.09985554218292236
Capistruin_p6QH,7.483548164367676,3.795165777206421,5.62391996383667,0.1357399821281433
Capistruin_p6QI,7.990954399108887,3.952986717224121,5.95475435256958,0.3762238621711731
Capistruin_p6QK,6.4021430015563965,3.537642240524292,4.964318752288818,0.2541933059692383
Capistruin_p6QL,7.607316017150879,3.9199602603912354,5.71873140335083,0.4590158760547638
Capistruin_p6QM,7.254509449005127,3.8393330574035645,5.520052909851074,0.36895304918289185
Capistruin_p6QN,6.693156719207764,3.6499462127685547,5.164392948150635,0.162893146276474
Capistruin_p6QP,7.600459575653076,3.946917772293091,5.723275184631348,0.6608182191848755
Capistruin_p6QR,7.911257743835449,3.9101946353912354,5.894227504730225,0.08005064725875854
Capistruin_p6QS,8.270307540893555,4.078146934509277,6.1454901695251465,0.4131638705730438
Capistruin_p6QT,7.895233631134033,3.9932749271392822,5.914468765258789,0.28966331481933594
Capistruin_p6QV,7.994434356689453,3.9989120960235596,5.9681901931762695,0.37755465507507324
Capistruin_p6QW,7.856363296508789,3.893422842025757,5.855688571929932,0.2589760422706604
Capistruin_p6QY,8.041855812072754,3.8873560428619385,5.973544597625732,0.21303454041481018
Capistruin_p7TA,7.813464164733887,3.936169147491455,5.844939708709717,0.35770246386528015
Capistruin_p7TC,6.183464527130127,3.416065216064453,4.774026393890381,0.5072211027145386
Capistruin_p7TD,6.597234725952148,3.487948417663574,5.03714656829834,0.26296600699424744
Capistruin_p7TE,7.056039333343506,3.6302719116210938,5.322643756866455,0.435272753238678
Capistruin_p7TF,8.426162719726562,3.9879586696624756,6.208720684051514,0.46489599347114563
Capistruin_p7TG,8.028410911560059,3.7498767375946045,5.920639514923096,0.1038074940443039
Capistruin_p7TH,8.18942642211914,3.8417060375213623,6.033931255340576,0.2873821556568146
Capistruin_p7TI,7.822180271148682,3.8671107292175293,5.833484172821045,0.6287505626678467
Capistruin_p7TK,7.350616931915283,3.7641475200653076,5.529327869415283,0.4659847319126129
Capistruin_p7TL,6.911062240600586,3.6792421340942383,5.254814624786377,0.6104692816734314
Capistruin_p7TM,7.320780277252197,3.7709429264068604,5.51674747467041,0.4595612585544586
Capistruin_p7TN,7.442346572875977,3.758965015411377,5.584757328033447,0.32582759857177734
Capistruin_p7TP,8.417614936828613,4.007023334503174,6.20880651473999,0.645590603351593
Capistruin_p7TQ,8.284603118896484,3.998420000076294,6.132519245147705,0.3838074505329132
Capistruin_p7TR,8.913969039916992,4.04465389251709,6.454028606414795,0.2812338173389435
Capistruin_p7TS,7.852179050445557,3.891634464263916,5.8578877449035645,0.3410761058330536
Capistruin_p7TV,7.806276321411133,3.92588210105896,5.830687046051025,0.6215219497680664
Capistruin_p7TW,7.836134433746338,3.713341474533081,5.795110702514648,0.21095213294029236
Capistruin_p7TY,8.303864479064941,3.8284225463867188,6.078918933868408,0.3498625159263611
Capistruin_p8PA,6.505130767822266,3.6667048931121826,5.089966297149658,0.2837291359901428
Capistruin_p8PC,4.641761302947998,2.9884798526763916,3.8382394313812256,0.4245620667934418
Capistruin_p8PD,6.478264331817627,3.5511982440948486,5.024453639984131,-0.05863223224878311
Capistruin_p8PE,5.5118937492370605,3.311675548553467,4.431138038635254,0.2734273076057434
Capistruin_p8PF,7.9962286949157715,3.811189889907837,5.908509731292725,0.4719862937927246
Capistruin_p8PG,5.680647373199463,3.288923978805542,4.483500957489014,0.07312065362930298
Capistruin_p8PH,6.510328769683838,3.5313892364501953,5.010758876800537,0.09738726913928986
Capistruin_p8PI,7.035048007965088,3.644993543624878,5.31014347076416,0.5333436131477356
Capistruin_p8PK,5.8829779624938965,3.371001958847046,4.625420093536377,0.2622387707233429
Capistruin_p8PL,6.294671535491943,3.4743828773498535,4.8486104011535645,0.6615903973579407
Capistruin_p8PM,5.3249993324279785,3.20737624168396,4.257033824920654,0.522104799747467
Capistruin_p8PN,5.978281497955322,3.384359836578369,4.6865153312683105,-0.006336890161037445
Capistruin_p8PQ,6.519540309906006,3.602750778198242,5.045358180999756,0.2728727459907532
Capistruin_p8PR,7.1620259284973145,3.7003180980682373,5.419616222381592,-0.04357481747865677
Capistruin_p8PS,6.517760276794434,3.573941707611084,5.04026460647583,0.11510532349348068
Capistruin_p8PT,6.328530311584473,3.5381033420562744,4.930108547210693,0.14734897017478943
Capistruin_p8PV,7.256109714508057,3.7889647483825684,5.483983039855957,0.47100830078125
Capistruin_p8PW,7.059126853942871,3.574789047241211,5.322723865509033,0.18860405683517456
Capistruin_p8PY,7.335494041442871,3.652747869491577,5.497627258300781,0.27666160464286804
Capistruin_p9DA,3.5345211029052734,2.5922482013702393,3.0756242275238037,0.3082352578639984
Capistruin_p9DC,1.9631012678146362,1.9798831939697266,2.0092148780822754,0.741578221321106
Capistruin_p9DE,7.8473100662231445,3.9972527027130127,5.875341892242432,0.6253213882446289
Capistruin_p9DF,5.162060260772705,3.015165090560913,4.101109027862549,0.18635320663452148
Capistruin_p9DG,4.365769863128662,2.77915358543396,3.5828781127929688,-0.07520610839128494
Capistruin_p9DH,6.752617359161377,3.537781000137329,5.15353536605835,0.213242769241333
Capistruin_p9DI,5.201229095458984,3.077021360397339,4.131014823913574,0.5868112444877625
Capistruin_p9DK,3.5093562602996826,2.5020077228546143,3.0351479053497314,0.49347594380378723
Capistruin_p9DL,4.857407093048096,2.93416428565979,3.8969178199768066,0.40141451358795166
Capistruin_p9DM,3.761653423309326,2.6298270225524902,3.2052459716796875,0.5058131814002991
Capistruin_p9DN,4.848975658416748,3.009009599685669,3.923968553543091,0.1815859079360962
Capistruin_p9DP,5.551149368286133,3.2541661262512207,4.379175186157227,0.5549721717834473
Capistruin_p9DQ,5.475931644439697,3.2640650272369385,4.343048095703125,0.43392327427864075
Capistruin_p9DR,4.886353969573975,2.97562575340271,3.931903600692749,0.24429982900619507
Capistruin_p9DS,4.457747936248779,2.8470041751861572,3.6534199714660645,0.2205120325088501
Capistruin_p9DT,4.205369472503662,2.7948787212371826,3.505716562271118,0.37715718150138855
Capistruin_p9DV,4.5742082595825195,2.9259390830993652,3.7496235370635986,0.56319659948349
Capistruin_p9DW,4.590285778045654,2.823378324508667,3.7168140411376953,0.14290817081928253
Capistruin_p9DY,5.953528881072998,3.274446725845337,4.633147239685059,0.12065756320953369
Capistruin_p10AC,6.789160251617432,3.540046453475952,5.159428119659424,0.3786924481391907
Capistruin_p10AD,8.344425201416016,3.9611475467681885,6.139446258544922,0.11647005379199982
Capistruin_p10AE,7.375289440155029,3.770872116088867,5.550913333892822,0.2731393277645111
Capistruin_p10AF,9.910408973693848,4.290543079376221,7.04296875,0.3563595116138458
Capistruin_p10AG,7.697603225708008,3.5669755935668945,5.665132999420166,-0.006216570734977722
Capistruin_p10AH,8.629256248474121,3.823758125305176,6.219602108001709,0.16780079901218414
Capistruin_p10AI,8.618172645568848,4.03633975982666,6.313151836395264,0.6071346998214722
Capistruin_p10AK,6.972592830657959,3.5761704444885254,5.272414207458496,0.26471519470214844
Capistruin_p10AL,7.930150508880615,3.8461427688598633,5.865231037139893,0.5145593285560608
Capistruin_p10AM,7.6861653327941895,3.831908702850342,5.7418694496154785,0.4705318510532379
Capistruin_p10AN,8.284587860107422,3.858299493789673,6.07176399230957,0.20986557006835938
Capistruin_p10AP,7.209619998931885,3.495410919189453,5.380913734436035,0.16761411726474762
Capistruin_p10AQ,8.2157564163208,3.8412764072418213,6.048281192779541,0.2604469954967499
Capistruin_p10AR,8.67339038848877,3.883373975753784,6.257132053375244,0.08760897815227509
Capistruin_p10AS,8.40816593170166,3.8886282444000244,6.15416955947876,0.09382323920726776
Capistruin_p10AT,7.892708778381348,3.87658953666687,5.885658264160156,0.3529544174671173
Capistruin_p10AV,7.9124650955200195,3.9380156993865967,5.895158290863037,0.5582435727119446
Capistruin_p10AW,9.339421272277832,4.082320690155029,6.661630153656006,0.17589059472084045
Capistruin_p10AY,9.580116271972656,4.054967403411865,6.741408824920654,0.28468817472457886
Capistruin_p11RA,5.213794708251953,3.2744834423065186,4.248568058013916,0.4794951379299164
Capistruin_p11RC,5.43560266494751,3.3270962238311768,4.395534992218018,0.5390535593032837
Capistruin_p11RD,5.874985694885254,3.4526255130767822,4.681007385253906,0.2528883218765259
Capistruin_p11RE,3.849829912185669,2.713568925857544,3.3025224208831787,0.49089059233665466
Capistruin_p11RF,8.901357650756836,4.3832783699035645,6.588949203491211,0.4833802878856659
Capistruin_p11RG,5.766846179962158,3.401466131210327,4.599663257598877,0.2630313038825989
Capistruin_p11RH,6.99289083480835,3.71187686920166,5.324650287628174,0.2781403958797455
Capistruin_p11RI,7.823145389556885,4.0630927085876465,5.882374286651611,0.6599383354187012
Capistruin_p11RK,4.220699787139893,2.878516674041748,3.5533339977264404,0.48057395219802856
Capistruin_p11RL,7.875739574432373,4.077376365661621,5.913710117340088,0.6827982664108276
Capistruin_p11RM,5.886905193328857,3.521291732788086,4.693774700164795,0.6436669826507568
Capistruin_p11RN,6.263152599334717,3.5508861541748047,4.9042510986328125,0.35816746950149536
Capistruin_p11RP,6.199184417724609,3.518529176712036,4.8107218742370605,0.7543484568595886
Capistruin_p11RQ,6.0143656730651855,3.476198196411133,4.731970310211182,0.44317713379859924
Capistruin_p11RS,6.186756610870361,3.5251410007476807,4.856631755828857,0.3103528618812561
Capistruin_p11RT,5.808736324310303,3.4410417079925537,4.628076076507568,0.34975752234458923
Capistruin_p11RV,6.3063836097717285,3.626818895339966,4.954293251037598,0.6449368596076965
Capistruin_p11RW,8.057927131652832,4.037602424621582,6.010977268218994,0.22409197688102722
Capistruin_p11RY,8.110126495361328,4.045752048492432,6.044430255889893,0.21348139643669128
Capistruin_p12VA,5.813061714172363,3.4609625339508057,4.650259971618652,0.2603880763053894
Capistruin_p12VC,3.0277903079986572,2.4412543773651123,2.762014150619507,0.24236738681793213
Capistruin_p12VD,5.971402645111084,3.416241407394409,4.70893669128418,0.1153734028339386
Capistruin_p12VE,4.61740255355835,3.0102641582489014,3.827221155166626,0.47218069434165955
Capistruin_p12VF,9.195034980773926,4.116758823394775,6.6242170333862305,0.04764015972614288
Capistruin_p12VG,6.566877365112305,3.5629079341888428,5.06386137008667,0.08459074050188065
Capistruin_p12VH,7.707804203033447,3.710559606552124,5.7338480949401855,-0.10891591757535934
Capistruin_p12VI,8.444392204284668,4.022371292114258,6.220144748687744,0.3003932535648346
Capistruin_p12VK,5.206241130828857,3.1419179439544678,4.181161403656006,0.2299363911151886
Capistruin_p12VL,7.352954387664795,3.730875253677368,5.526126384735107,0.21367764472961426
Capistruin_p12VM,6.574350833892822,3.6302082538604736,5.091412544250488,0.2201274335384369
Capistruin_p12VN,6.205735683441162,3.485395669937134,4.843586444854736,0.1452404260635376
Capistruin_p12VP,5.138765811920166,3.1371448040008545,4.141137599945068,0.3338424861431122
Capistruin_p12VQ,6.8228440284729,3.6848278045654297,5.223169803619385,0.3437618017196655
Capistruin_p12VR,7.1850972175598145,3.6586177349090576,5.427718639373779,-0.06784669309854507
Capistruin_p12VS,6.586435794830322,3.6252598762512207,5.10767126083374,0.10776308923959732
Capistruin_p12VT,6.796786308288574,3.706153631210327,5.24616003036499,0.15750744938850403
Capistruin_p12VW,8.02780532836914,3.8363029956817627,5.939863681793213,-0.09454614669084549
Capistruin_p12VY,8.760075569152832,3.9226174354553223,6.337805271148682,-0.23895585536956787
Capistruin_p13IA,5.519569396972656,3.3446195125579834,4.460153102874756,0.015811048448085785
Capistruin_p13IC,2.4472339153289795,2.247191905975342,2.3695428371429443,-0.16097676753997803
Capistruin_p13ID,4.565926551818848,3.006784677505493,3.8121068477630615,-0.16018441319465637
Capistruin_p13IE,4.690753936767578,3.011806011199951,3.879897356033325,0.16027599573135376
Capistruin_p13IF,7.677589416503906,3.8506064414978027,5.751445293426514,-0.06283701211214066
Capistruin_p13IG,5.806849479675293,3.3632700443267822,4.6121673583984375,-0.1657046377658844
Capistruin_p13IH,6.4019951820373535,3.4550652503967285,4.9349894523620605,-0.32414063811302185
Capistruin_p13IK,4.202837944030762,2.851609945297241,3.5679869651794434,-0.10459259897470474
Capistruin_p13IL,6.18883752822876,3.427480459213257,4.7995781898498535,0.205956369638443
Capistruin_p13IM,5.810994625091553,3.396709442138672,4.616694927215576,0.02452145144343376
Capistruin_p13IN,5.303915023803711,3.234558343887329,4.3074727058410645,-0.1765383780002594
Capistruin_p13IP,5.356003761291504,3.2397868633270264,4.3011155128479,0.5156148076057434
Capistruin_p13IQ,6.030222415924072,3.4373719692230225,4.759246826171875,-0.026552267372608185
Capistruin_p13IR,5.766537666320801,3.2935400009155273,4.566470623016357,-0.3230408728122711
Capistruin_p13IS,6.325411319732666,3.542517900466919,4.9472503662109375,-0.06458073109388351
Capistruin_p13IT,6.311682224273682,3.569283962249756,4.95600700378418,-0.03602994233369827
Capistruin_p13IV,6.862258434295654,3.720775842666626,5.276200771331787,0.2547183930873871
Capistruin_p13IW,6.259114742279053,3.4987571239471436,4.890574932098389,-0.15785062313079834
Capistruin_p13IY,7.342109680175781,3.6916794776916504,5.521997928619385,-0.2409065067768097
Capistruin_p14SA,7.213472366333008,3.823815107345581,5.48287296295166,0.32338187098503113
Capistruin_p14SC,4.90097188949585,3.151785373687744,4.04371976852417,0.2701331675052643
Capistruin_p14SD,5.768971920013428,3.313145875930786,4.538217067718506,0.1997084617614746
Capistruin_p14SE,4.528077125549316,2.894662618637085,3.728245496749878,0.3915736675262451
Capistruin_p14SF,10.175581932067871,4.695797920227051,7.364993572235107,0.4181331694126129
Capistruin_p14SG,7.650158405303955,3.9020276069641113,5.745357513427734,0.20280784368515015
Capistruin_p14SH,8.369219779968262,4.046676158905029,6.190614700317383,0.2596134543418884
Capistruin_p14SI,8.618661880493164,4.228413105010986,6.376206398010254,0.5007270574569702
Capistruin_p14SK,5.966447353363037,3.368241548538208,4.643749237060547,0.5189903974533081
Capistruin_p14SL,7.659127235412598,4.012314319610596,5.774397373199463,0.6535414457321167
Capistruin_p14SM,6.908330917358398,3.8251399993896484,5.338579177856445,0.5590032935142517
Capistruin_p14SN,6.8711628913879395,3.688861131668091,5.249555587768555,0.4296554625034332
Capistruin_p14SP,7.195836544036865,3.809385299682617,5.4440155029296875,0.7292253971099854
Capistruin_p14SQ,7.4327473640441895,3.8507769107818604,5.602066516876221,0.5302119851112366
Capistruin_p14SR,7.946208477020264,3.895167112350464,5.9064459800720215,0.32380467653274536
Capistruin_p14ST,7.252598762512207,3.8529443740844727,5.518393039703369,0.3790294826030731
Capistruin_p14SV,8.038146018981934,4.066847801208496,6.00400972366333,0.45768189430236816
Capistruin_p14SW,8.80693531036377,4.29880428314209,6.523477077484131,0.34035688638687134
Capistruin_p14SY,9.60019588470459,4.386068344116211,6.939321041107178,0.3003702461719513
Capistruin_p15RA,4.74193811416626,3.0716707706451416,3.9160757064819336,0.5687921047210693
Capistruin_p15RC,2.2193076610565186,2.1666345596313477,2.207923173904419,0.6277217268943787
Capistruin_p15RD,3.175518274307251,2.477485418319702,2.8473613262176514,0.23640719056129456
Capistruin_p15RE,3.4896302223205566,2.536101818084717,3.0426747798919678,0.342190682888031
Capistruin_p15RF,8.213984489440918,4.075738906860352,6.112234592437744,0.40088844299316406
Capistruin_p15RG,6.029765605926514,3.4544692039489746,4.7555108070373535,0.2357361912727356
Capistruin_p15RH,6.595422267913818,3.519557237625122,5.053772449493408,0.0450299046933651
Capistruin_p15RI,6.733483791351318,3.660167932510376,5.154882907867432,0.5499644875526428
Capistruin_p15RK,3.252457857131958,2.51943039894104,2.891911506652832,0.5143375992774963
Capistruin_p15RL,6.603665351867676,3.613670587539673,5.072740077972412,0.5400959849357605
Capistruin_p15RM,5.696133136749268,3.394657850265503,4.543013095855713,0.37722277641296387
Capistruin_p15RN,4.004853248596191,2.790905475616455,3.403714895248413,0.4506932497024536
Capistruin_p15RP,4.88509464263916,3.0984866619110107,4.001880645751953,0.8372006416320801
Capistruin_p15RQ,5.311336040496826,3.22186017036438,4.2748494148254395,0.41111376881599426
Capistruin_p15RS,4.906954765319824,3.119899272918701,4.022678852081299,0.5007796883583069
Capistruin_p15RT,4.806918144226074,3.0862739086151123,3.9570748805999756,0.471194326877594
Capistruin_p15RV,6.158274173736572,3.4922235012054443,4.794496536254883,0.5729333162307739
Capistruin_p15RW,7.993499755859375,3.9601330757141113,5.9684929847717285,0.1256667971611023
Capistruin_p15RY,7.642270565032959,3.8095920085906982,5.72914981842041,0.08796241879463196
Capistruin_p16FA,2.846552848815918,2.3842227458953857,2.6270911693573,0.4786331355571747
Capistruin_p16FC,0.639248251914978,1.4927915334701538,1.1161302328109741,0.44091007113456726
Capistruin_p16FD,1.3271862268447876,1.7586179971694946,1.5772966146469116,0.2912842631340027
Capistruin_p16FE,0.33049431443214417,1.3288559913635254,0.8903872966766357,0.5863614082336426
Capistruin_p16FG,3.611124277114868,2.637786388397217,3.147228240966797,0.17233097553253174
Capistruin_p16FH,4.883670330047607,3.0046980381011963,3.9393863677978516,0.09274192899465561
Capistruin_p16FI,5.513639450073242,3.2687718868255615,4.353396892547607,0.703830361366272
Capistruin_p16FK,-0.1262906789779663,1.1280792951583862,0.5640113353729248,0.6154393553733826
Capistruin_p16FL,4.830846309661865,3.0364482402801514,3.9448773860931396,0.5078514218330383
Capistruin_p16FM,3.76025652885437,2.701860189437866,3.2301623821258545,0.5169289112091064
Capistruin_p16FN,1.4549957513809204,1.8123865127563477,1.667625904083252,0.5070276856422424
Capistruin_p16FP,2.502488613128662,2.1647870540618896,2.3583478927612305,0.6302634477615356
Capistruin_p16FQ,2.571928024291992,2.2291600704193115,2.424593448638916,0.579156756401062
Capistruin_p16FR,3.293349027633667,2.471705675125122,2.9143455028533936,0.4630594551563263
Capistruin_p16FS,2.970407247543335,2.3892810344696045,2.698317289352417,0.4408942759037018
Capistruin_p16FT,2.8397018909454346,2.352529287338257,2.6094954013824463,0.5060229301452637
Capistruin_p16FV,4.592868328094482,2.9691972732543945,3.7855007648468018,0.6743377447128296
Capistruin_p16FW,5.522261142730713,3.2640020847320557,4.400769233703613,0.02271708846092224
Capistruin_p16FY,5.974826335906982,3.362861394882202,4.655948162078857,0.17571419477462769
Capistruin_p17GA,4.392146587371826,2.9333600997924805,3.6645913124084473,0.9207853078842163
Capistruin_p17GC,2.7513835430145264,2.355441093444824,2.5683000087738037,0.7246999144554138
Capistruin_p17GD,4.379418849945068,2.918792486190796,3.659280300140381,0.622085452079773
Capistruin_p17GE,3.440619945526123,2.52972674369812,3.007868528366089,0.8100345730781555
Capistruin_p17GF,9.75716495513916,4.472653865814209,7.042834281921387,0.5901264548301697
Capistruin_p17GH,7.4338555335998535,3.8285303115844727,5.600443363189697,0.43483784794807434
Capistruin_p17GI,6.494494915008545,3.5770535469055176,4.989380836486816,0.7788883447647095
Capistruin_p17GK,2.149665117263794,2.0359764099121094,2.1237082481384277,0.857451856136322
Capistruin_p17GL,6.189693927764893,3.4801883697509766,4.795870304107666,0.7910639643669128
Capistruin_p17GM,5.212734699249268,3.220019817352295,4.207794666290283,0.7582678198814392
Capistruin_p17GN,4.501502513885498,2.9825265407562256,3.743891954421997,0.8215458393096924
Capistruin_p17GP,5.837653636932373,3.353166103363037,4.5330891609191895,0.9462530612945557
Capistruin_p17GQ,5.661874771118164,3.3476598262786865,4.476095676422119,0.8420426845550537
Capistruin_p17GR,6.5865159034729,3.6109871864318848,5.056797504425049,0.7331033945083618
Capistruin_p17GS,5.891234397888184,3.461421012878418,4.665201663970947,0.7754758596420288
Capistruin_p17GT,5.105042934417725,3.202974319458008,4.1596503257751465,0.666099488735199
Capistruin_p17GV,5.381018161773682,3.2255117893218994,4.284008979797363,0.8213258385658264
Capistruin_p17GW,8.457341194152832,4.192592144012451,6.278645038604736,0.6395077705383301
Capistruin_p17GY,8.909760475158691,4.241419315338135,6.537117958068848,0.5331832766532898
Capistruin_p18FA,4.003206253051758,2.7480762004852295,3.383803367614746,0.8049555420875549
Capistruin_p18FC,2.8141283988952637,2.333813190460205,2.59553599357605,0.7928022146224976
Capistruin_p18FD,3.4282565116882324,2.5217573642730713,3.000340700149536,0.6834696531295776
Capistruin_p18FE,1.4364166259765625,1.740526556968689,1.6300623416900635,0.8214179277420044
Capistruin_p18FG,5.997530460357666,3.389328718185425,4.662083625793457,0.4786616861820221
Capistruin_p18FH,5.584083080291748,3.2403223514556885,4.378261089324951,0.4200543463230133
Capistruin_p18FI,5.230790615081787,3.174572706222534,4.173002243041992,0.8431174755096436
Capistruin_p18FK,2.154174566268921,2.006514072418213,2.118732213973999,0.8284319639205933
Capistruin_p18FL,4.591672420501709,2.9594998359680176,3.787919282913208,0.7758467793464661
Capistruin_p18FM,4.277569770812988,2.8970470428466797,3.5886001586914062,0.8485658168792725
Capistruin_p18FN,3.9291927814483643,2.6687474250793457,3.309199571609497,0.7261902093887329
Capistruin_p18FP,3.6880266666412354,2.611973285675049,3.1613845825195312,0.884018063545227
Capistruin_p18FQ,3.798966646194458,2.64585280418396,3.2354347705841064,0.7635147571563721
Capistruin_p18FR,4.885259628295898,3.0200259685516357,3.932621479034424,0.6814567446708679
Capistruin_p18FS,4.374378681182861,2.8591043949127197,3.620295763015747,0.6886259317398071
Capistruin_p18FT,3.7558648586273193,2.6594982147216797,3.2271206378936768,0.7504430413246155
Capistruin_p18FV,4.632610321044922,2.990989923477173,3.8109054565429688,0.9007911682128906
Capistruin_p18FW,6.9337263107299805,3.7237770557403564,5.309402942657471,0.36198893189430237
Capistruin_p18FY,6.863906383514404,3.6735124588012695,5.241479396820068,0.45429423451423645
Capistruin_p19NA,6.010226726531982,3.5179598331451416,4.765707969665527,0.30048230290412903
Capistruin_p19NC,4.063100337982178,2.8822872638702393,3.4757463932037354,0.3343326151371002
Capistruin_p19ND,5.231139659881592,3.254796266555786,4.246307849884033,0.5138903260231018
Capistruin_p19NE,5.160788536071777,3.217958450317383,4.196971416473389,0.5665818452835083
Capistruin_p19NF,8.34057903289795,4.140242099761963,6.234313488006592,0.22613590955734253
Capistruin_p19NG,6.689629077911377,3.6677699089050293,5.171594142913818,0.040848370641469955
Capistruin_p19NH,7.609125137329102,3.86495041847229,5.722814083099365,0.11579103767871857
Capistruin_p19NI,7.92210054397583,4.083316802978516,5.961680889129639,0.5912867188453674
Capistruin_p19NK,6.163710594177246,3.5168535709381104,4.817221164703369,0.6363198757171631
Capistruin_p19NL,7.651156425476074,3.9866580963134766,5.77930212020874,0.5715633630752563
Capistruin_p19NM,8.248011589050293,4.180975914001465,6.1724371910095215,0.5055286884307861
Capistruin_p19NP,6.796555995941162,3.7064197063446045,5.2296271324157715,0.4160323143005371
Capistruin_p19NQ,7.119181156158447,3.8079283237457275,5.433082103729248,0.48818930983543396
Capistruin_p19NR,7.052469253540039,3.808203935623169,5.406737804412842,0.38060879707336426
Capistruin_p19NS,6.375086307525635,3.5823283195495605,4.978911876678467,0.1505468785762787
Capistruin_p19NT,6.186351776123047,3.549175500869751,4.872131824493408,0.20261746644973755
Capistruin_p19NV,7.458038806915283,3.9508914947509766,5.664679050445557,0.6084359884262085
Capistruin_p19NW,8.640620231628418,4.16663122177124,6.397641658782959,0.24197503924369812
Capistruin_p19NY,8.936745643615723,4.184422492980957,6.545897006988525,0.17137029767036438
Anantin_p1GA,-4.020605087280273,-1.9034099578857422,-2.4955732822418213,-2.6329245567321777
Anantin_p1GC,3.7797372341156006,1.0928961038589478,2.908844232559204,-2.172813653945923
Anantin_p1GD,6.292838096618652,2.483964204788208,4.417622089385986,-1.2754663228988647
Anantin_p1GE,6.703262805938721,2.759941339492798,4.728415489196777,-0.609567403793335
Anantin_p1GF,6.968263149261475,2.845681667327881,4.893692970275879,-0.5128278732299805
Anantin_p1GH,6.641775131225586,2.3772189617156982,4.416018009185791,-1.2663369178771973
Anantin_p1GI,7.99406099319458,3.24306321144104,5.510073184967041,0.7166945338249207
Anantin_p1GK,7.022252082824707,2.667851686477661,4.740910053253174,-0.2717680037021637
Anantin_p1GL,6.482977390289307,2.753206491470337,4.679981708526611,-0.9060829877853394
Anantin_p1GM,6.700277805328369,2.9824564456939697,4.867469787597656,-0.33901724219322205
Anantin_p1GN,6.935948848724365,2.6453516483306885,4.70522928237915,-0.3953268229961395
Anantin_p1GP,6.476476192474365,2.6688036918640137,4.619325160980225,-0.9996689558029175
Anantin_p1GQ,6.650704860687256,2.4272260665893555,4.429010391235352,-0.7941607236862183
Anantin_p1GR,7.414886951446533,3.2011752128601074,5.260658264160156,0.3203311562538147
Anantin_p1GS,6.513809680938721,2.7710957527160645,4.656740665435791,-0.4545998275279999
Anantin_p1GT,6.719707012176514,3.0729663372039795,4.916203022003174,0.09366930276155472
Anantin_p1GV,5.404215335845947,3.1067328453063965,4.24853515625,0.5637227296829224
Anantin_p1GW,6.488999843597412,2.3474533557891846,4.347707271575928,-1.3616007566452026
Anantin_p1GY,7.276568412780762,2.691434621810913,4.867300033569336,-0.8811846375465393
Anantin_p2FA,6.591248989105225,3.386956214904785,4.995973110198975,0.4359910786151886
Anantin_p2FC,3.1583149433135986,2.2293169498443604,2.76161789894104,0.0035187751054763794
Anantin_p2FD,6.2330145835876465,2.8675196170806885,4.576981544494629,-0.21766933798789978
Anantin_p2FE,6.347303867340088,3.026646375656128,4.696199417114258,0.14319093525409698
Anantin_p2FG,7.025827884674072,3.1610710620880127,5.082183361053467,0.1142217218875885
Anantin_p2FH,6.907475471496582,3.0643105506896973,5.011494159698486,-0.5435532331466675
Anantin_p2FI,6.919640064239502,3.22111439704895,5.110394477844238,-0.1174316331744194
Anantin_p2FK,5.809559345245361,2.9807538986206055,4.426847457885742,0.06715461611747742
Anantin_p2FL,5.147541046142578,2.860802412033081,4.055747032165527,-0.39983463287353516
Anantin_p2FM,5.846837520599365,3.131539821624756,4.52979040145874,-0.0962408259510994
Anantin_p2FN,6.252412796020508,3.039740800857544,4.715784549713135,-0.3142807185649872
Anantin_p2FP,6.232075214385986,3.117180585861206,4.723682880401611,0.08221283555030823
Anantin_p2FQ,6.256248950958252,3.148465871810913,4.758052349090576,-0.1201213076710701
Anantin_p2FR,6.61533784866333,3.1370646953582764,4.929079532623291,-0.24992108345031738
Anantin_p2FS,6.399726867675781,3.18550443649292,4.8393731117248535,0.002657465636730194
Anantin_p2FT,6.064025402069092,3.2414743900299072,4.6767802238464355,-0.11726377159357071
Anantin_p2FV,6.837698936462402,3.3414766788482666,5.125232219696045,0.199866384267807
Anantin_p2FW,6.963335990905762,3.149066209793091,5.091694355010986,-0.4991013705730438
Anantin_p2FY,7.65261697769165,3.2040200233459473,5.425934791564941,-0.48317405581474304
Anantin_p3IA,6.792768955230713,3.2465269565582275,5.07916784286499,-0.46793439984321594
Anantin_p3IC,4.4394659996032715,2.3965938091278076,3.543569803237915,-0.7297343015670776
Anantin_p3ID,6.338964939117432,2.8028242588043213,4.600459575653076,-0.6299002170562744
Anantin_p3IE,6.471182346343994,3.0283896923065186,4.793365955352783,-0.3534417748451233
Anantin_p3IF,7.146509170532227,2.775470733642578,4.920065879821777,-1.085862636566162
Anantin_p3IG,5.982214450836182,2.386373281478882,4.2188897132873535,-0.9974530935287476
Anantin_p3IH,7.376573085784912,3.0896008014678955,5.242873668670654,-0.6448031663894653
Anantin_p3IK,6.605392932891846,2.9654057025909424,4.825430393218994,-0.519784688949585
Anantin_p3IL,7.051677703857422,3.0420336723327637,5.106564521789551,-0.7930614948272705
Anantin_p3IM,6.590031147003174,3.09464693069458,4.943195343017578,-0.6738746762275696
Anantin_p3IN,6.452846050262451,2.8667120933532715,4.714746952056885,-0.8215012550354004
Anantin_p3IP,7.118851184844971,3.082733631134033,5.110260009765625,-0.5269975066184998
Anantin_p3IQ,7.038124084472656,3.2442004680633545,5.188385009765625,-0.41638943552970886
Anantin_p3IR,7.498302936553955,3.158198356628418,5.3335089683532715,-0.5949841737747192
Anantin_p3IS,6.961174488067627,3.0326149463653564,5.0411176681518555,-0.8017299175262451
Anantin_p3IT,7.08020544052124,3.2699456214904785,5.236611366271973,-0.6488725543022156
Anantin_p3IV,7.411807537078857,3.362624406814575,5.4265828132629395,-0.37313327193260193
Anantin_p3IW,6.736338138580322,2.481001377105713,4.544185161590576,-1.2418447732925415
Anantin_p3IY,7.5379509925842285,2.8797338008880615,5.115004539489746,-0.9027143120765686
Anantin_p4GA,7.867724895477295,3.702514410018921,5.79146146774292,0.19455814361572266
Anantin_p4GC,5.224750518798828,2.8504765033721924,4.0845417976379395,-0.017665579915046692
Anantin_p4GD,6.692859649658203,2.8365912437438965,4.785839557647705,-0.5828686952590942
Anantin_p4GE,7.221231937408447,3.0949971675872803,5.166563510894775,-0.39346757531166077
Anantin_p4GF,8.979573249816895,3.6713171005249023,6.236998081207275,-0.0019407197833061218
Anantin_p4GH,8.032949447631836,3.3933780193328857,5.69981050491333,-0.23963609337806702
Anantin_p4GI,8.82581615447998,3.7796630859375,6.257765293121338,0.287018358707428
Anantin_p4GK,7.415669918060303,3.247074604034424,5.34208345413208,-0.11994389444589615
Anantin_p4GL,7.941409111022949,3.5702641010284424,5.749444007873535,0.21183934807777405
Anantin_p4GM,7.655325412750244,3.6006391048431396,5.635471820831299,0.20201504230499268
Anantin_p4GN,7.442850112915039,3.1995222568511963,5.33900785446167,-0.3978787064552307
Anantin_p4GP,7.947524547576904,3.539299726486206,5.720068454742432,0.3393084704875946
Anantin_p4GQ,7.633477687835693,3.414865732192993,5.539034366607666,-0.09762389212846756
Anantin_p4GR,8.007976531982422,3.3925483226776123,5.676772117614746,-0.1387438178062439
Anantin_p4GS,8.123454093933105,3.5816190242767334,5.844211101531982,-0.006706029176712036
Anantin_p4GT,8.020744323730469,3.6944849491119385,5.8595380783081055,0.07048730552196503
Anantin_p4GV,8.657769203186035,3.8477823734283447,6.216505527496338,0.3509425222873688
Anantin_p4GW,8.427721977233887,3.384294271469116,5.8206467628479,-0.311382919549942
Anantin_p4GY,8.707175254821777,3.4869744777679443,5.993638515472412,-0.24974489212036133
Anantin_p5WA,6.9869537353515625,3.5761306285858154,5.279839038848877,0.10864454507827759
Anantin_p5WC,4.830944061279297,2.767794609069824,3.869610071182251,-0.36944442987442017
Anantin_p5WD,6.923340320587158,3.3349595069885254,5.169963836669922,-0.09377998858690262
Anantin_p5WE,6.5660576820373535,3.361948013305664,4.972151279449463,0.21076107025146484
Anantin_p5WF,8.268424987792969,3.5504417419433594,5.922823905944824,-0.29478034377098083
Anantin_p5WG,7.0320725440979,3.317037343978882,5.210667133331299,-0.18681931495666504
Anantin_p5WH,7.148953437805176,3.299071788787842,5.2812347412109375,-0.45838019251823425
Anantin_p5WI,7.487776279449463,3.5680501461029053,5.55424165725708,0.09804544597864151
Anantin_p5WK,6.022456645965576,3.1930811405181885,4.636795520782471,0.00732354074716568
Anantin_p5WL,6.494422435760498,3.40920352935791,4.956451892852783,0.05712360516190529
Anantin_p5WM,6.290766716003418,3.343275308609009,4.835967540740967,-0.02898528426885605
Anantin_p5WN,6.584124565124512,3.3436291217803955,5.003073692321777,-0.2462591826915741
Anantin_p5WP,6.6859259605407715,3.4381906986236572,5.06191349029541,0.1277191936969757
Anantin_p5WQ,6.848226070404053,3.463050127029419,5.1685261726379395,0.002373054623603821
Anantin_p5WR,7.258387565612793,3.426898717880249,5.386666774749756,-0.23210790753364563
Anantin_p5WS,7.058460235595703,3.4642210006713867,5.302541732788086,-0.16021126508712769
Anantin_p5WT,6.637296676635742,3.4326694011688232,5.057864189147949,-0.16493839025497437
Anantin_p5WV,7.272970676422119,3.607931613922119,5.448818683624268,0.20486295223236084
Anantin_p5WY,8.457009315490723,3.5099642276763916,5.943282604217529,-0.3921366035938263
Anantin_p6GA,6.9138593673706055,3.054744005203247,5.052186965942383,-0.7576037645339966
Anantin_p6GC,5.010025501251221,2.4860525131225586,3.8956573009490967,-0.9003239274024963
Anantin_p6GD,7.180122375488281,2.9266774654388428,5.035914897918701,-0.6474635601043701
Anantin_p6GE,7.533576011657715,3.069087266921997,5.263599872589111,-0.46426013112068176
Anantin_p6GF,7.020278453826904,2.718080759048462,4.836900234222412,-1.04161536693573
Anantin_p6GH,8.180477142333984,3.3478879928588867,5.722898006439209,-0.5853002071380615
Anantin_p6GI,6.039651870727539,2.2983384132385254,4.184195518493652,-1.2327033281326294
Anantin_p6GK,7.80031681060791,3.2013561725616455,5.47313928604126,-0.517648458480835
Anantin_p6GL,4.451457977294922,1.9004178047180176,3.3816781044006348,-1.4092274904251099
Anantin_p6GM,6.323288440704346,2.7080166339874268,4.6021342277526855,-0.9579888582229614
Anantin_p6GN,7.697088718414307,3.179366111755371,5.425961971282959,-0.5907226204872131
Anantin_p6GP,7.644540309906006,3.298658609390259,5.467623233795166,-0.28586098551750183
Anantin_p6GQ,8.312740325927734,3.3821027278900146,5.793844699859619,-0.5725899934768677
Anantin_p6GR,8.265311241149902,3.28680682182312,5.68936824798584,-0.6335794925689697
Anantin_p6GS,8.343535423278809,3.4013891220092773,5.819645404815674,-0.5734987854957581
Anantin_p6GT,8.238570213317871,3.4116508960723877,5.802049160003662,-0.6389216780662537
Anantin_p6GV,6.400987148284912,2.63993239402771,4.5767903327941895,-0.9202520847320557
Anantin_p6GW,7.615658283233643,2.8905065059661865,5.15268611907959,-0.8997725248336792
Anantin_p6GY,8.399422645568848,3.1954188346862793,5.65590238571167,-0.7611057162284851
Anantin_p7KA,8.378596305847168,3.4891302585601807,5.913774013519287,-0.6850372552871704
Anantin_p7KC,6.040073871612549,2.6706717014312744,4.435783863067627,-0.9078335762023926
Anantin_p7KD,7.5932416915893555,2.9713027477264404,5.212480545043945,-0.8918087482452393
Anantin_p7KE,8.280553817749023,3.466226577758789,5.850307464599609,-0.3902348279953003
Anantin_p7KF,8.618553161621094,3.268503427505493,5.793962001800537,-0.7762289047241211
Anantin_p7KG,7.537283420562744,2.8822062015533447,5.119293212890625,-0.9126148223876953
Anantin_p7KH,7.848229885101318,3.0153942108154297,5.331929683685303,-0.9312679767608643
Anantin_p7KI,8.604389190673828,3.370999574661255,5.861372470855713,-0.5664883852005005
Anantin_p7KL,7.86416482925415,3.1575064659118652,5.464945316314697,-0.8016232848167419
Anantin_p7KM,8.043606758117676,3.299924612045288,5.63770866394043,-0.6982326507568359
Anantin_p7KN,7.694441318511963,3.225966215133667,5.472296237945557,-0.7806078791618347
Anantin_p7KP,8.353354454040527,3.46327805519104,5.864202976226807,-0.37685659527778625
Anantin_p7KQ,8.579176902770996,3.549058198928833,6.015690326690674,-0.5072351098060608
Anantin_p7KR,8.192877769470215,3.3552935123443604,5.72769021987915,-0.645086407661438
Anantin_p7KS,8.427809715270996,3.411569118499756,5.860672473907471,-0.7374439239501953
Anantin_p7KT,8.513800621032715,3.6142780780792236,6.055817604064941,-0.47698673605918884
Anantin_p7KV,8.651557922363281,3.4863274097442627,5.977956295013428,-0.4982568919658661
Anantin_p7KW,8.074912071228027,3.090151309967041,5.466696262359619,-0.7980374097824097
Anantin_p7KY,8.04317855834961,2.9855759143829346,5.384521484375,-0.9177306890487671
Anantin_p8DA,6.367706775665283,2.760697841644287,4.600170135498047,-0.48216649889945984
Anantin_p8DC,4.514648914337158,2.37091326713562,3.5411441326141357,-0.5135278701782227
Anantin_p8DE,7.069009780883789,3.267458915710449,5.195266246795654,0.03315284103155136
Anantin_p8DF,7.777095794677734,2.9363973140716553,5.229394435882568,-0.4673320949077606
Anantin_p8DG,6.623464584350586,2.564753293991089,4.546169757843018,-0.6854705810546875
Anantin_p8DH,7.15214204788208,2.902907609939575,5.000494003295898,-0.46695348620414734
Anantin_p8DI,7.697948932647705,3.0624709129333496,5.2930216789245605,-0.08667094260454178
Anantin_p8DK,5.9899373054504395,2.482297897338867,4.243276119232178,-0.3883686363697052
Anantin_p8DL,6.485225200653076,2.7166106700897217,4.59708833694458,-0.3446749448776245
Anantin_p8DM,6.694097995758057,2.855499744415283,4.774122714996338,-0.3112376630306244
Anantin_p8DN,6.425573348999023,2.7396352291107178,4.614180088043213,-0.5179648399353027
Anantin_p8DP,6.425317764282227,2.8439724445343018,4.6451334953308105,-0.02789132297039032
Anantin_p8DQ,6.601846694946289,2.833979845046997,4.732390403747559,-0.3446566164493561
Anantin_p8DR,6.589819431304932,2.649867296218872,4.6047749519348145,-0.5338072180747986
Anantin_p8DS,6.536148548126221,2.675016403198242,4.613911151885986,-0.5846573114395142
Anantin_p8DT,6.580312728881836,2.8185150623321533,4.7204270362854,-0.46381494402885437
Anantin_p8DV,7.352774143218994,3.0439398288726807,5.1655354499816895,-0.09833229333162308
Anantin_p8DW,6.996501445770264,2.7032644748687744,4.780065059661865,-0.5284619927406311
Anantin_p8DY,7.624100685119629,2.9329681396484375,5.1692657470703125,-0.3525492250919342
Anantin_p9IA,6.780882358551025,3.216698169708252,5.083105564117432,-0.5793005228042603
Anantin_p9IC,3.6166560649871826,2.184530019760132,3.0325944423675537,-0.8457971811294556
Anantin_p9ID,7.166577339172363,3.1189587116241455,5.142845153808594,-0.5951471328735352
Anantin_p9IE,6.592294216156006,3.0284264087677,4.829681873321533,-0.35622522234916687
Anantin_p9IF,7.974493026733398,3.188558340072632,5.516146183013916,-0.6946306228637695
Anantin_p9IG,6.246385097503662,2.59232497215271,4.460607528686523,-0.7149431705474854
Anantin_p9IH,6.575695514678955,2.727308511734009,4.677450656890869,-0.7709872722625732
Anantin_p9IK,5.759891033172607,2.6072444915771484,4.252105236053467,-0.6396479606628418
Anantin_p9IL,6.3430304527282715,2.9706814289093018,4.745081901550293,-0.673975944519043
Anantin_p9IM,6.299306392669678,3.0651848316192627,4.7867817878723145,-0.588240385055542
Anantin_p9IN,7.060337066650391,3.0757462978363037,5.105558395385742,-0.7057831883430481
Anantin_p9IP,6.147678852081299,2.7754809856414795,4.496303081512451,-0.42578592896461487
Anantin_p9IQ,6.635307312011719,3.02138090133667,4.878523349761963,-0.5231306552886963
Anantin_p9IR,6.7811479568481445,2.84883975982666,4.844649314880371,-0.7667052745819092
Anantin_p9IS,7.062061786651611,3.0805647373199463,5.102210998535156,-0.6537564992904663
Anantin_p9IT,7.2302985191345215,3.3511626720428467,5.3498430252075195,-0.37101417779922485
Anantin_p9IV,7.376744747161865,3.3302905559539795,5.398314952850342,-0.3947499096393585
Anantin_p9IW,7.439356803894043,2.9456870555877686,5.148684978485107,-0.8520543575286865
Anantin_p9IY,7.651017189025879,3.0322864055633545,5.28572416305542,-0.7425053119659424
Anantin_p10FA,5.506248474121094,3.092193365097046,4.327060222625732,-0.28785941004753113
Anantin_p10FC,3.1307637691497803,2.188974142074585,2.748446226119995,-0.554610013961792
Anantin_p10FD,4.920674800872803,2.6658520698547363,3.887791872024536,-0.5712957382202148
Anantin_p10FE,4.420602798461914,2.585926055908203,3.557421922683716,-0.1648753583431244
Anantin_p10FG,6.361635684967041,3.0473272800445557,4.776478290557861,-0.3880949914455414
Anantin_p10FH,5.849177837371826,2.823080062866211,4.438260555267334,-0.5799005627632141
Anantin_p10FI,6.92659854888916,3.2766640186309814,5.156850337982178,-0.2652680575847626
Anantin_p10FK,3.5031120777130127,2.3144848346710205,2.9611568450927734,-0.07576019316911697
Anantin_p10FL,5.631836414337158,2.95318865776062,4.360287666320801,-0.3925437033176422
Anantin_p10FM,5.6534552574157715,3.0428531169891357,4.403907775878906,-0.37317562103271484
Anantin_p10FN,4.95288610458374,2.70861554145813,3.92012619972229,-0.5462313294410706
Anantin_p10FP,4.982501983642578,2.9301490783691406,3.976527690887451,0.1834757924079895
Anantin_p10FQ,5.3582587242126465,2.9370269775390625,4.199344158172607,-0.2134924829006195
Anantin_p10FR,5.727219104766846,2.9184112548828125,4.408926486968994,-0.330171138048172
Anantin_p10FS,5.637523651123047,2.9755804538726807,4.376009464263916,-0.31625819206237793
Anantin_p10FT,5.453242778778076,3.0536468029022217,4.286953449249268,-0.18865957856178284
Anantin_p10FV,6.425024509429932,3.2399609088897705,4.882209777832031,-0.23968803882598877
Anantin_p10FW,7.069872856140137,3.0129666328430176,5.056319713592529,-0.6861889362335205
Anantin_p10FY,6.860910892486572,2.9975695610046387,4.962265968322754,-0.5992118716239929
Anantin_p11GA,8.179034233093262,3.8334381580352783,6.010917663574219,0.04640877991914749
Anantin_p11GC,5.7996697425842285,3.0546629428863525,4.491585731506348,-0.27876201272010803
Anantin_p11GD,7.112972736358643,3.237302303314209,5.218146324157715,-0.31754764914512634
Anantin_p11GE,7.047361850738525,3.3879079818725586,5.248671054840088,0.07302148640155792
Anantin_p11GF,10.584601402282715,4.264379024505615,7.232999324798584,-0.0760999396443367
Anantin_p11GH,8.383700370788574,3.585787057876587,5.984735488891602,-0.3943910300731659
Anantin_p11GI,10.008123397827148,4.201058864593506,7.036167621612549,0.15873485803604126
Anantin_p11GK,6.525630950927734,3.167616128921509,4.9007697105407715,-0.18458819389343262
Anantin_p11GL,8.878739356994629,3.9062869548797607,6.369935989379883,0.08103189617395401
Anantin_p11GM,8.66092586517334,3.9526519775390625,6.2886881828308105,0.1516146957874298
Anantin_p11GN,7.419712066650391,3.416585683822632,5.45483922958374,-0.29166287183761597
Anantin_p11GP,7.979904651641846,3.766362190246582,5.857636451721191,0.38593196868896484
Anantin_p11GQ,7.891674518585205,3.727660894393921,5.8239617347717285,0.08613835275173187
Anantin_p11GR,8.318560600280762,3.5816218852996826,5.9346489906311035,-0.1790936291217804
Anantin_p11GS,7.733923435211182,3.6419103145599365,5.711706638336182,-0.05001533776521683
Anantin_p11GT,8.614948272705078,3.976693868637085,6.287787914276123,0.14245332777500153
Anantin_p11GV,9.495444297790527,4.139499187469482,6.775933265686035,0.1975281536579132
Anantin_p11GW,9.637362480163574,3.8927392959594727,6.628508567810059,-0.30788373947143555
Anantin_p11GY,9.394726753234863,3.8887386322021484,6.567110061645508,-0.1646556556224823
Anantin_p12HA,7.20529317855835,3.5495917797088623,5.4198317527771,-0.11022648960351944
Anantin_p12HC,4.9496750831604,2.575052261352539,3.8664517402648926,-0.5429501533508301
Anantin_p12HD,6.888499736785889,3.082263231277466,5.023658752441406,-0.4485096037387848
Anantin_p12HE,6.9902544021606445,3.1886889934539795,5.115481853485107,-0.2181558907032013
Anantin_p12HF,8.987485885620117,3.5557806491851807,6.14046049118042,-0.48011091351509094
Anantin_p12HG,7.501302242279053,3.1912126541137695,5.361520290374756,-0.3990831673145294
Anantin_p12HI,8.892496109008789,3.765186309814453,6.293621063232422,-0.11409299820661545
Anantin_p12HK,6.29958963394165,3.0116522312164307,4.723050594329834,-0.22741860151290894
Anantin_p12HL,7.6247382164001465,3.421879291534424,5.548961639404297,-0.32525256276130676
Anantin_p12HM,7.5230712890625,3.460787057876587,5.532929420471191,-0.29908648133277893
Anantin_p12HN,6.658093452453613,3.065418243408203,4.9346489906311035,-0.5826829075813293
Anantin_p12HP,7.2806925773620605,3.474780321121216,5.408655643463135,-0.004640817642211914
Anantin_p12HQ,7.4146881103515625,3.534269094467163,5.504209041595459,-0.019470222294330597
Anantin_p12HR,7.4937615394592285,3.3908751010894775,5.453792095184326,-0.07751879841089249
Anantin_p12HS,7.342006206512451,3.4344425201416016,5.42469596862793,-0.15634721517562866
Anantin_p12HT,7.697336196899414,3.6862635612487793,5.7044997215271,0.027909986674785614
Anantin_p12HV,8.565390586853027,3.704613208770752,6.109694004058838,-0.06099393218755722
Anantin_p12HW,8.197358131408691,3.2408130168914795,5.63582706451416,-0.7469836473464966
Anantin_p12HY,8.690139770507812,3.462268352508545,5.973324298858643,-0.490477055311203
Anantin_p13YA,4.761797904968262,2.9248297214508057,3.8664636611938477,-0.17766499519348145
Anantin_p13YC,2.9126625061035156,2.118048667907715,2.6032168865203857,-0.5114147067070007
Anantin_p13YD,5.148913860321045,2.6665048599243164,4.020536422729492,-0.5959910154342651
Anantin_p13YE,4.07534646987915,2.5604922771453857,3.363820791244507,0.1717665195465088
Anantin_p13YF,7.350994110107422,3.0875585079193115,5.250314712524414,-0.7892820239067078
Anantin_p13YG,5.606289386749268,2.725294828414917,4.287603378295898,-0.6422488689422607
Anantin_p13YH,5.6189703941345215,2.7052295207977295,4.290745735168457,-0.7064972519874573
Anantin_p13YI,6.664628505706787,3.146880865097046,4.97760534286499,-0.2962048649787903
Anantin_p13YK,1.6564186811447144,1.7571958303451538,1.7763656377792358,0.21954238414764404
Anantin_p13YL,5.321476459503174,2.8208653926849365,4.165145397186279,-0.4692828953266144
Anantin_p13YM,5.671538352966309,3.0859525203704834,4.422927379608154,-0.17626354098320007
Anantin_p13YN,4.746211051940918,2.728349208831787,3.800029754638672,-0.40643563866615295
Anantin_p13YP,4.449293613433838,2.770307779312134,3.627986192703247,0.3580490052700043
Anantin_p13YQ,5.018281936645508,2.960770606994629,4.00932502746582,0.11281181871891022
Anantin_p13YR,5.207416534423828,2.880645513534546,4.107800006866455,-0.08716569095849991
Anantin_p13YS,5.052968502044678,2.9144718647003174,4.020473957061768,-0.1959175169467926
Anantin_p13YT,4.886369705200195,2.986539125442505,3.9562180042266846,-0.020925380289554596
Anantin_p13YV,6.342026233673096,3.2622368335723877,4.852250576019287,-0.04240889102220535
Anantin_p13YW,7.402930736541748,3.0772788524627686,5.250445365905762,-0.713996171951294
Anantin_p14GA,7.463902950286865,3.566426992416382,5.5427327156066895,-0.09708917886018753
Anantin_p14GC,6.087059497833252,2.932701349258423,4.570967674255371,-0.4097442924976349
Anantin_p14GD,7.006990432739258,3.235426664352417,5.177340030670166,-0.40194445848464966
Anantin_p14GE,6.59708309173584,3.3044493198394775,4.96789026260376,0.19209760427474976
Anantin_p14GF,8.207655906677246,3.1818735599517822,5.585632801055908,-0.9085239171981812
Anantin_p14GH,7.315344333648682,3.108876943588257,5.233160495758057,-0.6540328860282898
Anantin_p14GI,7.897611141204834,3.342745542526245,5.608964443206787,-0.38295847177505493
Anantin_p14GK,4.532712936401367,2.734525442123413,3.668341636657715,0.1882951259613037
Anantin_p14GL,7.285250186920166,3.1756412982940674,5.252147674560547,-0.519298791885376
Anantin_p14GM,7.414513111114502,3.3795299530029297,5.412448406219482,-0.25897327065467834
Anantin_p14GN,6.688540935516357,3.2341978549957275,5.022959232330322,-0.3116571009159088
Anantin_p14GP,6.948763370513916,3.4716453552246094,5.215414524078369,0.32569122314453125
Anantin_p14GQ,6.8128862380981445,3.3674073219299316,5.1205735206604,0.08810250461101532
Anantin_p14GR,6.814046859741211,3.226975917816162,5.06834602355957,-0.17919635772705078
Anantin_p14GS,7.3498311042785645,3.449799060821533,5.4370951652526855,-0.1320306956768036
Anantin_p14GT,7.141808032989502,3.508218288421631,5.3552727699279785,-0.07486066967248917
Anantin_p14GV,8.044797897338867,3.5370962619781494,5.778057098388672,-0.17646807432174683
Anantin_p14GW,7.646346092224121,2.943193197250366,5.212043285369873,-0.9359155893325806
Anantin_p14GY,8.23292064666748,3.334613561630249,5.722972393035889,-0.631582498550415
Anantin_p15GA,7.6952056884765625,3.5003747940063477,5.623647212982178,-0.2537883222103119
Anantin_p15GC,6.194091320037842,2.9987807273864746,4.677809238433838,-0.3228313624858856
Anantin_p15GD,7.4669389724731445,3.324784755706787,5.4268364906311035,-0.4007233679294586
Anantin_p15GE,7.221859455108643,3.4193155765533447,5.336711406707764,0.03429422527551651
Anantin_p15GF,7.813724994659424,3.2651708126068115,5.527999401092529,-0.5200887322425842
Anantin_p15GH,7.016889572143555,3.0816092491149902,5.093585968017578,-0.5422818064689636
Anantin_p15GI,7.934781551361084,3.524562358856201,5.719923973083496,-0.042825885117053986
Anantin_p15GK,6.022372722625732,3.160179615020752,4.613513469696045,0.05937015265226364
Anantin_p15GL,7.543919563293457,3.433441400527954,5.501448631286621,-0.120595283806324
Anantin_p15GM,7.840135097503662,3.4588193893432617,5.647891044616699,-0.24682533740997314
Anantin_p15GN,7.129478931427002,3.373410701751709,5.300051212310791,-0.294093519449234
Anantin_p15GP,7.1537861824035645,3.3796467781066895,5.291281700134277,-0.051516659557819366
Anantin_p15GQ,6.947211742401123,3.3962786197662354,5.201637268066406,0.07591107487678528
Anantin_p15GR,7.419244289398193,3.3438775539398193,5.396942615509033,-0.19870343804359436
Anantin_p15GS,7.379546165466309,3.4202253818511963,5.437533855438232,-0.2770521938800812
Anantin_p15GT,7.477483749389648,3.5332741737365723,5.53560209274292,-0.1443365216255188
Anantin_p15GV,8.172409057617188,3.6585114002227783,5.896008014678955,0.0472261942923069
Anantin_p15GW,7.7148871421813965,3.104234457015991,5.363492488861084,-0.6220846176147461
Anantin_p15GY,7.925308704376221,3.3818323612213135,5.645806789398193,-0.30036991834640503
RES-701-3_p1GA,0.22669515013694763,-0.25920915603637695,0.4111979603767395,-2.569432258605957
RES-701-3_p1GC,5.54192590713501,1.0518163442611694,3.563323736190796,-2.276801824569702
RES-701-3_p1GD,8.307909965515137,3.0232088565826416,5.5043134689331055,-1.1910244226455688
RES-701-3_p1GE,9.211321830749512,3.5243382453918457,6.1756463050842285,-0.3029312193393707
RES-701-3_p1GF,9.180803298950195,3.5012471675872803,6.139139652252197,-0.1445021629333496
RES-701-3_p1GH,7.963672161102295,2.795102596282959,5.2054524421691895,-1.3290482759475708
RES-701-3_p1GI,10.12007999420166,3.9887585639953613,6.813892841339111,0.8755732774734497
RES-701-3_p1GK,9.438834190368652,3.5904171466827393,6.311401844024658,0.10320089012384415
RES-701-3_p1GL,8.703137397766113,3.240548849105835,5.790232181549072,-0.8162134885787964
RES-701-3_p1GM,8.616408348083496,3.295109987258911,5.7909746170043945,-0.5991897583007812
RES-701-3_p1GN,8.745704650878906,3.2711987495422363,5.81558895111084,-0.08922041207551956
RES-701-3_p1GP,9.146475791931152,3.4301464557647705,6.101412296295166,-0.719649076461792
RES-701-3_p1GQ,8.35666561126709,3.0535125732421875,5.518049716949463,-0.5818495750427246
RES-701-3_p1GR,10.666901588439941,4.214157581329346,7.1911940574646,0.6907254457473755
RES-701-3_p1GS,9.0114107131958,3.4390347003936768,6.034806728363037,-0.23289132118225098
RES-701-3_p1GT,9.344439506530762,3.678114652633667,6.32615327835083,0.22848191857337952
RES-701-3_p1GV,9.551478385925293,3.841689348220825,6.552651882171631,-0.28907397389411926
RES-701-3_p1GW,7.027285099029541,2.356318235397339,4.54532527923584,-1.51728355884552
RES-701-3_p1GY,8.441767692565918,3.0638556480407715,5.5690226554870605,-0.9132193326950073
RES-701-3_p2NA,10.959006309509277,4.352377414703369,7.435266017913818,-0.011994510889053345
RES-701-3_p2NC,8.355595588684082,3.3984005451202393,5.816051959991455,-0.5538308620452881
RES-701-3_p2ND,10.121132850646973,3.8793036937713623,6.799088954925537,-0.4410656988620758
RES-701-3_p2NE,10.628836631774902,4.165139198303223,7.172767162322998,-0.09055862575769424
RES-701-3_p2NF,10.160731315612793,3.8656065464019775,6.815561771392822,-0.7001126408576965
RES-701-3_p2NG,10.370765686035156,3.9698500633239746,6.964622497558594,-0.3675169348716736
RES-701-3_p2NH,10.469996452331543,4.014030933380127,7.0355939865112305,-0.5461248159408569
RES-701-3_p2NI,10.596449851989746,4.131707668304443,7.147319793701172,-0.21159616112709045
RES-701-3_p2NK,10.336930274963379,4.060608386993408,6.997717380523682,-0.24966135621070862
RES-701-3_p2NL,9.895602226257324,3.8579814434051514,6.692777156829834,-0.5940858125686646
RES-701-3_p2NM,10.714083671569824,4.259685039520264,7.279998302459717,-0.1369691789150238
RES-701-3_p2NP,10.405987739562988,4.046425819396973,7.018322467803955,-0.41423556208610535
RES-701-3_p2NQ,10.898482322692871,4.277514934539795,7.372874736785889,-0.2692212462425232
RES-701-3_p2NR,10.653948783874512,4.140116214752197,7.181983470916748,-0.40947747230529785
RES-701-3_p2NS,10.755311012268066,4.194465160369873,7.257608413696289,-0.24334010481834412
RES-701-3_p2NT,10.712742805480957,4.226063251495361,7.2688984870910645,-0.3232386112213135
RES-701-3_p2NV,11.086255073547363,4.397005558013916,7.506556987762451,0.09239832311868668
RES-701-3_p2NW,9.995797157287598,3.768576145172119,6.681762218475342,-0.697625458240509
RES-701-3_p2NY,9.9908447265625,3.7377631664276123,6.669247150421143,-0.8432705998420715
RES-701-3_p3WA,9.927992820739746,4.367249965667725,7.10156774520874,0.0563683807849884
RES-701-3_p3WC,7.782846927642822,3.5205864906311035,5.644326686859131,-0.40977442264556885
RES-701-3_p3WD,9.284002304077148,3.8152501583099365,6.461167812347412,-0.45224061608314514
RES-701-3_p3WE,9.314971923828125,3.9774599075317383,6.590144634246826,-0.03982057422399521
RES-701-3_p3WF,10.662949562072754,4.254208087921143,7.267380237579346,-0.24125245213508606
RES-701-3_p3WG,9.618232727050781,3.99471378326416,6.715789318084717,-0.33872565627098083
RES-701-3_p3WH,10.17385482788086,4.070314407348633,6.961261749267578,-0.4274737536907196
RES-701-3_p3WI,10.330432891845703,4.244077205657959,7.154606342315674,-0.14229774475097656
RES-701-3_p3WK,9.311492919921875,4.050985336303711,6.641219615936279,0.07816426455974579
RES-701-3_p3WL,9.773900032043457,4.149871349334717,6.910824298858643,-0.25594261288642883
RES-701-3_p3WM,9.866368293762207,4.196413993835449,6.980147838592529,-0.22400972247123718
RES-701-3_p3WN,9.608475685119629,4.021026134490967,6.739836692810059,-0.3361944556236267
RES-701-3_p3WP,9.997899055480957,4.2277021408081055,7.027787208557129,0.030777543783187866
RES-701-3_p3WQ,10.041339874267578,4.256042003631592,7.074804306030273,-0.039346709847450256
RES-701-3_p3WR,9.802186012268066,4.08298921585083,6.849471569061279,-0.1967964470386505
RES-701-3_p3WS,10.006792068481445,4.199396133422852,7.023609638214111,-0.2255919873714447
RES-701-3_p3WT,9.752452850341797,4.2513957023620605,6.975409507751465,-0.15521159768104553
RES-701-3_p3WV,10.298001289367676,4.378856182098389,7.2549357414245605,0.04883219674229622
RES-701-3_p3WY,10.250544548034668,4.0017619132995605,6.94305419921875,-0.5236440896987915
RES-701-3_p4HA,10.218944549560547,4.115288257598877,7.015056133270264,-0.3592786490917206
RES-701-3_p4HC,7.219764709472656,3.050616502761841,5.169339656829834,-0.8208627700805664
RES-701-3_p4HD,9.000432014465332,3.426316499710083,6.0475850105285645,-0.7907464504241943
RES-701-3_p4HE,9.763869285583496,3.8023083209991455,6.594682693481445,-0.4716043174266815
RES-701-3_p4HF,9.968635559082031,3.8158957958221436,6.702035427093506,-0.532806396484375
RES-701-3_p4HG,9.959067344665527,3.843728542327881,6.720909595489502,-0.6139377951622009
RES-701-3_p4HI,10.477652549743652,4.100162029266357,7.088300704956055,-0.31798192858695984
RES-701-3_p4HK,9.833806037902832,3.8632547855377197,6.661692142486572,-0.3595300316810608
RES-701-3_p4HL,9.940483093261719,3.9023568630218506,6.736910820007324,-0.42194637656211853
RES-701-3_p4HM,9.778617858886719,3.8754682540893555,6.669210910797119,-0.4874442517757416
RES-701-3_p4HN,9.27856731414795,3.5515503883361816,6.2469682693481445,-0.7526870369911194
RES-701-3_p4HP,10.22402286529541,4.174031734466553,7.049554347991943,0.04364614188671112
RES-701-3_p4HQ,10.364684104919434,4.070791721343994,7.023045063018799,-0.35171011090278625
RES-701-3_p4HR,10.275982856750488,3.9881746768951416,6.927622318267822,-0.46092507243156433
RES-701-3_p4HS,10.1963529586792,3.979257822036743,6.900834560394287,-0.4480304419994354
RES-701-3_p4HT,10.23444652557373,4.012484073638916,6.945314884185791,-0.5066993236541748
RES-701-3_p4HV,10.601473808288574,4.234969615936279,7.2281036376953125,-0.19787254929542542
RES-701-3_p4HW,9.230390548706055,3.4584059715270996,6.169814586639404,-0.8132725954055786
RES-701-3_p4HY,9.552191734313965,3.5382614135742188,6.362988471984863,-0.9408957958221436
RES-701-3_p5GA,9.917609214782715,3.883392810821533,6.711645603179932,-0.3762103021144867
RES-701-3_p5GC,7.229745388031006,3.1172034740448,5.1860737800598145,-0.6475009918212891
RES-701-3_p5GD,8.95949649810791,3.3755881786346436,5.984477519989014,-0.6627721786499023
RES-701-3_p5GE,9.396151542663574,3.6118311882019043,6.307457447052002,-0.3190097510814667
RES-701-3_p5GF,9.447196006774902,3.5715091228485107,6.312223434448242,-0.5497130155563354
RES-701-3_p5GH,9.303349494934082,3.511096477508545,6.221099853515625,-0.7235850095748901
RES-701-3_p5GI,10.055137634277344,3.8958637714385986,6.7605719566345215,-0.14355799555778503
RES-701-3_p5GK,8.84455394744873,3.386817693710327,5.93993616104126,-0.4588100016117096
RES-701-3_p5GL,9.343920707702637,3.6104204654693604,6.284359455108643,-0.32528018951416016
RES-701-3_p5GM,9.756312370300293,3.7897872924804688,6.577995300292969,-0.39894771575927734
RES-701-3_p5GN,9.15265941619873,3.4789226055145264,6.143502712249756,-0.7445613741874695
RES-701-3_p5GP,9.26609992980957,3.604795217514038,6.2599687576293945,-0.3737042248249054
RES-701-3_p5GQ,9.649314880371094,3.7098536491394043,6.490098476409912,-0.5060860514640808
RES-701-3_p5GR,9.3641996383667,3.56180477142334,6.271459579467773,-0.6419800519943237
RES-701-3_p5GS,9.782350540161133,3.783132553100586,6.593990802764893,-0.48161640763282776
RES-701-3_p5GT,9.835707664489746,3.8068697452545166,6.633131980895996,-0.5382540225982666
RES-701-3_p5GV,10.344267845153809,4.057610034942627,6.982848644256592,-0.04915563017129898
RES-701-3_p5GW,8.24838924407959,3.0085465908050537,5.461410999298096,-0.9937160015106201
RES-701-3_p5GY,9.196946144104004,3.4096310138702393,6.113907337188721,-0.8433722853660583
RES-701-3_p6TA,9.962517738342285,3.8020076751708984,6.694842338562012,-0.7212891578674316
RES-701-3_p6TC,6.646023273468018,2.5510666370391846,4.5754218101501465,-1.1006866693496704
RES-701-3_p6TD,8.936302185058594,3.3201353549957275,5.957289218902588,-0.930705189704895
RES-701-3_p6TE,9.713370323181152,3.6966161727905273,6.514441013336182,-0.5986918210983276
RES-701-3_p6TF,8.45885181427002,3.068051815032959,5.5852484703063965,-1.0650314092636108
RES-701-3_p6TG,9.202017784118652,3.4617154598236084,6.163562297821045,-0.8668074607849121
RES-701-3_p6TH,8.340956687927246,2.9958884716033936,5.494478702545166,-1.1994596719741821
RES-701-3_p6TI,9.477716445922852,3.5668704509735107,6.324925422668457,-0.6220426559448242
RES-701-3_p6TK,9.223793983459473,3.521679639816284,6.1939473152160645,-0.5975865125656128
RES-701-3_p6TL,9.157383918762207,3.427560567855835,6.104410171508789,-0.801430881023407
RES-701-3_p6TM,9.139878273010254,3.4280786514282227,6.102987289428711,-0.8262389302253723
RES-701-3_p6TN,8.894078254699707,3.3099377155303955,5.93739652633667,-0.9621778726577759
RES-701-3_p6TP,9.592615127563477,3.670853614807129,6.445031642913818,-0.5790842771530151
RES-701-3_p6TQ,9.6545991897583,3.670938491821289,6.479344844818115,-0.6819813847541809
RES-701-3_p6TR,9.234222412109375,3.465059995651245,6.169731616973877,-0.8604966402053833
RES-701-3_p6TS,9.790813446044922,3.7243425846099854,6.5728440284729,-0.6839141845703125
RES-701-3_p6TV,9.790038108825684,3.7571258544921875,6.5809550285339355,-0.5231932997703552
RES-701-3_p6TW,6.893768310546875,2.327202558517456,4.466410160064697,-1.4722968339920044
RES-701-3_p6TY,7.419705867767334,2.54091215133667,4.815060615539551,-1.4093815088272095
RES-701-3_p7SA,10.372321128845215,4.025521278381348,7.005986213684082,-0.5684148073196411
RES-701-3_p7SC,6.814424991607666,2.9106454849243164,4.89702844619751,-0.78434818983078
RES-701-3_p7SD,9.024151802062988,3.3897249698638916,6.04313325881958,-0.9674098491668701
RES-701-3_p7SE,9.761129379272461,3.7919485569000244,6.583495140075684,-0.46862730383872986
RES-701-3_p7SF,9.957371711730957,3.7896883487701416,6.666698932647705,-0.5235788226127625
RES-701-3_p7SG,9.647183418273926,3.7198972702026367,6.511508464813232,-0.6325894594192505
RES-701-3_p7SH,9.505167007446289,3.561750888824463,6.344388008117676,-0.8701711893081665
RES-701-3_p7SI,9.919404029846191,3.7963404655456543,6.6532721519470215,-0.3525056540966034
RES-701-3_p7SK,9.48908805847168,3.677638292312622,6.4034295082092285,-0.48880067467689514
RES-701-3_p7SL,9.465682029724121,3.632197141647339,6.365662574768066,-0.570918083190918
RES-701-3_p7SM,9.612421035766602,3.6845648288726807,6.458423614501953,-0.5774105787277222
RES-701-3_p7SN,9.246167182922363,3.4701786041259766,6.189798355102539,-0.9595764875411987
RES-701-3_p7SP,9.449700355529785,3.749941349029541,6.437745571136475,-0.20549750328063965
RES-701-3_p7SQ,10.213004112243652,3.953723430633545,6.884472370147705,-0.5146275758743286
RES-701-3_p7SR,9.765244483947754,3.7166430950164795,6.546566963195801,-0.6883045434951782
RES-701-3_p7ST,10.412399291992188,4.0052170753479,7.010440349578857,-0.6181122660636902
RES-701-3_p7SV,10.299033164978027,3.984421968460083,6.932347297668457,-0.34531983733177185
RES-701-3_p7SW,7.795689105987549,2.779515504837036,5.134467124938965,-1.2227011919021606
RES-701-3_p7SY,8.969473838806152,3.294870138168335,5.955750942230225,-0.9932194948196411
RES-701-3_p8PA,10.018159866333008,3.806816339492798,6.7374677658081055,-0.9687405824661255
RES-701-3_p8PC,7.869431018829346,3.050355911254883,5.397791385650635,-1.1786912679672241
RES-701-3_p8PD,10.014378547668457,3.7873966693878174,6.7206830978393555,-0.9526263475418091
RES-701-3_p8PE,10.60920238494873,4.115264415740967,7.165806293487549,-0.5525165796279907
RES-701-3_p8PF,9.711774826049805,3.692760705947876,6.522310733795166,-0.7633056640625
RES-701-3_p8PG,9.192159652709961,3.416227102279663,6.149624347686768,-1.1136919260025024
RES-701-3_p8PH,9.831809043884277,3.7088496685028076,6.591921806335449,-0.8908486366271973
RES-701-3_p8PI,10.350382804870605,3.925992727279663,6.932337284088135,-0.697573184967041
RES-701-3_p8PK,10.281281471252441,3.979295253753662,6.942174434661865,-0.5878498554229736
RES-701-3_p8PL,9.714041709899902,3.65879487991333,6.5069804191589355,-0.957584023475647
RES-701-3_p8PM,9.752558708190918,3.7379915714263916,6.563269138336182,-0.7607055306434631
RES-701-3_p8PN,10.003951072692871,3.8002352714538574,6.726421356201172,-0.9032952785491943
RES-701-3_p8PQ,10.604193687438965,4.119611740112305,7.163934230804443,-0.548626184463501
RES-701-3_p8PR,10.38098430633545,3.957167625427246,6.977209091186523,-0.7694799304008484
RES-701-3_p8PS,10.193345069885254,3.8788607120513916,6.852468013763428,-0.852080762386322
RES-701-3_p8PT,10.297707557678223,3.939948320388794,6.930970668792725,-0.8090596795082092
RES-701-3_p8PV,10.39892292022705,3.987964391708374,6.996297836303711,-0.6402976512908936
RES-701-3_p8PW,8.034857749938965,2.9071710109710693,5.327451229095459,-1.2138350009918213
RES-701-3_p8PY,9.050610542297363,3.2996699810028076,5.999277591705322,-1.1416107416152954
RES-701-3_p9DA,8.213639259338379,3.2051637172698975,5.598880290985107,-0.6755170822143555
RES-701-3_p9DC,5.453871250152588,2.712019205093384,4.170339107513428,-0.5735129714012146
RES-701-3_p9DE,10.357446670532227,4.042863845825195,7.001499176025391,-0.404110848903656
RES-701-3_p9DF,8.717450141906738,3.290325880050659,5.834975719451904,-0.6386282444000244
RES-701-3_p9DG,8.220431327819824,3.097912549972534,5.530111789703369,-0.8783298134803772
RES-701-3_p9DH,8.7732515335083,3.3394086360931396,5.897042751312256,-0.5960821509361267
RES-701-3_p9DI,8.389534950256348,3.1891562938690186,5.633214473724365,-0.5190695524215698
RES-701-3_p9DK,7.947476863861084,3.150604486465454,5.454074859619141,-0.38970476388931274
RES-701-3_p9DL,7.538659572601318,2.9049649238586426,5.116431713104248,-0.6878063678741455
RES-701-3_p9DM,8.245631217956543,3.1950137615203857,5.59186315536499,-0.5493524074554443
RES-701-3_p9DN,8.708930015563965,3.3388733863830566,5.874910831451416,-0.6739075779914856
RES-701-3_p9DP,7.9188737869262695,3.156799554824829,5.451528072357178,-0.3526652157306671
RES-701-3_p9DQ,8.591036796569824,3.372026205062866,5.853186130523682,-0.4609011113643646
RES-701-3_p9DR,8.261128425598145,3.1548569202423096,5.569325923919678,-0.6649872064590454
RES-701-3_p9DS,8.16593074798584,3.125455617904663,5.522109508514404,-0.7054266333580017
RES-701-3_p9DT,8.323650360107422,3.2260448932647705,5.6530938148498535,-0.6754226088523865
RES-701-3_p9DV,8.460965156555176,3.262989044189453,5.718104362487793,-0.5002182722091675
RES-701-3_p9DW,7.600284099578857,2.796269178390503,5.066882610321045,-0.8854073286056519
RES-701-3_p9DY,8.335570335388184,3.0774269104003906,5.5398125648498535,-0.8193485736846924
RES-701-3_p10WA,10.226296424865723,4.193983554840088,7.092337608337402,-0.335528165102005
RES-701-3_p10WC,7.8130292892456055,3.629481554031372,5.729421615600586,-0.29949238896369934
RES-701-3_p10WD,9.887320518493652,3.912346363067627,6.751599311828613,-0.6129038333892822
RES-701-3_p10WE,9.875249862670898,4.0664286613464355,6.8616461753845215,-0.1783755123615265
RES-701-3_p10WF,11.015562057495117,4.316352367401123,7.447463035583496,-0.29287704825401306
RES-701-3_p10WG,9.746552467346191,3.830284595489502,6.640996932983398,-0.5448634028434753
RES-701-3_p10WH,10.000005722045898,3.9849421977996826,6.832905292510986,-0.403462678194046
RES-701-3_p10WI,11.033188819885254,4.391082286834717,7.500831604003906,-0.11497799307107925
RES-701-3_p10WK,9.53282356262207,3.97175669670105,6.6700663566589355,-0.1633184552192688
RES-701-3_p10WL,10.373143196105957,4.186851978302002,7.105745792388916,-0.1683180034160614
RES-701-3_p10WM,10.43001651763916,4.256866931915283,7.200364112854004,-0.2120719850063324
RES-701-3_p10WN,10.115082740783691,4.040553569793701,6.9269819259643555,-0.4812183082103729
RES-701-3_p10WP,9.157780647277832,3.7372238636016846,6.348984718322754,-0.30988189578056335
RES-701-3_p10WQ,10.13199234008789,4.1621785163879395,7.01603364944458,-0.18110227584838867
RES-701-3_p10WR,10.254677772521973,4.078871726989746,6.99238395690918,-0.35336485505104065
RES-701-3_p10WS,10.292563438415527,4.091110706329346,7.027716159820557,-0.4225277006626129
RES-701-3_p10WT,10.488706588745117,4.281919002532959,7.251171588897705,-0.25164347887039185
RES-701-3_p10WV,10.874499320983887,4.416501522064209,7.464787006378174,-0.022481322288513184
RES-701-3_p10WY,10.635748863220215,4.112298965454102,7.1716389656066895,-0.5369794368743896
RES-701-3_p11FA,8.387105941772461,3.4214067459106445,5.855090618133545,-0.7904631495475769
RES-701-3_p11FC,5.884818077087402,2.7764947414398193,4.400231838226318,-0.8917255997657776
RES-701-3_p11FD,7.975939750671387,3.0496556758880615,5.415893077850342,-1.0285545587539673
RES-701-3_p11FE,8.09207534790039,3.2652695178985596,5.617417335510254,-0.6860079765319824
RES-701-3_p11FG,8.257887840270996,3.151730537414551,5.595690727233887,-0.9569288492202759
RES-701-3_p11FH,8.477938652038574,3.1988704204559326,5.704744338989258,-0.9534250497817993
RES-701-3_p11FI,9.451506614685059,3.6948440074920654,6.412191390991211,-0.5742642879486084
RES-701-3_p11FK,7.478387832641602,3.2228195667266846,5.347659587860107,-0.5567191243171692
RES-701-3_p11FL,8.6450777053833,3.3745787143707275,5.889519214630127,-0.8350118398666382
RES-701-3_p11FM,8.606382369995117,3.423340320587158,5.926163196563721,-0.80353182554245
RES-701-3_p11FN,8.069680213928223,3.1317224502563477,5.509823322296143,-0.9518193006515503
RES-701-3_p11FP,7.857405185699463,3.225325107574463,5.505033016204834,-0.4925917088985443
RES-701-3_p11FQ,8.689352989196777,3.4753048419952393,5.986960411071777,-0.684308648109436
RES-701-3_p11FR,8.83803653717041,3.4372565746307373,6.002335071563721,-0.7816845178604126
RES-701-3_p11FS,8.358365058898926,3.308980703353882,5.7469587326049805,-0.7786028385162354
RES-701-3_p11FT,8.514073371887207,3.4761269092559814,5.938828945159912,-0.7225868701934814
RES-701-3_p11FV,9.242788314819336,3.695158004760742,6.341414928436279,-0.5195521116256714
RES-701-3_p11FW,8.691298484802246,3.2875988483428955,5.85100793838501,-0.897546648979187
RES-701-3_p11FY,9.068072319030762,3.4130516052246094,6.084212779998779,-0.8919374942779541
RES-701-3_p12FA,8.284390449523926,3.3278863430023193,5.741113185882568,-0.8197611570358276
RES-701-3_p12FC,5.482996463775635,2.6398425102233887,4.150720119476318,-0.9418123960494995
RES-701-3_p12FD,7.4298224449157715,2.7356581687927246,4.975879192352295,-1.1384350061416626
RES-701-3_p12FE,7.990758895874023,3.1471967697143555,5.47407865524292,-0.6441723704338074
RES-701-3_p12FG,7.036314010620117,2.5158960819244385,4.684396743774414,-1.267303228378296
RES-701-3_p12FH,8.687140464782715,3.3090288639068604,5.855533123016357,-0.8579450845718384
RES-701-3_p12FI,10.159073829650879,3.9718618392944336,6.869694232940674,-0.3603147566318512
RES-701-3_p12FK,7.371505260467529,3.1638615131378174,5.255274772644043,-0.36967799067497253
RES-701-3_p12FL,9.335546493530273,3.6339352130889893,6.319540500640869,-0.6594934463500977
RES-701-3_p12FM,9.301711082458496,3.7188949584960938,6.391211032867432,-0.6076211929321289
RES-701-3_p12FN,7.843776702880859,2.998549699783325,5.320101261138916,-0.9997838735580444
RES-701-3_p12FP,8.18752670288086,3.270965814590454,5.641578674316406,-0.45222118496894836
RES-701-3_p12FQ,8.979132652282715,3.5786211490631104,6.154988765716553,-0.557969331741333
RES-701-3_p12FR,8.518777847290039,3.3225417137145996,5.78986930847168,-0.679015576839447
RES-701-3_p12FS,8.227473258972168,3.2738163471221924,5.669021129608154,-0.7211998701095581
RES-701-3_p12FT,8.831204414367676,3.5822665691375732,6.116645812988281,-0.5783939361572266
RES-701-3_p12FV,9.69638729095459,3.8370656967163086,6.602145671844482,-0.41357892751693726
RES-701-3_p12FW,8.472528457641602,3.1405413150787354,5.662473201751709,-1.0371532440185547
RES-701-3_p12FY,9.1243257522583,3.446751356124878,6.1302900314331055,-0.8806074261665344
RES-701-3_p13NA,11.296916961669922,4.477478504180908,7.673910617828369,-0.20904287695884705
RES-701-3_p13NC,9.023027420043945,3.5818655490875244,6.193231105804443,-0.6444821357727051
RES-701-3_p13ND,10.061203956604004,3.8342339992523193,6.75600004196167,-0.7247861623764038
RES-701-3_p13NE,10.450678825378418,4.073512554168701,7.043508052825928,-0.27921876311302185
RES-701-3_p13NF,11.970925331115723,4.625143051147461,8.046841621398926,-0.25903305411338806
RES-701-3_p13NG,10.507652282714844,4.041853904724121,7.081543445587158,-0.627205491065979
RES-701-3_p13NH,10.791677474975586,4.16738224029541,7.264481067657471,-0.4062553346157074
RES-701-3_p13NI,11.65004825592041,4.575960636138916,7.856153964996338,0.08167567104101181
RES-701-3_p13NK,10.499640464782715,4.142439365386963,7.116014003753662,-0.20366373658180237
RES-701-3_p13NL,11.001654624938965,4.3187031745910645,7.432516574859619,-0.16358384490013123
RES-701-3_p13NM,11.321602821350098,4.490087509155273,7.6806254386901855,-0.02141004055738449
RES-701-3_p13NP,10.84132194519043,4.299238204956055,7.351853847503662,0.005064539611339569
RES-701-3_p13NQ,11.050395011901855,4.34929895401001,7.483368873596191,-0.2291295826435089
RES-701-3_p13NR,10.790276527404785,4.219531536102295,7.286796569824219,-0.2805081307888031
RES-701-3_p13NS,10.877599716186523,4.259354591369629,7.357206344604492,-0.28222644329071045
RES-701-3_p13NT,11.392760276794434,4.50534200668335,7.724367141723633,-0.12521180510520935
RES-701-3_p13NV,11.798378944396973,4.677780628204346,7.985857963562012,0.15298955142498016
RES-701-3_p13NW,10.67513370513916,4.060978412628174,7.150355815887451,-0.5652449131011963
RES-701-3_p13NY,11.017239570617676,4.193579196929932,7.381968975067139,-0.5584113597869873
RES-701-3_p14YA,10.170317649841309,4.309397220611572,7.169444561004639,-0.11315006762742996
RES-701-3_p14YC,8.412620544433594,3.5641472339630127,5.961393356323242,-0.45632264018058777
RES-701-3_p14YD,9.42704963684082,3.7458841800689697,6.434554100036621,-0.5856796503067017
RES-701-3_p14YE,9.843708038330078,4.084742546081543,6.867948532104492,-0.00910816341638565
RES-701-3_p14YF,11.33042049407959,4.419958114624023,7.642279148101807,-0.3175317347049713
RES-701-3_p14YG,9.569596290588379,3.7327802181243896,6.490268230438232,-0.6851207613945007
RES-701-3_p14YH,9.957293510437012,3.956057548522949,6.780363082885742,-0.3605461120605469
RES-701-3_p14YI,10.868095397949219,4.360621929168701,7.403433799743652,0.07039393484592438
RES-701-3_p14YK,9.42303466796875,4.060940742492676,6.675085544586182,0.14691533148288727
RES-701-3_p14YL,10.069169044494629,4.0847954750061035,6.921170711517334,-0.20646843314170837
RES-701-3_p14YM,10.320268630981445,4.280636787414551,7.182896137237549,-0.01785895973443985
RES-701-3_p14YN,9.485983848571777,3.8034684658050537,6.509346008300781,-0.5101125836372375
RES-701-3_p14YP,10.237624168395996,4.32048225402832,7.186225891113281,0.340382844209671
RES-701-3_p14YQ,10.322943687438965,4.2442216873168945,7.14456844329834,-0.0334346666932106
RES-701-3_p14YR,9.904167175292969,4.085693836212158,6.878752708435059,-0.046306364238262177
RES-701-3_p14YS,9.844796180725098,4.022038459777832,6.810798168182373,-0.28352802991867065
RES-701-3_p14YT,10.171136856079102,4.277226448059082,7.135714054107666,-0.11399521678686142
RES-701-3_p14YV,10.963725090026855,4.477359294891357,7.54086446762085,0.14147354662418365
RES-701-3_p14YW,10.289883613586426,3.9326956272125244,6.9095234870910645,-0.5969721078872681
RES-701-3_p15YA,9.752840042114258,3.923024892807007,6.692381858825684,-0.31885072588920593
RES-701-3_p15YC,8.775862693786621,3.63693904876709,6.151384353637695,-0.32828155159950256
RES-701-3_p15YD,9.106797218322754,3.48517107963562,6.1224045753479,-0.7968734502792358
RES-701-3_p15YE,9.662473678588867,3.905514717102051,6.645956516265869,0.03628059849143028
RES-701-3_p15YF,10.70901870727539,4.144752502441406,7.212202548980713,-0.5081299543380737
RES-701-3_p15YG,9.314417839050293,3.5672199726104736,6.26556921005249,-0.7483538389205933
RES-701-3_p15YH,9.774212837219238,3.7898168563842773,6.591535568237305,-0.5201119780540466
RES-701-3_p15YI,10.113781929016113,3.972003221511841,6.835495948791504,-0.28727754950523376
RES-701-3_p15YK,8.93510913848877,3.7618257999420166,6.2945475578308105,0.19301357865333557
RES-701-3_p15YL,9.939558982849121,3.9528920650482178,6.757236003875732,-0.30415552854537964
RES-701-3_p15YM,10.28906536102295,4.145604610443115,7.052524089813232,-0.041679300367832184
RES-701-3_p15YN,9.423565864562988,3.656757116317749,6.360880374908447,-0.59297776222229
RES-701-3_p15YP,9.968528747558594,3.9922688007354736,6.802332401275635,-0.00621255487203598
RES-701-3_p15YQ,10.206664085388184,4.079022407531738,6.955449104309082,-0.006687872111797333
RES-701-3_p15YR,9.86723518371582,3.8953988552093506,6.692200183868408,-0.16593709588050842
RES-701-3_p15YS,9.607272148132324,3.750342607498169,6.490861415863037,-0.460627943277359
RES-701-3_p15YT,9.543366432189941,3.799098253250122,6.503829002380371,-0.41791751980781555
RES-701-3_p15YV,10.247478485107422,4.090943813323975,6.976627826690674,-0.09184988588094711
RES-701-3_p15YW,9.770424842834473,3.718520402908325,6.557054042816162,-0.7175940275192261
RES-701-3_p16WA,10.748594284057617,4.308593273162842,7.33626127243042,-0.16749003529548645
RES-701-3_p16WC,9.070926666259766,3.8157269954681396,6.383430004119873,-0.37629684805870056
RES-701-3_p16WD,10.256560325622559,4.051260471343994,6.951988697052002,-0.31461605429649353
RES-701-3_p16WE,10.551803588867188,4.292167663574219,7.253332138061523,0.17016488313674927
RES-701-3_p16WF,10.795382499694824,4.23709774017334,7.304102897644043,-0.35285672545433044
RES-701-3_p16WG,10.286437034606934,4.025527000427246,6.957883834838867,-0.421052485704422
RES-701-3_p16WH,10.272300720214844,4.110682010650635,7.003401756286621,-0.1037643775343895
RES-701-3_p16WI,11.136975288391113,4.4500298500061035,7.5705885887146,0.0377546027302742
RES-701-3_p16WK,9.75230598449707,4.256600379943848,6.9062180519104,0.5546687841415405
RES-701-3_p16WL,10.729543685913086,4.276548385620117,7.292852878570557,-0.10613831132650375
RES-701-3_p16WM,10.889946937561035,4.382352352142334,7.4436726570129395,-0.044800929725170135
RES-701-3_p16WN,10.330487251281738,4.164146423339844,7.082824230194092,-0.18217739462852478
RES-701-3_p16WP,10.781476974487305,4.372125625610352,7.3879075050354,0.17122730612754822
RES-701-3_p16WQ,10.840060234069824,4.4337615966796875,7.467550754547119,0.21621137857437134
RES-701-3_p16WR,10.549308776855469,4.280642032623291,7.245328426361084,0.11758039146661758
RES-701-3_p16WS,10.38455867767334,4.203454494476318,7.129519939422607,-0.14031541347503662
RES-701-3_p16WT,10.702736854553223,4.384092807769775,7.385050296783447,0.0005311444401741028
RES-701-3_p16WV,11.440255165100098,4.591568470001221,7.7922282218933105,0.13978211581707
RES-701-3_p16WY,10.662437438964844,4.158322811126709,7.2007246017456055,-0.3650762736797333
RES-701-1_p1GA,0.03532209247350693,-0.05918567627668381,0.3832152783870697,-2.4978041648864746
RES-701-1_p1GC,5.842843532562256,1.3558672666549683,3.824773073196411,-2.2249834537506104
RES-701-1_p1GD,8.494288444519043,3.157062530517578,5.6620402336120605,-1.07449471950531
RES-701-1_p1GE,9.219104766845703,3.5745737552642822,6.209373474121094,-0.197902649641037
RES-701-1_p1GF,9.66882610321045,3.7649941444396973,6.5159478187561035,0.05690479278564453
RES-701-1_p1GH,8.428112030029297,3.021257162094116,5.553414344787598,-1.2356723546981812
RES-701-1_p1GI,10.59216022491455,4.21978759765625,7.146759510040283,0.9905354976654053
RES-701-1_p1GK,9.616158485412598,3.6909475326538086,6.44314432144165,0.17087307572364807
RES-701-1_p1GL,9.438347816467285,3.6064608097076416,6.3253865242004395,-0.4801810681819916
RES-701-1_p1GM,8.776289939880371,3.415268659591675,5.9315996170043945,-0.4306579530239105
RES-701-1_p1GN,9.046463966369629,3.4282948970794678,6.042551517486572,0.07774233818054199
RES-701-1_p1GP,9.651137351989746,3.672806978225708,6.463906764984131,-0.561823844909668
RES-701-1_p1GQ,8.92339038848877,3.3307414054870605,5.930215835571289,-0.5290203094482422
RES-701-1_p1GR,10.846578598022461,4.325389385223389,7.343990802764893,0.7856471538543701
RES-701-1_p1GS,9.355834007263184,3.6218957901000977,6.295969009399414,-0.07067053765058517
RES-701-1_p1GT,9.704802513122559,3.8921072483062744,6.6352219581604,0.3807040750980377
RES-701-1_p1GV,9.85604190826416,4.0391035079956055,6.825204372406006,-0.07426971942186356
RES-701-1_p1GW,7.514275074005127,2.5838193893432617,4.8987603187561035,-1.4997270107269287
RES-701-1_p1GY,8.771260261535645,3.2253661155700684,5.810647964477539,-0.853993833065033
RES-701-1_p2NA,11.380480766296387,4.6068830490112305,7.786189079284668,0.2211308479309082
RES-701-1_p2NC,8.474410057067871,3.5756211280822754,5.997966289520264,-0.358072966337204
RES-701-1_p2ND,10.284071922302246,3.9828271865844727,6.926332473754883,-0.3888219892978668
RES-701-1_p2NE,10.550362586975098,4.167802333831787,7.139977931976318,-0.09528958052396774
RES-701-1_p2NF,10.499764442443848,4.0507707595825195,7.07784366607666,-0.6033461093902588
RES-701-1_p2NG,10.766371726989746,4.1659417152404785,7.252086162567139,-0.2545442283153534
RES-701-1_p2NH,10.865147590637207,4.202382564544678,7.3231201171875,-0.46424129605293274
RES-701-1_p2NI,10.934853553771973,4.307509422302246,7.396442413330078,-0.14604708552360535
RES-701-1_p2NK,10.416862487792969,4.133758068084717,7.08067512512207,-0.2047196626663208
RES-701-1_p2NL,10.528075218200684,4.223368167877197,7.194319248199463,-0.2769714295864105
RES-701-1_p2NM,10.87728214263916,4.399672031402588,7.456204891204834,-0.0019331127405166626
RES-701-1_p2NP,10.817139625549316,4.2512640953063965,7.323726177215576,-0.3019043505191803
RES-701-1_p2NQ,11.082395553588867,4.387843132019043,7.52085018157959,-0.20849329233169556
RES-701-1_p2NR,10.943032264709473,4.289182186126709,7.3981733322143555,-0.33354029059410095
RES-701-1_p2NS,10.942544937133789,4.295485019683838,7.4049248695373535,-0.22899648547172546
RES-701-1_p2NT,10.816655158996582,4.316009998321533,7.381751537322998,-0.3107750117778778
RES-701-1_p2NV,11.346980094909668,4.547691345214844,7.720798015594482,0.15188923478126526
RES-701-1_p2NW,10.329266548156738,3.960675001144409,6.942953109741211,-0.5593273639678955
RES-701-1_p2NY,10.003252983093262,3.769601583480835,6.695148468017578,-0.8568465113639832
RES-701-1_p3WA,9.814921379089355,4.519577503204346,7.098042964935303,0.3199530243873596
RES-701-1_p3WC,7.9954094886779785,3.7065141201019287,5.843548774719238,-0.16227120161056519
RES-701-1_p3WD,9.394158363342285,4.030627250671387,6.676454067230225,-0.17555299401283264
RES-701-1_p3WE,9.20678424835205,4.095849990844727,6.590044975280762,0.23021471500396729
RES-701-1_p3WF,11.007575035095215,4.472690582275391,7.563992500305176,-0.09264097362756729
RES-701-1_p3WG,9.707547187805176,4.16144323348999,6.8817458152771,-0.1689971685409546
RES-701-1_p3WH,10.475865364074707,4.326416969299316,7.282401084899902,-0.17549178004264832
RES-701-1_p3WI,10.605452537536621,4.456871032714844,7.424087047576904,0.05179104581475258
RES-701-1_p3WK,9.323291778564453,4.204047203063965,6.711008548736572,0.29994380474090576
RES-701-1_p3WL,9.975371360778809,4.350413799285889,7.117196083068848,0.006009258329868317
RES-701-1_p3WM,9.997590065002441,4.365647792816162,7.137030601501465,-0.02967182546854019
RES-701-1_p3WN,9.818044662475586,4.248027324676514,6.994417190551758,-0.12219824641942978
RES-701-1_p3WP,9.937393188476562,4.356846809387207,7.086600303649902,0.21292340755462646
RES-701-1_p3WQ,10.06434154510498,4.4012370109558105,7.181069850921631,0.14524048566818237
RES-701-1_p3WR,10.021034240722656,4.297901630401611,7.10336446762085,0.0633314847946167
RES-701-1_p3WS,10.094841957092285,4.407519817352295,7.202969074249268,-0.009344510734081268
RES-701-1_p3WT,9.722286224365234,4.404428958892822,7.011951446533203,0.018094077706336975
RES-701-1_p3WV,10.407292366027832,4.540900230407715,7.401870250701904,0.22696462273597717
RES-701-1_p3WY,10.569380760192871,4.2070207595825195,7.2153000831604,-0.40721920132637024
RES-701-1_p4HA,10.36731243133545,4.352698802947998,7.261713981628418,-0.1263820230960846
RES-701-1_p4HC,7.164776802062988,3.1520001888275146,5.189555644989014,-0.7183736562728882
RES-701-1_p4HD,8.94095230102539,3.4795939922332764,6.072676181793213,-0.7373034954071045
RES-701-1_p4HE,9.716729164123535,3.8458125591278076,6.610983371734619,-0.4272404611110687
RES-701-1_p4HF,9.958320617675781,3.852752447128296,6.7236480712890625,-0.5600821375846863
RES-701-1_p4HG,10.151379585266113,3.981414556503296,6.895521640777588,-0.5221964120864868
RES-701-1_p4HI,10.592650413513184,4.197767734527588,7.204344749450684,-0.2640705704689026
RES-701-1_p4HK,9.77271842956543,3.917456865310669,6.687140464782715,-0.24862229824066162
RES-701-1_p4HL,10.138649940490723,4.067071914672852,6.933718681335449,-0.2641473114490509
RES-701-1_p4HM,9.815947532653809,3.9715569019317627,6.758961200714111,-0.4125683009624481
RES-701-1_p4HN,9.235824584960938,3.6002960205078125,6.271674633026123,-0.7165563702583313
RES-701-1_p4HP,10.297476768493652,4.264979362487793,7.152224063873291,0.06671955436468124
RES-701-1_p4HQ,10.440570831298828,4.146849632263184,7.111787796020508,-0.32681405544281006
RES-701-1_p4HR,10.500821113586426,4.118479251861572,7.104511260986328,-0.37983086705207825
RES-701-1_p4HS,10.243144035339355,4.060182094573975,6.982616901397705,-0.4117748439311981
RES-701-1_p4HT,10.306723594665527,4.127115249633789,7.058833599090576,-0.41776391863822937
RES-701-1_p4HV,10.811078071594238,4.376697063446045,7.417670726776123,-0.10856614261865616
RES-701-1_p4HW,9.405234336853027,3.5751590728759766,6.320339679718018,-0.7523270845413208
RES-701-1_p4HY,9.883545875549316,3.7163233757019043,6.614112854003906,-0.8484063744544983
RES-701-1_p5GA,10.494948387145996,4.23077392578125,7.185413360595703,-0.053630657494068146
RES-701-1_p5GC,7.508408546447754,3.3681833744049072,5.424310207366943,-0.3975767493247986
RES-701-1_p5GD,8.960127830505371,3.4204275608062744,6.0090651512146,-0.5577452182769775
RES-701-1_p5GE,9.373712539672852,3.644357204437256,6.314476490020752,-0.23728418350219727
RES-701-1_p5GF,10.215337753295898,3.9586501121520996,6.874133110046387,-0.28180834650993347
RES-701-1_p5GH,9.686928749084473,3.7141568660736084,6.508327484130859,-0.5817103385925293
RES-701-1_p5GI,11.004870414733887,4.37078857421875,7.453738689422607,0.20355519652366638
RES-701-1_p5GK,9.10538387298584,3.5897672176361084,6.1866583824157715,-0.19516777992248535
RES-701-1_p5GL,10.348891258239746,4.122627258300781,7.029503345489502,0.10668490827083588
RES-701-1_p5GM,10.410935401916504,4.159823894500732,7.08955717086792,-0.11747454851865768
RES-701-1_p5GN,9.36467170715332,3.631056308746338,6.327728748321533,-0.5815475583076477
RES-701-1_p5GP,9.467728614807129,3.755316734313965,6.450199127197266,-0.2283327281475067
RES-701-1_p5GQ,9.996005058288574,3.9032785892486572,6.751772403717041,-0.3363019824028015
RES-701-1_p5GR,9.82282829284668,3.810850143432617,6.61983060836792,-0.42871174216270447
RES-701-1_p5GS,9.987757682800293,3.9195315837860107,6.768060207366943,-0.36973074078559875
RES-701-1_p5GT,10.22118091583252,4.04332971572876,6.950284957885742,-0.3581993579864502
RES-701-1_p5GV,11.05924129486084,4.436295032501221,7.523482799530029,0.2358643114566803
RES-701-1_p5GW,8.428711891174316,3.1261351108551025,5.609591484069824,-0.9537643194198608
RES-701-1_p5GY,9.59742259979248,3.62381911277771,6.4111762046813965,-0.723990261554718
RES-701-1_p6TA,10.452971458435059,4.051593780517578,7.058574199676514,-0.5510473251342773
RES-701-1_p6TC,6.78355073928833,2.633075714111328,4.686533451080322,-1.0753402709960938
RES-701-1_p6TD,9.06330394744873,3.4137802124023438,6.06831693649292,-0.878331184387207
RES-701-1_p6TE,9.762349128723145,3.7619407176971436,6.5680413246154785,-0.5066416263580322
RES-701-1_p6TF,8.645392417907715,3.1567490100860596,5.7229905128479,-1.0591102838516235
RES-701-1_p6TG,9.595236778259277,3.6528830528259277,6.450626373291016,-0.7695010900497437
RES-701-1_p6TH,8.616914749145508,3.1349871158599854,5.7045464515686035,-1.1508240699768066
RES-701-1_p6TI,9.958174705505371,3.8050973415374756,6.6812920570373535,-0.5349608659744263
RES-701-1_p6TK,9.304573059082031,3.6223361492156982,6.296700477600098,-0.4608508050441742
RES-701-1_p6TL,9.806805610656738,3.755678176879883,6.58812141418457,-0.582466185092926
RES-701-1_p6TM,9.695418357849121,3.7169620990753174,6.523410797119141,-0.681695818901062
RES-701-1_p6TN,9.152161598205566,3.4555552005767822,6.142422676086426,-0.92158043384552
RES-701-1_p6TP,9.658320426940918,3.7097651958465576,6.49636697769165,-0.5696290135383606
RES-701-1_p6TQ,9.923484802246094,3.8169116973876953,6.6804070472717285,-0.5959978103637695
RES-701-1_p6TR,9.591986656188965,3.642836093902588,6.4331159591674805,-0.784997284412384
RES-701-1_p6TS,10.143301010131836,3.894608736038208,6.826041221618652,-0.6246309280395508
RES-701-1_p6TV,10.235124588012695,3.9695475101470947,6.901735782623291,-0.45310547947883606
RES-701-1_p6TW,6.921804428100586,2.3551461696624756,4.501619815826416,-1.4762780666351318
RES-701-1_p6TY,7.472228050231934,2.5694327354431152,4.860289573669434,-1.420350432395935
RES-701-1_p7AC,6.814424991607666,2.9106454849243164,4.89702844619751,-0.78434818983078
RES-701-1_p7AD,9.024151802062988,3.3897249698638916,6.04313325881958,-0.9674098491668701
RES-701-1_p7AE,9.761129379272461,3.7919485569000244,6.583495140075684,-0.46862730383872986
RES-701-1_p7AF,9.957371711730957,3.7896883487701416,6.666698932647705,-0.5235788226127625
RES-701-1_p7AG,9.647183418273926,3.7198972702026367,6.511508464813232,-0.6325894594192505
RES-701-1_p7AH,9.505167007446289,3.561750888824463,6.344388008117676,-0.8701711893081665
RES-701-1_p7AI,9.919404029846191,3.7963404655456543,6.6532721519470215,-0.3525056540966034
RES-701-1_p7AK,9.48908805847168,3.677638292312622,6.4034295082092285,-0.48880067467689514
RES-701-1_p7AL,9.465682029724121,3.632197141647339,6.365662574768066,-0.570918083190918
RES-701-1_p7AM,9.612421035766602,3.6845648288726807,6.458423614501953,-0.5774105787277222
RES-701-1_p7AN,9.246167182922363,3.4701786041259766,6.189798355102539,-0.9595764875411987
RES-701-1_p7AP,9.449700355529785,3.749941349029541,6.437745571136475,-0.20549750328063965
RES-701-1_p7AQ,10.213004112243652,3.953723430633545,6.884472370147705,-0.5146275758743286
RES-701-1_p7AR,9.765244483947754,3.7166430950164795,6.546566963195801,-0.6883045434951782
RES-701-1_p7AS,10.092330932617188,3.8689823150634766,6.788997173309326,-0.6475958824157715
RES-701-1_p7AT,10.412399291992188,4.0052170753479,7.010440349578857,-0.6181122660636902
RES-701-1_p7AV,10.299033164978027,3.984421968460083,6.932347297668457,-0.34531983733177185
RES-701-1_p7AW,7.795689105987549,2.779515504837036,5.134467124938965,-1.2227011919021606
RES-701-1_p7AY,8.969473838806152,3.294870138168335,5.955750942230225,-0.9932194948196411
RES-701-1_p8PA,10.77060317993164,4.207828521728516,7.300972938537598,-0.6558310389518738
RES-701-1_p8PC,8.106502532958984,3.227304697036743,5.619126796722412,-1.1184484958648682
RES-701-1_p8PD,10.473861694335938,4.0129852294921875,7.052749156951904,-0.8415866494178772
RES-701-1_p8PE,10.864153861999512,4.242931842803955,7.351569652557373,-0.5073980093002319
RES-701-1_p8PF,10.085975646972656,3.9104793071746826,6.809866428375244,-0.6278197765350342
RES-701-1_p8PG,9.693365097045898,3.6778242588043213,6.521210670471191,-0.9579006433486938
RES-701-1_p8PH,10.535585403442383,4.054697513580322,7.103770732879639,-0.6886792182922363
RES-701-1_p8PI,10.703047752380371,4.129967212677002,7.2117767333984375,-0.5250141620635986
RES-701-1_p8PK,10.71446418762207,4.215211391448975,7.2715163230896,-0.4324606955051422
RES-701-1_p8PL,10.359403610229492,4.024680137634277,7.003232479095459,-0.6264917254447937
RES-701-1_p8PM,10.111991882324219,3.92928409576416,6.838014602661133,-0.6710611581802368
RES-701-1_p8PN,10.534392356872559,4.064575672149658,7.112820148468018,-0.7715126276016235
RES-701-1_p8PQ,10.955021858215332,4.29633092880249,7.423672676086426,-0.46434924006462097
RES-701-1_p8PR,10.841955184936523,4.181370258331299,7.311152935028076,-0.6214486360549927
RES-701-1_p8PS,10.629853248596191,4.082238674163818,7.16014289855957,-0.7816329002380371
RES-701-1_p8PT,10.661016464233398,4.122890949249268,7.201483249664307,-0.7366898059844971
RES-701-1_p8PV,10.794373512268066,4.207629680633545,7.299213409423828,-0.49627646803855896
RES-701-1_p8PW,8.313837051391602,3.114720582962036,5.588444709777832,-1.1363649368286133
RES-701-1_p8PY,9.469134330749512,3.519676446914673,6.324392318725586,-1.0655862092971802
RES-701-1_p9DA,8.231887817382812,3.386975049972534,5.754086494445801,-0.41454437375068665
RES-701-1_p9DC,5.330660343170166,2.830514669418335,4.138941287994385,-0.43305835127830505
RES-701-1_p9DE,10.460200309753418,4.139389991760254,7.112767219543457,-0.337166965007782
RES-701-1_p9DF,8.985767364501953,3.4532058238983154,6.055984973907471,-0.5330877304077148
RES-701-1_p9DG,8.399775505065918,3.2384440898895264,5.698000431060791,-0.7750652432441711
RES-701-1_p9DH,9.110865592956543,3.5548689365386963,6.185679912567139,-0.4336705505847931
RES-701-1_p9DI,8.669625282287598,3.349546194076538,5.853140354156494,-0.38303813338279724
RES-701-1_p9DK,7.8267035484313965,3.178391695022583,5.444484233856201,-0.33028993010520935
RES-701-1_p9DL,7.800994396209717,3.1308133602142334,5.396927356719971,-0.45362767577171326
RES-701-1_p9DM,8.352799415588379,3.3337695598602295,5.741752624511719,-0.3937253952026367
RES-701-1_p9DN,8.769423484802246,3.4239165782928467,5.959801197052002,-0.6219891309738159
RES-701-1_p9DP,7.791985988616943,3.2444207668304443,5.480902194976807,-0.192128986120224
RES-701-1_p9DQ,8.64643383026123,3.4658658504486084,5.953780651092529,-0.43978092074394226
RES-701-1_p9DR,8.388075828552246,3.250936508178711,5.692067623138428,-0.5874929428100586
RES-701-1_p9DS,8.084294319152832,3.1360437870025635,5.4997148513793945,-0.690057635307312
RES-701-1_p9DT,8.252620697021484,3.2698793411254883,5.667983531951904,-0.6396588683128357
RES-701-1_p9DV,8.59133529663086,3.3772976398468018,5.852960109710693,-0.3741723597049713
RES-701-1_p9DW,7.784503936767578,2.934877395629883,5.23976469039917,-0.8096295595169067
RES-701-1_p9DY,8.728575706481934,3.285341501235962,5.834539890289307,-0.7048577070236206
RES-701-1_p10WA,10.083785057067871,4.344653129577637,7.169250965118408,-0.13320493698120117
RES-701-1_p10WC,7.700170040130615,3.7364163398742676,5.757923603057861,-0.17704856395721436
RES-701-1_p10WD,10.111538887023926,4.171376705169678,7.039837837219238,-0.3476710021495819
RES-701-1_p10WE,9.769455909729004,4.217820644378662,6.9211554527282715,0.046787749975919724
RES-701-1_p10WF,11.239960670471191,4.459840297698975,7.6350908279418945,-0.2307969033718109
RES-701-1_p10WG,9.762202262878418,3.9795525074005127,6.751449108123779,-0.37475839257240295
RES-701-1_p10WH,10.201654434204102,4.20099401473999,7.073983192443848,-0.18998634815216064
RES-701-1_p10WI,11.223395347595215,4.531642436981201,7.6794047355651855,0.004168681800365448
RES-701-1_p10WK,9.367915153503418,4.109434604644775,6.694310665130615,0.03689917176961899
RES-701-1_p10WL,10.454907417297363,4.364441394805908,7.292343616485596,0.03003852069377899
RES-701-1_p10WM,10.449737548828125,4.411703586578369,7.3413825035095215,-0.0614478662610054
RES-701-1_p10WN,10.198087692260742,4.236627101898193,7.114817142486572,-0.25059252977371216
RES-701-1_p10WP,9.29389762878418,3.9030754566192627,6.5326128005981445,-0.21282032132148743
RES-701-1_p10WQ,10.14940357208252,4.323553562164307,7.166046142578125,-0.013991691172122955
RES-701-1_p10WR,10.450617790222168,4.298035621643066,7.237751007080078,-0.13077116012573242
RES-701-1_p10WS,10.495835304260254,4.291452407836914,7.263728141784668,-0.24124488234519958
RES-701-1_p10WT,10.434287071228027,4.424826622009277,7.3514862060546875,-0.07974744588136673
RES-701-1_p10WV,10.870020866394043,4.522812366485596,7.560577869415283,0.10748180747032166
RES-701-1_p10WY,11.001803398132324,4.311126232147217,7.451772689819336,-0.4127982556819916
RES-701-1_p11FA,8.198507308959961,3.573472738265991,5.896398067474365,-0.5667258501052856
RES-701-1_p11FC,5.450084209442139,2.7740771770477295,4.209905624389648,-0.8319718837738037
RES-701-1_p11FD,8.00633716583252,3.217310905456543,5.563518047332764,-0.9208970069885254
RES-701-1_p11FE,7.902067184448242,3.3048484325408936,5.587194442749023,-0.6140035390853882
RES-701-1_p11FG,8.395524024963379,3.3955652713775635,5.83218240737915,-0.7713394165039062
RES-701-1_p11FH,8.711398124694824,3.4059693813323975,5.939148902893066,-0.8203784227371216
RES-701-1_p11FI,9.596951484680176,3.8224432468414307,6.56425142288208,-0.48767468333244324
RES-701-1_p11FK,7.0304856300354,3.2532193660736084,5.159719467163086,-0.43324044346809387
RES-701-1_p11FL,8.794676780700684,3.591996192932129,6.126819133758545,-0.6281795501708984
RES-701-1_p11FM,8.32726764678955,3.430022954940796,5.843156337738037,-0.7611913681030273
RES-701-1_p11FN,8.053096771240234,3.314570188522339,5.654594898223877,-0.827008843421936
RES-701-1_p11FP,7.786750793457031,3.2995173931121826,5.528818607330322,-0.45826461911201477
RES-701-1_p11FQ,8.734315872192383,3.5936877727508545,6.099573612213135,-0.5997655391693115
RES-701-1_p11FR,8.934223175048828,3.594644784927368,6.164566993713379,-0.6601203680038452
RES-701-1_p11FS,8.306841850280762,3.4308688640594482,5.8317551612854,-0.6830681562423706
RES-701-1_p11FT,8.376546859741211,3.573828935623169,5.974415302276611,-0.6390441656112671
RES-701-1_p11FV,9.244746208190918,3.7949750423431396,6.43201208114624,-0.4250508248806
RES-701-1_p11FW,8.904325485229492,3.4516851902008057,6.052744388580322,-0.8508845567703247
RES-701-1_p11FY,9.31796646118164,3.571476697921753,6.297272205352783,-0.8276686668395996
RES-701-1_p12FA,8.25632381439209,3.488919734954834,5.867409706115723,-0.6533483266830444
RES-701-1_p12FC,5.482548713684082,2.773826837539673,4.2199320793151855,-0.8049511909484863
RES-701-1_p12FD,7.41060209274292,2.788339376449585,5.006470203399658,-1.1068713665008545
RES-701-1_p12FE,7.804681777954102,3.1352925300598145,5.413543701171875,-0.6554631590843201
RES-701-1_p12FG,7.368751049041748,2.730848550796509,4.967466354370117,-1.193071722984314
RES-701-1_p12FH,9.016280174255371,3.5218007564544678,6.133767127990723,-0.7436621189117432
RES-701-1_p12FI,10.427596092224121,4.129550457000732,7.0821709632873535,-0.2289557158946991
RES-701-1_p12FK,7.166293621063232,3.1834685802459717,5.174934387207031,-0.37249115109443665
RES-701-1_p12FL,9.5698823928833,3.832321882247925,6.561269283294678,-0.4442764222621918
RES-701-1_p12FM,9.279088973999023,3.800197124481201,6.452805995941162,-0.548497200012207
RES-701-1_p12FN,7.9186110496521,3.114333391189575,5.447366237640381,-0.9665226936340332
RES-701-1_p12FP,8.068305969238281,3.2951650619506836,5.6301798820495605,-0.46119675040245056
RES-701-1_p12FQ,9.01933765411377,3.635911226272583,6.222492694854736,-0.5672690868377686
RES-701-1_p12FR,8.738635063171387,3.4804224967956543,5.998020648956299,-0.5755728483200073
RES-701-1_p12FS,8.21556568145752,3.360058069229126,5.742468357086182,-0.6927387714385986
RES-701-1_p12FT,8.726763725280762,3.606757879257202,6.113155364990234,-0.5938124060630798
RES-701-1_p12FV,9.8246431350708,3.962923049926758,6.753486156463623,-0.29757562279701233
RES-701-1_p12FW,8.653411865234375,3.272247076034546,5.829563617706299,-0.9950319528579712
RES-701-1_p12FY,9.521574974060059,3.654235363006592,6.429699897766113,-0.802024781703949
RES-701-1_p13NA,11.579874992370605,4.700671672821045,7.952418804168701,0.01971408724784851
RES-701-1_p13NC,9.1224946975708,3.777216672897339,6.382655620574951,-0.4745121896266937
RES-701-1_p13ND,10.119851112365723,3.8919544219970703,6.81083869934082,-0.6681577563285828
RES-701-1_p13NE,10.4395112991333,4.094351291656494,7.051681995391846,-0.2726694345474243
RES-701-1_p13NF,12.482577323913574,4.874904155731201,8.40757942199707,-0.0911349430680275
RES-701-1_p13NG,10.677225112915039,4.146971225738525,7.215907573699951,-0.5705188512802124
RES-701-1_p13NH,11.117313385009766,4.3304443359375,7.504335403442383,-0.33320730924606323
RES-701-1_p13NI,11.921170234680176,4.721065998077393,8.06329345703125,0.14266356825828552
RES-701-1_p13NK,10.555249214172363,4.211174011230469,7.191906452178955,-0.1352790892124176
RES-701-1_p13NL,11.51914119720459,4.608921527862549,7.835339069366455,0.09499339014291763
RES-701-1_p13NM,11.378512382507324,4.582247734069824,7.7826385498046875,0.022841110825538635
RES-701-1_p13NP,11.057236671447754,4.4396538734436035,7.544022083282471,0.08658860623836517
RES-701-1_p13NQ,11.185696601867676,4.436084747314453,7.598256587982178,-0.18964329361915588
RES-701-1_p13NR,11.070591926574707,4.369312286376953,7.501895904541016,-0.20175841450691223
RES-701-1_p13NS,11.024352073669434,4.3571858406066895,7.48554801940918,-0.25484415888786316
RES-701-1_p13NT,11.47596263885498,4.5724616050720215,7.814126014709473,-0.1174238994717598
RES-701-1_p13NV,12.031487464904785,4.810702800750732,8.176579475402832,0.2438974678516388
RES-701-1_p13NW,10.837797164916992,4.165401935577393,7.285470485687256,-0.5210936069488525
RES-701-1_p13NY,11.427177429199219,4.391719341278076,7.6760573387146,-0.44855913519859314
RES-701-1_p14YA,10.068582534790039,4.47174596786499,7.2212395668029785,0.16396856307983398
RES-701-1_p14YC,8.49769115447998,3.7196569442749023,6.0787034034729,-0.23302814364433289
RES-701-1_p14YD,9.317952156066895,3.80656099319458,6.461358070373535,-0.4785124957561493
RES-701-1_p14YE,9.70624828338623,4.112025737762451,6.848384857177734,0.06114824488759041
RES-701-1_p14YF,11.599087715148926,4.5859832763671875,7.858540058135986,-0.16823312640190125
RES-701-1_p14YG,9.734440803527832,3.884932279586792,6.66740608215332,-0.5485496520996094
RES-701-1_p14YH,10.345973014831543,4.19885778427124,7.120541095733643,-0.18505477905273438
RES-701-1_p14YI,10.933419227600098,4.4397807121276855,7.499225616455078,0.12083829939365387
RES-701-1_p14YK,9.368123054504395,4.198064804077148,6.728074073791504,0.3366893231868744
RES-701-1_p14YL,10.136648178100586,4.302143096923828,7.139586925506592,0.10264502465724945
RES-701-1_p14YM,10.288235664367676,4.354104518890381,7.232056140899658,0.046101175248622894
RES-701-1_p14YN,9.611084938049316,3.99729585647583,6.714782238006592,-0.30798450112342834
RES-701-1_p14YP,10.36034870147705,4.488492012023926,7.33643102645874,0.5141803026199341
RES-701-1_p14YQ,10.62500286102295,4.450368404388428,7.418765544891357,0.11027135699987411
RES-701-1_p14YR,10.170805931091309,4.322473526000977,7.171000003814697,0.2036624252796173
RES-701-1_p14YS,9.966133117675781,4.197404384613037,7.00417947769165,-0.11208970099687576
RES-701-1_p14YT,10.154341697692871,4.419351577758789,7.238801956176758,0.037616558372974396
RES-701-1_p14YV,11.008919715881348,4.567824840545654,7.6392741203308105,0.2144419550895691
RES-701-1_p14YW,10.616783142089844,4.127553462982178,7.169435024261475,-0.4428739845752716
RES-701-1_p15YA,9.59878921508789,4.0949482917785645,6.792741298675537,0.010522641241550446
RES-701-1_p15YC,8.746708869934082,3.813993453979492,6.2240471839904785,0.01830849051475525
RES-701-1_p15YD,9.18838119506836,3.5916225910186768,6.22815465927124,-0.6697958111763
RES-701-1_p15YE,9.412364959716797,3.876267433166504,6.5541205406188965,0.10296197235584259
RES-701-1_p15YF,10.92050552368164,4.294305324554443,7.389553070068359,-0.3663977086544037
RES-701-1_p15YG,9.557324409484863,3.762601613998413,6.495372295379639,-0.5496457815170288
RES-701-1_p15YH,10.0718994140625,3.9885458946228027,6.841782569885254,-0.33553746342658997
RES-701-1_p15YI,10.178020477294922,4.062244415283203,6.928335666656494,-0.1617530882358551
RES-701-1_p15YK,8.711470603942871,3.7998268604278564,6.194314956665039,0.34153109788894653
RES-701-1_p15YL,9.906399726867676,4.120324611663818,6.917604923248291,-0.0158083513379097
RES-701-1_p15YM,10.134650230407715,4.187005043029785,7.0506911277771,0.06443006545305252
RES-701-1_p15YN,9.561285972595215,3.791626214981079,6.514688014984131,-0.4704565703868866
RES-701-1_p15YP,9.91170883178711,4.075237274169922,6.875484943389893,0.130178302526474
RES-701-1_p15YQ,10.218804359436035,4.154446125030518,7.036009311676025,0.07173570990562439
RES-701-1_p15YR,9.936018943786621,4.036287307739258,6.845139026641846,0.06569768488407135
RES-701-1_p15YS,9.65390682220459,3.8434677124023438,6.583798885345459,-0.3287980854511261
RES-701-1_p15YT,9.398089408874512,3.814453363418579,6.486539363861084,-0.3876418471336365
RES-701-1_p15YV,10.210660934448242,4.172285556793213,7.050078868865967,0.014837704598903656
RES-701-1_p15YW,10.072478294372559,3.932968854904175,6.828962326049805,-0.539108157157898
RES-701-1_p16WA,10.717320442199707,4.4757280349731445,7.471936225891113,0.09286689013242722
RES-701-1_p16WC,9.326685905456543,3.9888880252838135,6.5947794914245605,-0.2006392776966095
RES-701-1_p16WD,10.282561302185059,4.161101818084717,7.058691501617432,-0.10934359580278397
RES-701-1_p16WE,10.3252534866333,4.279872894287109,7.188133716583252,0.28733211755752563
RES-701-1_p16WF,11.112071990966797,4.420844554901123,7.552679061889648,-0.20080870389938354
RES-701-1_p16WG,10.608078956604004,4.229572772979736,7.23020601272583,-0.23503810167312622
RES-701-1_p16WH,10.552163124084473,4.338845252990723,7.2994771003723145,0.12229110300540924
RES-701-1_p16WI,11.264283180236816,4.587456226348877,7.735705375671387,0.18603166937828064
RES-701-1_p16WK,9.562195777893066,4.272489070892334,6.825470447540283,0.6417031288146973
RES-701-1_p16WL,11.009190559387207,4.5293145179748535,7.607430934906006,0.19531744718551636
RES-701-1_p16WM,10.96018123626709,4.520206928253174,7.5951666831970215,0.10878090560436249
RES-701-1_p16WN,10.490349769592285,4.346765041351318,7.295370101928711,0.0327567495405674
RES-701-1_p16WP,10.7138032913208,4.445510387420654,7.443139553070068,0.2803940773010254
RES-701-1_p16WQ,10.864758491516113,4.532156467437744,7.565992832183838,0.3242627680301666
RES-701-1_p16WR,10.692968368530273,4.450466156005859,7.444882392883301,0.32118621468544006
RES-701-1_p16WS,10.529680252075195,4.377171516418457,7.329613208770752,0.0445815809071064
RES-701-1_p16WT,10.625714302062988,4.482578754425049,7.450531482696533,0.12115871906280518
RES-701-1_p16WV,11.467303276062012,4.700847625732422,7.9020256996154785,0.27177754044532776
RES-701-1_p16WY,11.047053337097168,4.370248317718506,7.492791175842285,-0.2108372151851654
Chaxapeptin_p1GA,-8.924283027648926,-3.2136006355285645,-5.641078472137451,-2.3672780990600586
Chaxapeptin_p1GC,-1.009668231010437,0.6209673881530762,-0.011716656386852264,-1.8209649324417114
Chaxapeptin_p1GD,0.37482205033302307,1.0887532234191895,0.8619718551635742,-0.15756353735923767
Chaxapeptin_p1GE,1.101493000984192,1.1572307348251343,1.2134591341018677,0.40525051951408386
Chaxapeptin_p1GF,2.9322469234466553,1.8737883567810059,2.419828414916992,0.47141513228416443
Chaxapeptin_p1GH,3.6090025901794434,1.8854705095291138,2.8098933696746826,-0.6249123215675354
Chaxapeptin_p1GI,1.7561975717544556,1.2472249269485474,1.5230274200439453,0.645989179611206
Chaxapeptin_p1GK,3.2467291355133057,1.725697636604309,2.514575242996216,0.4389425814151764
Chaxapeptin_p1GL,2.5256075859069824,1.6966079473495483,2.146451234817505,0.20256829261779785
Chaxapeptin_p1GM,0.10350831598043442,1.0474483966827393,0.6754293441772461,0.4495124816894531
Chaxapeptin_p1GN,2.125332832336426,1.3824416399002075,1.784369707107544,0.592843770980835
Chaxapeptin_p1GP,1.9782191514968872,1.5739223957061768,1.8793296813964844,0.06828401237726212
Chaxapeptin_p1GQ,2.8816494941711426,1.4821616411209106,2.228808879852295,0.1600467562675476
Chaxapeptin_p1GR,1.5656979084014893,1.3894188404083252,1.563188910484314,0.6563745737075806
Chaxapeptin_p1GS,0.5509766936302185,0.993034839630127,0.8809496760368347,0.53205806016922
Chaxapeptin_p1GT,0.05808406323194504,0.8704832792282104,0.597500205039978,0.6502822637557983
Chaxapeptin_p1GV,-1.3843791484832764,0.5685881972312927,-0.31510400772094727,0.5419222116470337
Chaxapeptin_p1GW,2.994114637374878,1.8640369176864624,2.533329486846924,-0.8701079487800598
Chaxapeptin_p1GY,4.196188449859619,2.1357128620147705,3.201003074645996,0.034172527492046356
Chaxapeptin_p2FA,0.23613831400871277,1.2802072763442993,0.8171013593673706,0.9200295209884644
Chaxapeptin_p2FC,-4.007846355438232,-0.4898814260959625,-2.0948331356048584,0.7063109278678894
Chaxapeptin_p2FD,0.747033953666687,1.386967658996582,1.1477007865905762,0.7262954711914062
Chaxapeptin_p2FE,0.12074335664510727,1.1595593690872192,0.7189614772796631,0.7711146473884583
Chaxapeptin_p2FG,2.1074399948120117,1.9123610258102417,2.072601318359375,0.8584080338478088
Chaxapeptin_p2FH,2.5394699573516846,2.1203441619873047,2.3865840435028076,0.5299238562583923
Chaxapeptin_p2FI,2.0290915966033936,1.963062047958374,2.03710675239563,0.8498595952987671
Chaxapeptin_p2FK,0.09259083122015,1.1806236505508423,0.7073417901992798,0.767871081829071
Chaxapeptin_p2FL,-0.5346932411193848,0.9718037843704224,0.2981489896774292,0.6917026042938232
Chaxapeptin_p2FM,0.2029227316379547,1.256769061088562,0.7868558168411255,0.8343836069107056
Chaxapeptin_p2FN,1.1573970317840576,1.6326237916946411,1.4466358423233032,0.6885415315628052
Chaxapeptin_p2FP,0.4688287377357483,1.3723939657211304,0.9740593433380127,0.7913994789123535
Chaxapeptin_p2FQ,0.7234402298927307,1.4899541139602661,1.1571811437606812,0.6944751143455505
Chaxapeptin_p2FR,2.013075113296509,1.9587366580963135,2.0274593830108643,0.6223726868629456
Chaxapeptin_p2FS,0.691959023475647,1.44412100315094,1.1268733739852905,0.7451876401901245
Chaxapeptin_p2FT,0.27717113494873047,1.3331233263015747,0.8629841804504395,0.7705520391464233
Chaxapeptin_p2FV,1.1372524499893188,1.619041085243225,1.4252455234527588,0.9151870012283325
Chaxapeptin_p2FW,2.0897440910339355,1.873069405555725,2.0588338375091553,0.3991498053073883
Chaxapeptin_p2FY,3.4098801612854004,2.3471250534057617,2.9252517223358154,0.3758552670478821
Chaxapeptin_p3GA,1.1801944971084595,1.6492809057235718,1.4624383449554443,0.7270686626434326
Chaxapeptin_p3GC,-2.095933198928833,0.2921029329299927,-0.781497061252594,0.4976940453052521
Chaxapeptin_p3GD,1.038812279701233,1.4726094007492065,1.3378233909606934,0.573335587978363
Chaxapeptin_p3GE,1.2656956911087036,1.5290228128433228,1.4791265726089478,0.7084436416625977
Chaxapeptin_p3GF,5.062202453613281,2.7865824699401855,3.956738233566284,0.16399145126342773
Chaxapeptin_p3GH,4.358998775482178,2.5945284366607666,3.497168779373169,0.5564016699790955
Chaxapeptin_p3GI,4.205639362335205,2.532299041748047,3.395552396774292,0.5720275640487671
Chaxapeptin_p3GK,2.3181264400482178,1.9206315279006958,2.179304599761963,0.6267538070678711
Chaxapeptin_p3GL,2.7430078983306885,2.0875957012176514,2.47528338432312,0.4384043216705322
Chaxapeptin_p3GM,2.318213939666748,1.9960204362869263,2.216724157333374,0.4719926416873932
Chaxapeptin_p3GN,1.6462935209274292,1.743852138519287,1.7639646530151367,0.5049836039543152
Chaxapeptin_p3GP,2.543604612350464,2.007789373397827,2.343439817428589,0.6697700619697571
Chaxapeptin_p3GQ,2.5708000659942627,2.1039798259735107,2.3888676166534424,0.7079236507415771
Chaxapeptin_p3GR,3.5414748191833496,2.359511613845825,2.9940412044525146,0.5632380247116089
Chaxapeptin_p3GS,2.0880179405212402,1.9279444217681885,2.066068649291992,0.4895166754722595
Chaxapeptin_p3GT,2.1811399459838867,2.0120646953582764,2.1448042392730713,0.6349977850914001
Chaxapeptin_p3GV,3.107440710067749,2.244311571121216,2.7288217544555664,0.7152978181838989
Chaxapeptin_p3GW,5.04289436340332,2.6898107528686523,3.871433973312378,0.1754172146320343
Chaxapeptin_p3GY,5.8750176429748535,2.922663450241089,4.412851333618164,0.10433834791183472
Chaxapeptin_p4SA,1.0014851093292236,1.610568881034851,1.3527233600616455,0.5948328971862793
Chaxapeptin_p4SC,-1.9690450429916382,0.37426984310150146,-0.6831177473068237,0.32421430945396423
Chaxapeptin_p4SD,1.2536853551864624,1.5906473398208618,1.50137197971344,0.2642016112804413
Chaxapeptin_p4SE,1.6664986610412598,1.731337547302246,1.77999746799469,0.3873858153820038
Chaxapeptin_p4SF,4.423913955688477,2.6242916584014893,3.574406862258911,0.11152642965316772
Chaxapeptin_p4SG,3.1258089542388916,2.300107717514038,2.7839605808258057,0.20582500100135803
Chaxapeptin_p4SH,3.3797528743743896,2.3189122676849365,2.907670259475708,0.1063225120306015
Chaxapeptin_p4SI,3.489210844039917,2.4216747283935547,3.000539779663086,0.6476490497589111
Chaxapeptin_p4SK,1.1460579633712769,1.5941593647003174,1.430125117301941,0.5474149584770203
Chaxapeptin_p4SL,1.2454392910003662,1.6181679964065552,1.4996827840805054,0.4634511172771454
Chaxapeptin_p4SM,1.729232907295227,1.8758084774017334,1.8403438329696655,0.5129774808883667
Chaxapeptin_p4SN,1.7784099578857422,1.833839774131775,1.872340202331543,0.4103947579860687
Chaxapeptin_p4SP,1.4363691806793213,1.6837795972824097,1.629024863243103,0.4817725718021393
Chaxapeptin_p4SQ,1.869645357131958,1.8839510679244995,1.9314197301864624,0.43640223145484924
Chaxapeptin_p4SR,2.784576892852783,2.18644118309021,2.551050901412964,0.3621673285961151
Chaxapeptin_p4ST,1.647040843963623,1.846600890159607,1.7917028665542603,0.4358973503112793
Chaxapeptin_p4SV,2.3424489498138428,2.082230567932129,2.259364604949951,0.6220234632492065
Chaxapeptin_p4SW,4.227834224700928,2.517502546310425,3.4242029190063477,0.12584085762500763
Chaxapeptin_p4SY,5.299814701080322,2.805410385131836,4.112874984741211,-0.0972115620970726
Chaxapeptin_p5KA,1.2491451501846313,1.7248867750167847,1.5297735929489136,0.501905620098114
Chaxapeptin_p5KC,-1.00675368309021,0.7530726194381714,-0.027170784771442413,0.3890827000141144
Chaxapeptin_p5KD,2.2029569149017334,1.8529105186462402,2.140291929244995,-0.15750882029533386
Chaxapeptin_p5KE,2.353039264678955,2.005892038345337,2.258013963699341,0.31741759181022644
Chaxapeptin_p5KF,4.24572229385376,2.4632620811462402,3.4098358154296875,-0.11194071918725967
Chaxapeptin_p5KG,2.8183038234710693,2.2043144702911377,2.5833890438079834,0.3602110743522644
Chaxapeptin_p5KH,4.032998561859131,2.4374160766601562,3.2977607250213623,-0.18015852570533752
Chaxapeptin_p5KI,3.2393574714660645,2.2985665798187256,2.83390736579895,0.5680864453315735
Chaxapeptin_p5KL,1.23808753490448,1.5873173475265503,1.4967459440231323,0.4481116831302643
Chaxapeptin_p5KM,1.8948205709457397,1.9014698266983032,1.95542573928833,0.2694697380065918
Chaxapeptin_p5KN,1.7611911296844482,1.7441699504852295,1.8570668697357178,-0.061820827424526215
Chaxapeptin_p5KP,2.1364595890045166,1.892033576965332,2.097200393676758,0.5969704389572144
Chaxapeptin_p5KQ,2.1084229946136475,1.9601109027862549,2.0969533920288086,0.3245110809803009
Chaxapeptin_p5KR,3.351149320602417,2.3208353519439697,2.904371500015259,-0.02594185620546341
Chaxapeptin_p5KS,1.929148554801941,1.8691306114196777,1.979683756828308,0.32263872027397156
Chaxapeptin_p5KT,1.7893754243850708,1.9034092426300049,1.8934320211410522,0.42050766944885254
Chaxapeptin_p5KV,2.543933153152466,2.1287448406219482,2.399625778198242,0.5631284117698669
Chaxapeptin_p5KW,4.618786811828613,2.6096413135528564,3.659261703491211,-0.1282196044921875
Chaxapeptin_p5KY,5.168256759643555,2.674023389816284,3.976351737976074,-0.24038198590278625
Chaxapeptin_p6PA,2.2523038387298584,2.1405627727508545,2.223484754562378,0.48020079731941223
Chaxapeptin_p6PC,-1.3269798755645752,0.6477768421173096,-0.23731055855751038,0.07186208665370941
Chaxapeptin_p6PD,1.9859567880630493,1.8680448532104492,2.009922742843628,-0.054527588188648224
Chaxapeptin_p6PE,2.2061588764190674,1.967983603477478,2.1566834449768066,0.2502114176750183
Chaxapeptin_p6PF,5.0800347328186035,2.756406784057617,4.000444412231445,-0.2917322814464569
Chaxapeptin_p6PG,2.1741597652435303,1.9717470407485962,2.146517753601074,0.30127841234207153
Chaxapeptin_p6PH,4.6804022789001465,2.775083065032959,3.7552297115325928,0.08825071156024933
Chaxapeptin_p6PI,3.3707454204559326,2.357875108718872,2.926050901412964,-0.1355050504207611
Chaxapeptin_p6PK,3.2816240787506104,2.380838632583618,2.8773233890533447,0.22931984066963196
Chaxapeptin_p6PL,1.7169291973114014,1.8187973499298096,1.8338186740875244,-0.24774214625358582
Chaxapeptin_p6PM,2.1976752281188965,2.0334365367889404,2.162400245666504,-0.08325941115617752
Chaxapeptin_p6PN,3.3115670680999756,2.4007954597473145,2.921208620071411,0.10550272464752197
Chaxapeptin_p6PQ,3.710566520690918,2.586013078689575,3.20210337638855,0.22479784488677979
Chaxapeptin_p6PR,4.6187214851379395,2.8156979084014893,3.7343201637268066,0.19825327396392822
Chaxapeptin_p6PS,3.2692577838897705,2.4127211570739746,2.897606134414673,0.2593388259410858
Chaxapeptin_p6PT,3.156107187271118,2.466548204421997,2.8360402584075928,0.4113710820674896
Chaxapeptin_p6PV,2.8164703845977783,2.2605183124542236,2.5940141677856445,0.20097661018371582
Chaxapeptin_p6PW,4.810286998748779,2.6341922283172607,3.790754556655884,-0.25061747431755066
Chaxapeptin_p6PY,6.425208568572998,3.0549514293670654,4.803717136383057,-0.23747164011001587
Chaxapeptin_p7LA,1.9491156339645386,2.014397382736206,2.012857437133789,0.3360978364944458
Chaxapeptin_p7LC,-2.0488579273223877,0.359390527009964,-0.7372449636459351,0.1574004888534546
Chaxapeptin_p7LD,3.051162004470825,2.38667368888855,2.760577440261841,0.13886302709579468
Chaxapeptin_p7LE,2.1995296478271484,2.0600836277008057,2.1692569255828857,0.3791315257549286
Chaxapeptin_p7LF,4.348820209503174,2.583860158920288,3.521550416946411,0.06156861037015915
Chaxapeptin_p7LG,3.390967845916748,2.4019615650177,2.963050603866577,0.000606633722782135
Chaxapeptin_p7LH,4.203092098236084,2.652202606201172,3.4689037799835205,0.03752399981021881
Chaxapeptin_p7LI,4.263471603393555,2.6777687072753906,3.4987130165100098,0.2990456223487854
Chaxapeptin_p7LK,1.2034398317337036,1.6148978471755981,1.4739692211151123,0.40309077501296997
Chaxapeptin_p7LM,1.9966589212417603,1.9484978914260864,2.0197253227233887,0.1632045954465866
Chaxapeptin_p7LN,2.685234546661377,2.2266862392425537,2.5045111179351807,0.2779867947101593
Chaxapeptin_p7LP,2.6897408962249756,2.182126760482788,2.491391658782959,0.5438224673271179
Chaxapeptin_p7LQ,3.011392593383789,2.3435187339782715,2.726374626159668,0.37608465552330017
Chaxapeptin_p7LR,3.1287343502044678,2.307152271270752,2.7800190448760986,0.25010159611701965
Chaxapeptin_p7LS,2.8535358905792236,2.266939401626587,2.6169283390045166,0.2037929892539978
Chaxapeptin_p7LT,2.554874897003174,2.222041130065918,2.4229886531829834,0.2746811807155609
Chaxapeptin_p7LV,3.0968499183654785,2.3631880283355713,2.7859203815460205,0.27548572421073914
Chaxapeptin_p7LW,3.7201719284057617,2.313197135925293,3.0804455280303955,-0.12032587081193924
Chaxapeptin_p7LY,5.227639675140381,2.8464629650115967,4.103999137878418,-0.10995600372552872
Chaxapeptin_p8DA,0.47112205624580383,1.3340550661087036,0.9706394672393799,0.3489469587802887
Chaxapeptin_p8DC,-3.4868948459625244,-0.266343355178833,-1.7276748418807983,0.41754046082496643
Chaxapeptin_p8DE,1.0220589637756348,1.5239301919937134,1.3425463438034058,0.6213718056678772
Chaxapeptin_p8DF,4.078458309173584,2.3741252422332764,3.277357339859009,0.2059621512889862
Chaxapeptin_p8DG,2.403650999069214,1.9307106733322144,2.2357020378112793,0.16487854719161987
Chaxapeptin_p8DH,2.8870444297790527,2.0724549293518066,2.5282576084136963,0.16062170267105103
Chaxapeptin_p8DI,3.0065670013427734,2.117779016494751,2.5994749069213867,0.5166829824447632
Chaxapeptin_p8DK,0.36410465836524963,1.1393216848373413,0.8467391729354858,0.34216228127479553
Chaxapeptin_p8DL,1.0418087244033813,1.4348174333572388,1.3147598505020142,0.4206353724002838
Chaxapeptin_p8DM,1.1893529891967773,1.5375206470489502,1.4309054613113403,0.4255114495754242
Chaxapeptin_p8DN,1.1468466520309448,1.5133963823318481,1.4147969484329224,0.2297843098640442
Chaxapeptin_p8DP,0.21274584531784058,1.1234902143478394,0.7721154689788818,0.5433535575866699
Chaxapeptin_p8DQ,1.2918062210083008,1.5739935636520386,1.5167205333709717,0.3161865174770355
Chaxapeptin_p8DR,1.958787202835083,1.7127631902694702,1.910265326499939,0.24668708443641663
Chaxapeptin_p8DS,1.3292332887649536,1.5639387369155884,1.5329409837722778,0.10381348431110382
Chaxapeptin_p8DT,0.9744609594345093,1.5205470323562622,1.3147437572479248,0.18181228637695312
Chaxapeptin_p8DV,1.9974325895309448,1.8390207290649414,1.9832452535629272,0.43804195523262024
Chaxapeptin_p8DW,3.2053282260894775,2.1250619888305664,2.719705104827881,0.21777203679084778
Chaxapeptin_p8DY,4.310205459594727,2.499837636947632,3.4644832611083984,0.1432572454214096
Chaxapeptin_p9SA,1.3901607990264893,1.7866709232330322,1.628159523010254,0.5318639874458313
Chaxapeptin_p9SC,-0.7646525502204895,0.8804250359535217,0.14311543107032776,0.4836808145046234
Chaxapeptin_p9SD,1.7237874269485474,1.8211029767990112,1.8353041410446167,0.29934829473495483
Chaxapeptin_p9SE,1.4885587692260742,1.7349988222122192,1.6673952341079712,0.5323013067245483
Chaxapeptin_p9SF,4.397502422332764,2.6808481216430664,3.5620853900909424,0.471720427274704
Chaxapeptin_p9SG,2.1910810470581055,1.8980320692062378,2.138138771057129,0.07543645054101944
Chaxapeptin_p9SH,2.8258087635040283,2.1690328121185303,2.5632123947143555,0.3982219099998474
Chaxapeptin_p9SI,3.998481035232544,2.6696128845214844,3.3767340183258057,0.6751980781555176
Chaxapeptin_p9SK,0.8755803108215332,1.4968656301498413,1.2474428415298462,0.49925029277801514
Chaxapeptin_p9SL,1.2343411445617676,1.637665867805481,1.4926209449768066,0.6580238342285156
Chaxapeptin_p9SM,1.4604986906051636,1.7816729545593262,1.660110354423523,0.5440420508384705
Chaxapeptin_p9SN,1.892612338066101,1.8946946859359741,1.9503573179244995,0.43162229657173157
Chaxapeptin_p9SP,1.7206190824508667,1.7276993989944458,1.8166202306747437,0.41608449816703796
Chaxapeptin_p9SQ,1.6514345407485962,1.8055583238601685,1.7784489393234253,0.5342947244644165
Chaxapeptin_p9SR,2.5732264518737793,2.0321786403656006,2.3823626041412354,0.19124114513397217
Chaxapeptin_p9ST,1.9071762561798096,1.9736672639846802,1.9756768941879272,0.5443400740623474
Chaxapeptin_p9SV,2.692091226577759,2.265977621078491,2.5095787048339844,0.6430305242538452
Chaxapeptin_p9SW,4.410151958465576,2.675762414932251,3.5731523036956787,0.2734428346157074
Chaxapeptin_p9SY,4.93322229385376,2.893465280532837,3.9283607006073,0.42298582196235657
Chaxapeptin_p10FA,-2.4854722023010254,0.19164356589317322,-1.026676058769226,0.6317723393440247
Chaxapeptin_p10FC,-6.0756659507751465,-1.343826174736023,-3.4984383583068848,0.49066612124443054
Chaxapeptin_p10FD,-1.4609508514404297,0.5904820561408997,-0.33394986391067505,0.30789557099342346
Chaxapeptin_p10FE,-2.8876845836639404,-0.03848118335008621,-1.3294494152069092,0.647057294845581
Chaxapeptin_p10FG,-0.584350049495697,0.9515917897224426,0.2626682221889496,0.49559423327445984
Chaxapeptin_p10FH,0.41080716252326965,1.308198094367981,0.9233845472335815,0.38649001717567444
Chaxapeptin_p10FI,0.8886664509773254,1.5339058637619019,1.2601088285446167,0.7359346151351929
Chaxapeptin_p10FK,-4.729306221008301,-0.785112738609314,-2.578721761703491,0.6369497776031494
Chaxapeptin_p10FL,-1.4530315399169922,0.5751546621322632,-0.3349229395389557,0.6649273633956909
Chaxapeptin_p10FM,-1.8134633302688599,0.4400966465473175,-0.5810180306434631,0.6247860193252563
Chaxapeptin_p10FN,-1.85965096950531,0.43378886580467224,-0.607946515083313,0.5284606218338013
Chaxapeptin_p10FP,-1.6612731218338013,0.47601383924484253,-0.48481687903404236,0.7226043939590454
Chaxapeptin_p10FQ,-2.0133938789367676,0.34703925251960754,-0.7198389768600464,0.6507234573364258
Chaxapeptin_p10FR,-0.568963885307312,0.9314157962799072,0.2611740529537201,0.5483968257904053
Chaxapeptin_p10FS,-1.8225150108337402,0.4390774071216583,-0.5828819274902344,0.5472685694694519
Chaxapeptin_p10FT,-2.0008296966552734,0.3966042697429657,-0.6924340724945068,0.6375764608383179
Chaxapeptin_p10FV,-0.9415584802627563,0.8087005615234375,0.020592890679836273,0.7291922569274902
Chaxapeptin_p10FW,1.9079514741897583,1.852948784828186,1.9534343481063843,0.3204036355018616
Chaxapeptin_p10FY,2.614248514175415,2.0903007984161377,2.430098533630371,0.2181127369403839
Chaxapeptin_p11GA,1.1991878747940063,1.6939133405685425,1.4810255765914917,0.8338364362716675
Chaxapeptin_p11GC,-2.912262201309204,-0.015447758138179779,-1.3285149335861206,0.49065980315208435
Chaxapeptin_p11GD,0.4142608940601349,1.325131893157959,0.9277089238166809,0.6043846607208252
Chaxapeptin_p11GE,0.9411247968673706,1.5220454931259155,1.2816575765609741,0.790004551410675
Chaxapeptin_p11GF,5.982763767242432,3.27191424369812,4.630804538726807,0.5367026329040527
Chaxapeptin_p11GH,4.117085933685303,2.635967969894409,3.402899980545044,0.6100503206253052
Chaxapeptin_p11GI,4.884521484375,2.9726903438568115,3.9185380935668945,0.8816213607788086
Chaxapeptin_p11GK,0.3474162220954895,1.300242304801941,0.8867610096931458,0.7616481184959412
Chaxapeptin_p11GL,2.89557147026062,2.249847173690796,2.6127712726593018,0.7588720917701721
Chaxapeptin_p11GM,2.124654769897461,2.032313585281372,2.098741054534912,0.7937464714050293
Chaxapeptin_p11GN,1.3056683540344238,1.6922482252120972,1.543587327003479,0.6834274530410767
Chaxapeptin_p11GP,0.6270373463630676,1.3407248258590698,1.0549900531768799,0.7558074593544006
Chaxapeptin_p11GQ,2.5482680797576904,2.180467128753662,2.3881664276123047,0.7885720729827881
Chaxapeptin_p11GR,3.386021375656128,2.4499623775482178,2.9556944370269775,0.6761600375175476
Chaxapeptin_p11GS,2.1438612937927246,2.0080678462982178,2.11008358001709,0.6840888261795044
Chaxapeptin_p11GT,2.5134100914001465,2.2017507553100586,2.379572629928589,0.8015679121017456
Chaxapeptin_p11GV,3.203944683074951,2.437342882156372,2.8460028171539307,0.8980168104171753
Chaxapeptin_p11GW,5.191964626312256,2.986496686935425,4.093638896942139,0.25079038739204407
Chaxapeptin_p11GY,6.061418056488037,3.2810757160186768,4.6727800369262695,0.48530057072639465
Chaxapeptin_p12LA,1.4204353094100952,1.8088815212249756,1.6543415784835815,0.19649368524551392
Chaxapeptin_p12LC,-1.0884846448898315,0.7479439973831177,-0.07568307965993881,0.200550377368927
Chaxapeptin_p12LD,1.707274317741394,1.743984580039978,1.8138203620910645,-0.10637698322534561
Chaxapeptin_p12LE,1.533729910850525,1.7478126287460327,1.6984845399856567,0.3061530888080597
Chaxapeptin_p12LF,4.923042297363281,2.7118380069732666,3.877293586730957,-0.09526710957288742
Chaxapeptin_p12LG,2.9861960411071777,2.2251486778259277,2.6844966411590576,-0.01468532532453537
Chaxapeptin_p12LH,3.0913164615631104,2.229665756225586,2.72951602935791,-0.04114378243684769
Chaxapeptin_p12LI,3.809013843536377,2.5420398712158203,3.2100777626037598,0.4768824577331543
Chaxapeptin_p12LK,0.16493189334869385,1.2326372861862183,0.7685050964355469,0.39656874537467957
Chaxapeptin_p12LM,1.710041880607605,1.8665351867675781,1.8288865089416504,0.28712210059165955
Chaxapeptin_p12LN,1.8489850759506226,1.7921055555343628,1.9172579050064087,-0.0845949724316597
Chaxapeptin_p12LP,1.6147900819778442,1.7691375017166138,1.755779504776001,0.48974379897117615
Chaxapeptin_p12LQ,1.3663090467453003,1.7206834554672241,1.595629096031189,0.31928011775016785
Chaxapeptin_p12LR,2.1517460346221924,1.9534298181533813,2.1239235401153564,0.23640847206115723
Chaxapeptin_p12LS,2.012727975845337,1.8746979236602783,2.0273544788360596,-0.07463375478982925
Chaxapeptin_p12LT,1.8551335334777832,1.933135747909546,1.9415130615234375,0.11195165663957596
Chaxapeptin_p12LV,2.9191997051239014,2.315837860107422,2.6643550395965576,0.4170517027378082
Chaxapeptin_p12LW,4.331843376159668,2.516895294189453,3.4947092533111572,-0.3023046553134918
Chaxapeptin_p12LY,5.176402568817139,2.818927526473999,4.069573879241943,-0.14482560753822327
Chaxapeptin_p13NA,1.1114455461502075,1.6688674688339233,1.432405948638916,0.5346729755401611
Chaxapeptin_p13NC,0.5729492902755737,1.3689899444580078,1.051190972328186,0.3068753778934479
Chaxapeptin_p13ND,1.8810460567474365,1.8082302808761597,1.9317649602890015,0.07076496630907059
Chaxapeptin_p13NE,1.3331818580627441,1.6165859699249268,1.5536869764328003,0.5582404732704163
Chaxapeptin_p13NF,5.919191837310791,3.081296920776367,4.52385950088501,0.14910688996315002
Chaxapeptin_p13NG,2.997412919998169,2.1715309619903564,2.6649281978607178,-0.11601617187261581
Chaxapeptin_p13NH,3.706716299057007,2.4488232135772705,3.1202142238616943,0.2479235827922821
Chaxapeptin_p13NI,3.8719708919525146,2.5312039852142334,3.229111433029175,0.62310391664505
Chaxapeptin_p13NK,-0.01781446486711502,1.1404706239700317,0.633362889289856,0.6840333342552185
Chaxapeptin_p13NL,1.991870641708374,1.8849891424179077,2.0029263496398926,0.47653207182884216
Chaxapeptin_p13NM,2.1400129795074463,2.017059803009033,2.118905782699585,0.4861688017845154
Chaxapeptin_p13NP,0.9404328465461731,1.4892412424087524,1.288011908531189,0.6700016260147095
Chaxapeptin_p13NQ,1.5691148042678833,1.7937631607055664,1.7248972654342651,0.596518874168396
Chaxapeptin_p13NR,2.1690337657928467,1.934385061264038,2.1259429454803467,0.42089274525642395
Chaxapeptin_p13NS,2.104306697845459,1.9532575607299805,2.088036060333252,0.392229825258255
Chaxapeptin_p13NT,1.430209755897522,1.7935394048690796,1.6479626893997192,0.5539644360542297
Chaxapeptin_p13NV,2.9764420986175537,2.308973789215088,2.691779851913452,0.5971113443374634
Chaxapeptin_p13NW,4.7705888748168945,2.715702772140503,3.788628339767456,-0.07149574905633926
Chaxapeptin_p13NY,5.960437774658203,3.1115193367004395,4.565104007720947,0.09138170629739761
Chaxapeptin_p14FA,-3.1564691066741943,-0.09684055298566818,-1.4925291538238525,0.7293410301208496
Chaxapeptin_p14FC,-2.6633622646331787,0.07079929858446121,-1.1704210042953491,0.689247727394104
Chaxapeptin_p14FD,-2.233944892883301,0.22996819019317627,-0.8791780471801758,0.5664704442024231
Chaxapeptin_p14FE,-2.807314157485962,-0.011847682297229767,-1.2791849374771118,0.7565115690231323
Chaxapeptin_p14FG,-1.2380589246749878,0.6729775667190552,-0.18673434853553772,0.5584587454795837
Chaxapeptin_p14FH,-0.41739150881767273,0.9899129867553711,0.35798022150993347,0.5288910865783691
Chaxapeptin_p14FI,-0.18468013405799866,1.0873152017593384,0.5223326683044434,0.726838231086731
Chaxapeptin_p14FK,-6.299298286437988,-1.4505029916763306,-3.6662445068359375,0.7110904455184937
Chaxapeptin_p14FL,-1.759883999824524,0.4470484256744385,-0.5464658737182617,0.6813070774078369
Chaxapeptin_p14FM,-1.413308024406433,0.5962097644805908,-0.3092013895511627,0.725682258605957
Chaxapeptin_p14FN,-2.8025102615356445,0.02238762378692627,-1.2569860219955444,0.6984870433807373
Chaxapeptin_p14FP,-3.546535015106201,-0.3137408196926117,-1.7831499576568604,0.7459533214569092
Chaxapeptin_p14FQ,-3.214874505996704,-0.16408514976501465,-1.546167016029358,0.73995041847229
Chaxapeptin_p14FR,-2.4865000247955322,0.1318005919456482,-1.0513554811477661,0.7068126201629639
Chaxapeptin_p14FS,-2.353503465652466,0.19475528597831726,-0.9564758539199829,0.6803598403930664
Chaxapeptin_p14FT,-3.0988152027130127,-0.07304302603006363,-1.4518964290618896,0.7488182187080383
Chaxapeptin_p14FV,-0.9748427867889404,0.7913385629653931,-0.001727081835269928,0.7742979526519775
Chaxapeptin_p14FW,1.5761016607284546,1.7396454811096191,1.727986216545105,0.41344770789146423
Chaxapeptin_p14FY,2.0737814903259277,1.960482120513916,2.07319712638855,0.48758187890052795
Chaxapeptin_p15FA,-1.0633643865585327,0.7635709643363953,-0.057305969297885895,0.8179959058761597
Chaxapeptin_p15FC,-1.9512606859207153,0.39373549818992615,-0.6725138425827026,0.6734216213226318
Chaxapeptin_p15FD,-0.32088059186935425,1.026139259338379,0.4202782213687897,0.7412238717079163
Chaxapeptin_p15FE,-0.9976342916488647,0.732490062713623,-0.04820800572633743,0.7911381721496582
Chaxapeptin_p15FG,0.9048147201538086,1.5183993577957153,1.2674999237060547,0.6112784743309021
Chaxapeptin_p15FH,1.2915281057357788,1.6382571458816528,1.5244346857070923,0.5720956921577454
Chaxapeptin_p15FI,0.9443944692611694,1.5311774015426636,1.2909356355667114,0.677764356136322
Chaxapeptin_p15FK,-2.8054797649383545,-0.01591305434703827,-1.274074912071228,0.7741615772247314
Chaxapeptin_p15FL,-0.29169583320617676,1.0317716598510742,0.44608134031295776,0.6844932436943054
Chaxapeptin_p15FM,0.301484614610672,1.283197283744812,0.8533362150192261,0.6916276216506958
Chaxapeptin_p15FN,-0.4810740649700165,0.9657620191574097,0.318289190530777,0.7296378016471863
Chaxapeptin_p15FP,-0.35288292169570923,1.0021167993545532,0.3978624641895294,0.7884886264801025
Chaxapeptin_p15FQ,-1.3226268291473389,0.6065524816513062,-0.26401907205581665,0.7738176584243774
Chaxapeptin_p15FR,0.6347858905792236,1.3931828737258911,1.0761284828186035,0.6862697005271912
Chaxapeptin_p15FS,-0.6295977830886841,0.9273661375045776,0.23397207260131836,0.6660458445549011
Chaxapeptin_p15FT,-0.2505100667476654,1.0904427766799927,0.4953593909740448,0.6768180131912231
Chaxapeptin_p15FV,0.38580986857414246,1.3263740539550781,0.9113777875900269,0.7511011362075806
Chaxapeptin_p15FW,2.876185655593872,2.1976537704467773,2.6015899181365967,0.21280044317245483
Chaxapeptin_p15FY,3.02061128616333,2.3030662536621094,2.720689058303833,0.4325486123561859
Siamycin-I_p1CA,-3.4291622638702393,-1.6784201860427856,-2.0822174549102783,-2.5808417797088623
Siamycin-I_p1CD,3.451953649520874,1.8615421056747437,2.842097759246826,-1.4532090425491333
Siamycin-I_p1CE,3.8569867610931396,2.030318021774292,3.0456812381744385,-0.9493674039840698
Siamycin-I_p1CF,4.841957092285156,2.3380422592163086,3.6862950325012207,-0.660341203212738
Siamycin-I_p1CG,4.1575541496276855,2.495798349380493,3.4091954231262207,-0.8800026774406433
Siamycin-I_p1CH,4.698054790496826,1.5880473852157593,3.143470287322998,-1.59445321559906
Siamycin-I_p1CI,5.544004917144775,2.595885992050171,4.060396194458008,0.753431499004364
Siamycin-I_p1CK,4.951426029205322,2.1411526203155518,3.6246495246887207,-0.6942124962806702
Siamycin-I_p1CL,5.068447113037109,2.0369458198547363,3.624603748321533,-1.1866165399551392
Siamycin-I_p1CM,3.0723226070404053,1.9245866537094116,2.5977439880371094,-0.8305261135101318
Siamycin-I_p1CN,4.376437664031982,2.0620827674865723,3.2763442993164062,-0.18374142050743103
Siamycin-I_p1CP,4.510831832885742,2.1854190826416016,3.47894024848938,-1.0992892980575562
Siamycin-I_p1CQ,4.400826930999756,1.6153814792633057,3.029378890991211,-1.1159273386001587
Siamycin-I_p1CR,4.186365604400635,2.439216375350952,3.3236348628997803,0.439083456993103
Siamycin-I_p1CS,3.7310712337493896,2.1359894275665283,2.9863007068634033,-0.3707388937473297
Siamycin-I_p1CT,3.562978506088257,2.1711435317993164,2.9091365337371826,-0.12521320581436157
Siamycin-I_p1CV,1.9354677200317383,1.8694639205932617,1.9720641374588013,0.10772477090358734
Siamycin-I_p1CW,4.2142252922058105,1.4008136987686157,2.9749152660369873,-1.863985300064087
Siamycin-I_p1CY,5.001253128051758,1.804982304573059,3.4084253311157227,-1.3015848398208618
Siamycin-I_p2LA,1.693038821220398,-1.7080227136611938,0.48106691241264343,-2.696089029312134
Siamycin-I_p2LC,1.4382250308990479,-1.8496004343032837,-0.08494023233652115,-2.7182796001434326
Siamycin-I_p2LD,1.2046388387680054,-2.120816469192505,-0.640801191329956,-2.8219058513641357
Siamycin-I_p2LE,1.460677981376648,-2.0080416202545166,-0.26325538754463196,-2.7849981784820557
Siamycin-I_p2LF,1.8330700397491455,-1.8917287588119507,0.10895868390798569,-2.7437191009521484
Siamycin-I_p2LG,1.8387764692306519,-1.9098283052444458,0.09487102925777435,-2.7516467571258545
Siamycin-I_p2LH,1.6461764574050903,-2.0615832805633545,-0.3547731041908264,-2.8075735569000244
Siamycin-I_p2LI,1.8204361200332642,-1.8236362934112549,0.2568996846675873,-2.7223188877105713
Siamycin-I_p2LK,1.754109501838684,-1.9748066663742065,-0.04170934110879898,-2.777212381362915
Siamycin-I_p2LM,1.9367598295211792,-1.4696341753005981,0.8640998601913452,-2.6388590335845947
Siamycin-I_p2LN,1.1480611562728882,-2.1612768173217773,-0.7118091583251953,-2.83483624458313
Siamycin-I_p2LP,1.6932222843170166,-1.9296292066574097,-0.011820152401924133,-2.7592689990997314
Siamycin-I_p2LQ,1.6110872030258179,-2.0005548000335693,-0.16670629382133484,-2.7826874256134033
Siamycin-I_p2LR,1.9559804201126099,-1.9028027057647705,0.1941976249217987,-2.7617027759552
Siamycin-I_p2LS,1.7377840280532837,-1.9324668645858765,-0.005849957466125488,-2.759951114654541
Siamycin-I_p2LT,1.6185888051986694,-1.8962470293045044,0.11333590000867844,-2.745453119277954
Siamycin-I_p2LV,1.9349948167800903,-1.7033836841583252,0.4984201490879059,-2.6859118938446045
Siamycin-I_p2LW,1.5352665185928345,-2.053260326385498,-0.40121856331825256,-2.8001365661621094
Siamycin-I_p2LY,1.0549111366271973,-2.2007558345794678,-0.9100251197814941,-2.84930682182312
Siamycin-I_p3GA,1.279396414756775,-1.3253484964370728,0.8298856019973755,-2.6146366596221924
Siamycin-I_p3GC,0.862718939781189,-1.5107883214950562,0.47972339391708374,-2.606003999710083
Siamycin-I_p3GD,1.1499606370925903,-1.9471608400344849,-0.1535877287387848,-2.756098508834839
Siamycin-I_p3GE,1.5581424236297607,-1.6906788349151611,0.4713679552078247,-2.6801555156707764
Siamycin-I_p3GF,2.423570156097412,-1.1112326383590698,1.3525220155715942,-2.581498384475708
Siamycin-I_p3GH,2.32753586769104,-1.588382363319397,0.7994537949562073,-2.669703245162964
Siamycin-I_p3GI,2.3012032508850098,-1.022722601890564,1.3800604343414307,-2.5485241413116455
Siamycin-I_p3GK,1.5598002672195435,-1.508764624595642,0.7384118437767029,-2.6593997478485107
Siamycin-I_p3GL,1.5498017072677612,-0.43903347849845886,1.3983954191207886,-2.453216314315796
Siamycin-I_p3GM,1.3438695669174194,-0.7805311679840088,1.1725716590881348,-2.513777256011963
Siamycin-I_p3GN,1.3628939390182495,-1.811615228652954,0.20919069647789001,-2.7101409435272217
Siamycin-I_p3GP,2.5485057830810547,-0.6068183183670044,1.7518812417984009,-2.4858033657073975
Siamycin-I_p3GQ,2.0161843299865723,-1.4376784563064575,0.9275683164596558,-2.6303322315216064
Siamycin-I_p3GR,2.023327589035034,-1.2998968362808228,1.0821914672851562,-2.6371347904205322
Siamycin-I_p3GS,1.9937608242034912,-1.3876583576202393,0.9742875695228577,-2.6238760948181152
Siamycin-I_p3GT,1.8208805322647095,-1.310731053352356,1.0322725772857666,-2.6198580265045166
Siamycin-I_p3GV,2.1604020595550537,-0.8009457588195801,1.4984380006790161,-2.5156795978546143
Siamycin-I_p3GW,1.746954083442688,-1.7217170000076294,0.4142288267612457,-2.685469627380371
Siamycin-I_p3GY,1.769720435142517,-1.892508864402771,0.10018308460712433,-2.7447054386138916
Siamycin-I_p4VA,1.3007580041885376,-1.836087703704834,0.16472065448760986,-2.7202045917510986
Siamycin-I_p4VC,0.5573558211326599,-2.0866382122039795,-0.8643770813941956,-2.7951533794403076
Siamycin-I_p4VD,1.2088305950164795,-2.022352933883667,-0.4463578164577484,-2.7818315029144287
Siamycin-I_p4VE,1.814394235610962,-1.7867282629013062,0.2748001217842102,-2.7067935466766357
Siamycin-I_p4VF,1.5122272968292236,-1.9200507402420044,-0.07600674778223038,-2.748328685760498
Siamycin-I_p4VG,1.1443707942962646,-1.9695099592208862,-0.2305397093296051,-2.759969711303711
Siamycin-I_p4VH,1.8044466972351074,-1.9560824632644653,-0.07628951221704483,-2.7684237957000732
Siamycin-I_p4VI,1.7882288694381714,-1.7870975732803345,0.33183178305625916,-2.7104461193084717
Siamycin-I_p4VK,1.2832971811294556,-1.8787966966629028,0.07561185956001282,-2.734421491622925
Siamycin-I_p4VL,1.4525314569473267,-1.8546353578567505,0.0780147835612297,-2.7236926555633545
Siamycin-I_p4VM,1.6294550895690918,-1.7314859628677368,0.4166451096534729,-2.694964647293091
Siamycin-I_p4VN,1.1931960582733154,-2.0357155799865723,-0.4543091952800751,-2.78621506690979
Siamycin-I_p4VP,1.6176140308380127,-1.7357741594314575,0.4127097427845001,-2.6985042095184326
Siamycin-I_p4VQ,1.4923192262649536,-1.9434932470321655,-0.06951916962862015,-2.758023738861084
Siamycin-I_p4VR,1.693098545074463,-1.9100314378738403,0.10076802223920822,-2.7520947456359863
Siamycin-I_p4VS,1.6541160345077515,-1.872222900390625,0.08205267786979675,-2.734348773956299
Siamycin-I_p4VT,1.6500753164291382,-1.8491911888122559,0.17995139956474304,-2.7271478176116943
Siamycin-I_p4VW,1.2412670850753784,-2.0759520530700684,-0.45654740929603577,-2.802490472793579
Siamycin-I_p4VY,0.8510258793830872,-2.210923910140991,-0.9156765937805176,-2.8486645221710205
Siamycin-I_p5GA,1.6173499822616577,-1.8021780252456665,0.13549870252609253,-2.7031075954437256
Siamycin-I_p5GC,1.0461037158966064,-1.76799738407135,-0.050080426037311554,-2.6829984188079834
Siamycin-I_p5GD,1.5245285034179688,-1.876436471939087,-0.09902345389127731,-2.7313356399536133
Siamycin-I_p5GE,1.6054480075836182,-1.8180513381958008,0.048577241599559784,-2.7110064029693604
Siamycin-I_p5GF,2.253354787826538,-1.4835280179977417,0.861850917339325,-2.610783815383911
Siamycin-I_p5GH,2.0460848808288574,-1.751017451286316,0.2895108759403229,-2.693368673324585
Siamycin-I_p5GI,2.313851833343506,-1.5092849731445312,0.833692193031311,-2.6163666248321533
Siamycin-I_p5GK,1.2649599313735962,-1.9804233312606812,-0.298166424036026,-2.7642416954040527
Siamycin-I_p5GL,2.1746339797973633,-1.2893844842910767,1.072359323501587,-2.5487780570983887
Siamycin-I_p5GM,2.037335157394409,-1.5818578004837036,0.6205571293830872,-2.6341984272003174
Siamycin-I_p5GN,1.2093348503112793,-1.985599160194397,-0.41464218497276306,-2.764787435531616
Siamycin-I_p5GP,1.8479975461959839,-1.6513384580612183,0.5439245700836182,-2.6607091426849365
Siamycin-I_p5GQ,1.6871044635772705,-1.845484733581543,0.02696998417377472,-2.7205569744110107
Siamycin-I_p5GR,1.786664605140686,-1.812315583229065,0.23578175902366638,-2.713496208190918
Siamycin-I_p5GS,2.024651527404785,-1.6881635189056396,0.45079505443573,-2.670772075653076
Siamycin-I_p5GT,1.7766591310501099,-1.8197520971298218,0.1345481425523758,-2.712660074234009
Siamycin-I_p5GV,2.1717052459716797,-1.5399107933044434,0.7451928853988647,-2.6221344470977783
Siamycin-I_p5GW,1.5866883993148804,-1.8802722692489624,-0.22340619564056396,-2.730119466781616
Siamycin-I_p5GY,1.4121628999710083,-2.017890691757202,-0.5224399566650391,-2.7817065715789795
Siamycin-I_p6SA,1.2065943479537964,-1.8024778366088867,0.1915305107831955,-2.702301263809204
Siamycin-I_p6SC,1.2208020687103271,-1.8590353727340698,-0.2022937536239624,-2.7176308631896973
Siamycin-I_p6SD,1.148919701576233,-1.9460705518722534,-0.13260933756828308,-2.75471568107605
Siamycin-I_p6SE,1.5708096027374268,-1.810294508934021,0.28409597277641296,-2.7187135219573975
Siamycin-I_p6SF,2.3929708003997803,-1.3501938581466675,1.0859427452087402,-2.606945753097534
Siamycin-I_p6SG,1.914400577545166,-1.6928240060806274,0.5374032258987427,-2.685009002685547
Siamycin-I_p6SH,2.133315324783325,-1.6666063070297241,0.6210336685180664,-2.679856538772583
Siamycin-I_p6SI,2.0765411853790283,-1.5024455785751343,0.8402790427207947,-2.6426122188568115
Siamycin-I_p6SK,1.0910677909851074,-1.831880807876587,0.15876814723014832,-2.719430923461914
Siamycin-I_p6SL,1.8532111644744873,-1.4241222143173218,0.9041761755943298,-2.6121103763580322
Siamycin-I_p6SM,1.7140001058578491,-1.5223597288131714,0.76271653175354,-2.6484668254852295
Siamycin-I_p6SN,1.1155425310134888,-1.8879700899124146,0.013141751289367676,-2.7304718494415283
Siamycin-I_p6SP,1.3790695667266846,-1.6005738973617554,0.5463796257972717,-2.6528279781341553
Siamycin-I_p6SQ,1.2413932085037231,-1.917181134223938,-0.015812605619430542,-2.743962049484253
Siamycin-I_p6SR,1.9595897197723389,-1.6098698377609253,0.6867526769638062,-2.67999005317688
Siamycin-I_p6ST,1.4409722089767456,-1.8165855407714844,0.23428156971931458,-2.718247652053833
Siamycin-I_p6SV,2.1031904220581055,-1.438569188117981,0.9307094812393188,-2.634547472000122
Siamycin-I_p6SW,1.8930665254592896,-1.7960070371627808,0.33776047825813293,-2.716843366622925
Siamycin-I_p6SY,1.747261643409729,-1.8964542150497437,0.04794812202453613,-2.7443487644195557
Siamycin-I_p7CA,2.221360445022583,-0.5211392641067505,1.6316519975662231,-2.460059642791748
Siamycin-I_p7CD,2.0500328540802,-1.3560773134231567,1.0035814046859741,-2.598869562149048
Siamycin-I_p7CE,2.019521951675415,-0.9642833471298218,1.3056062459945679,-2.5137078762054443
Siamycin-I_p7CF,2.7911479473114014,-0.6757797002792358,1.6646617650985718,-2.4524314403533936
Siamycin-I_p7CG,2.4935669898986816,-0.9491413831710815,1.4524434804916382,-2.5347626209259033
Siamycin-I_p7CH,2.641815185546875,-1.2866874933242798,1.1910490989685059,-2.5812907218933105
Siamycin-I_p7CI,2.8809564113616943,-0.3516288101673126,1.9057488441467285,-2.4180281162261963
Siamycin-I_p7CK,2.3396341800689697,-0.7490577697753906,1.5591509342193604,-2.500890016555786
Siamycin-I_p7CL,2.351959705352783,-0.1464499533176422,1.8002732992172241,-2.364816665649414
Siamycin-I_p7CM,2.3390324115753174,-0.5598137974739075,1.645187258720398,-2.4536640644073486
Siamycin-I_p7CN,2.299722194671631,-1.2383850812911987,1.1794482469558716,-2.5774309635162354
Siamycin-I_p7CP,2.6823105812072754,-0.3378291130065918,1.8589072227478027,-2.420417547225952
Siamycin-I_p7CQ,2.619422197341919,-0.8403944969177246,1.5577419996261597,-2.50627064704895
Siamycin-I_p7CR,2.48669171333313,-0.8975687026977539,1.4989570379257202,-2.535238027572632
Siamycin-I_p7CS,2.483037233352661,-0.7937609553337097,1.546952724456787,-2.4983041286468506
Siamycin-I_p7CT,2.577327251434326,-0.6047676205635071,1.7107995748519897,-2.4784600734710693
Siamycin-I_p7CV,2.6840970516204834,-0.5569634437561035,1.7510727643966675,-2.4625885486602783
Siamycin-I_p7CW,2.371192455291748,-1.5048736333847046,0.8318958282470703,-2.6210358142852783
Siamycin-I_p7CY,2.426321506500244,-1.5936838388442993,0.7275593876838684,-2.6534414291381836
Siamycin-I_p8NA,1.763142704963684,-1.5900593996047974,0.6547017097473145,-2.6594736576080322
Siamycin-I_p8NC,1.3249167203903198,-1.865509271621704,-0.044289954006671906,-2.725675344467163
Siamycin-I_p8ND,1.6968485116958618,-1.6098805665969849,0.6353117227554321,-2.688159227371216
Siamycin-I_p8NE,1.652764916419983,-1.4242709875106812,0.8555305600166321,-2.6326169967651367
Siamycin-I_p8NF,2.626390218734741,-1.1298481225967407,1.3413773775100708,-2.559152126312256
Siamycin-I_p8NG,1.8476035594940186,-1.7755035161972046,0.3737342655658722,-2.712270498275757
Siamycin-I_p8NH,2.4556829929351807,-1.5404772758483887,0.880614697933197,-2.659332513809204
Siamycin-I_p8NI,2.6259124279022217,-1.3251420259475708,1.1591683626174927,-2.605316400527954
Siamycin-I_p8NK,2.0083720684051514,-1.353891134262085,1.0174624919891357,-2.617859125137329
Siamycin-I_p8NL,2.025611400604248,-0.8218091726303101,1.432385802268982,-2.5079071521759033
Siamycin-I_p8NM,1.9939584732055664,-1.2258304357528687,1.1229374408721924,-2.581925630569458
Siamycin-I_p8NP,2.131155252456665,-1.1932804584503174,1.1827865839004517,-2.562725782394409
Siamycin-I_p8NQ,2.4637539386749268,-1.2554682493209839,1.2109321355819702,-2.5991158485412598
Siamycin-I_p8NR,2.055124521255493,-1.4441853761672974,0.9217458963394165,-2.6540029048919678
Siamycin-I_p8NS,1.9706875085830688,-1.566927194595337,0.732506275177002,-2.662161111831665
Siamycin-I_p8NT,2.083014965057373,-1.6170122623443604,0.6898308992385864,-2.6700356006622314
Siamycin-I_p8NV,2.2918155193328857,-1.415194034576416,0.9891572594642639,-2.624469757080078
Siamycin-I_p8NW,1.9290046691894531,-1.7852693796157837,0.3070404827594757,-2.7086784839630127
Siamycin-I_p8NY,1.9192742109298706,-1.873403549194336,0.059552066028118134,-2.7391560077667236
Siamycin-I_p9DA,1.1365681886672974,-1.9581984281539917,-0.3458966016769409,-2.7532739639282227
Siamycin-I_p9DC,1.3449923992156982,-1.8074007034301758,-0.1341572403907776,-2.6993930339813232
Siamycin-I_p9DE,1.8236044645309448,-1.4168587923049927,0.8992854356765747,-2.6141562461853027
Siamycin-I_p9DF,1.9498807191848755,-1.7869209051132202,0.1954890638589859,-2.702878713607788
Siamycin-I_p9DG,1.2929706573486328,-1.9971121549606323,-0.4780890643596649,-2.770775556564331
Siamycin-I_p9DH,2.003387928009033,-1.7721984386444092,0.25862976908683777,-2.699822187423706
Siamycin-I_p9DI,2.1587884426116943,-1.5561283826828003,0.6611016988754272,-2.6235382556915283
Siamycin-I_p9DK,1.4928871393203735,-1.7851077318191528,0.15025117993354797,-2.6968486309051514
Siamycin-I_p9DL,1.8881036043167114,-1.5163791179656982,0.6698490381240845,-2.6051948070526123
Siamycin-I_p9DM,1.925221562385559,-1.6406224966049194,0.41743752360343933,-2.647822618484497
Siamycin-I_p9DN,1.5178732872009277,-1.880472183227539,-0.06401122361421585,-2.7316503524780273
Siamycin-I_p9DP,1.4163178205490112,-1.7719980478286743,0.05028271675109863,-2.6905300617218018
Siamycin-I_p9DQ,1.609087347984314,-1.7586520910263062,0.23289933800697327,-2.689218282699585
Siamycin-I_p9DR,1.715849757194519,-1.799853801727295,0.183303564786911,-2.7073824405670166
Siamycin-I_p9DS,1.6249147653579712,-1.8861339092254639,-0.09680924564599991,-2.7355000972747803
Siamycin-I_p9DT,1.5491149425506592,-1.8703068494796753,-0.03825489431619644,-2.728417158126831
Siamycin-I_p9DV,1.9979406595230103,-1.6630364656448364,0.417004257440567,-2.6579649448394775
Siamycin-I_p9DW,1.2100292444229126,-2.0453383922576904,-0.677114725112915,-2.7878761291503906
Siamycin-I_p9DY,1.1356064081192017,-2.0859498977661133,-0.8183103203773499,-2.802499532699585
Siamycin-I_p10FA,0.8312256336212158,-1.8759227991104126,-0.02582765370607376,-2.725863218307495
Siamycin-I_p10FC,0.4272853136062622,-2.102822780609131,-0.9048895835876465,-2.800177574157715
Siamycin-I_p10FD,-0.1677548587322235,-2.1022939682006836,-1.294862985610962,-2.791268825531006
Siamycin-I_p10FE,1.110952377319336,-1.769407868385315,0.20894025266170502,-2.695603132247925
Siamycin-I_p10FG,1.3154234886169434,-1.87868070602417,0.022633515298366547,-2.7335798740386963
Siamycin-I_p10FH,1.3527135848999023,-1.9455291032791138,-0.14688703417778015,-2.754870653152466
Siamycin-I_p10FI,1.6330187320709229,-1.679660439491272,0.4947226047515869,-2.6807966232299805
Siamycin-I_p10FK,0.7578322291374207,-1.7605787515640259,0.1564210057258606,-2.6846230030059814
Siamycin-I_p10FL,1.4380202293395996,-1.6879122257232666,0.40533125400543213,-2.669842481613159
Siamycin-I_p10FM,1.057142734527588,-1.6986042261123657,0.33444586396217346,-2.6803042888641357
Siamycin-I_p10FN,0.6356357336044312,-1.986228346824646,-0.4409336745738983,-2.7579784393310547
Siamycin-I_p10FP,1.4956473112106323,-1.7415878772735596,0.31221944093704224,-2.689401149749756
Siamycin-I_p10FQ,1.6140892505645752,-1.6527513265609741,0.5296507477760315,-2.6686997413635254
Siamycin-I_p10FR,1.6345295906066895,-1.692107915878296,0.4964892566204071,-2.6912477016448975
Siamycin-I_p10FS,1.4822359085083008,-1.7449010610580444,0.3279745280742645,-2.6929898262023926
Siamycin-I_p10FT,1.5560458898544312,-1.7014378309249878,0.4455030858516693,-2.686232328414917
Siamycin-I_p10FV,1.673970341682434,-1.5505859851837158,0.6953325271606445,-2.6602718830108643
Siamycin-I_p10FW,1.3278037309646606,-1.9402371644973755,-0.1076146736741066,-2.756373643875122
Siamycin-I_p10FY,1.1128264665603638,-2.0115206241607666,-0.3173663318157196,-2.777378797531128
Siamycin-I_p11AC,1.269339919090271,-1.901092290878296,-0.19969579577445984,-2.7387397289276123
Siamycin-I_p11AD,1.7311497926712036,-1.8793433904647827,-0.03950584679841995,-2.7385056018829346
Siamycin-I_p11AE,1.8670839071273804,-1.8260215520858765,0.17750146985054016,-2.723605155944824
Siamycin-I_p11AF,2.7437145709991455,-1.2757805585861206,1.2344526052474976,-2.6126492023468018
Siamycin-I_p11AG,1.7969835996627808,-1.845526933670044,0.1307292878627777,-2.7275116443634033
Siamycin-I_p11AH,2.1935298442840576,-1.775557518005371,0.39537355303764343,-2.7116057872772217
Siamycin-I_p11AI,2.71124529838562,-1.1990007162094116,1.315452218055725,-2.5919220447540283
Siamycin-I_p11AK,1.8727980852127075,-1.7510918378829956,0.3734608590602875,-2.6958131790161133
Siamycin-I_p11AL,2.451979398727417,-1.2843514680862427,1.172818899154663,-2.5982370376586914
Siamycin-I_p11AM,2.334505796432495,-1.3547319173812866,1.0785611867904663,-2.6188766956329346
Siamycin-I_p11AN,1.7156473398208618,-1.8595125675201416,0.060986846685409546,-2.7309422492980957
Siamycin-I_p11AP,2.1585497856140137,-1.4729188680648804,0.894740641117096,-2.633758306503296
Siamycin-I_p11AQ,2.1117472648620605,-1.7543904781341553,0.40133270621299744,-2.700326681137085
Siamycin-I_p11AR,2.1956546306610107,-1.6452594995498657,0.6666896343231201,-2.684023141860962
Siamycin-I_p11AS,2.199266195297241,-1.6348888874053955,0.6664401292800903,-2.6724159717559814
Siamycin-I_p11AT,2.133277654647827,-1.6635595560073853,0.6194257736206055,-2.6776020526885986
Siamycin-I_p11AV,2.5653820037841797,-1.2617853879928589,1.2232297658920288,-2.6007611751556396
Siamycin-I_p11AW,1.93073308467865,-1.8773573637008667,0.18613576889038086,-2.745501756668091
Siamycin-I_p11AY,1.9988486766815186,-1.8603202104568481,0.14494067430496216,-2.7368271350860596
Siamycin-I_p12GA,1.69258713722229,-1.4578574895858765,0.8168148994445801,-2.6258177757263184
Siamycin-I_p12GC,1.2293015718460083,-1.6240595579147339,0.12984278798103333,-2.6271886825561523
Siamycin-I_p12GD,0.5629344582557678,-1.966821551322937,-0.49504777789115906,-2.7486841678619385
Siamycin-I_p12GE,1.0218939781188965,-1.799813151359558,0.15074974298477173,-2.6996002197265625
Siamycin-I_p12GF,2.801412343978882,-0.8897305727005005,1.595786213874817,-2.546046733856201
Siamycin-I_p12GH,2.0407183170318604,-1.6927262544631958,0.5538988709449768,-2.6844093799591064
Siamycin-I_p12GI,2.5239899158477783,-0.9263358116149902,1.4996801614761353,-2.5429465770721436
Siamycin-I_p12GK,1.302741289138794,-1.6344382762908936,0.5077868103981018,-2.656475305557251
Siamycin-I_p12GL,2.3018126487731934,-0.8914319276809692,1.4697054624557495,-2.534172296524048
Siamycin-I_p12GM,2.104412794113159,-1.0742627382278442,1.2873510122299194,-2.563462495803833
Siamycin-I_p12GN,1.5195341110229492,-1.7413321733474731,0.33708009123802185,-2.6872546672821045
Siamycin-I_p12GP,1.8536192178726196,-1.3435300588607788,0.9803097248077393,-2.5905344486236572
Siamycin-I_p12GQ,1.3453025817871094,-1.7394071817398071,0.3390320837497711,-2.688420057296753
Siamycin-I_p12GR,1.887338638305664,-1.5712774991989136,0.7155187129974365,-2.654968738555908
Siamycin-I_p12GS,1.932782769203186,-1.5018565654754639,0.8065603375434875,-2.6355841159820557
Siamycin-I_p12GT,1.7897467613220215,-1.4877721071243286,0.7962145805358887,-2.6339218616485596
Siamycin-I_p12GV,2.3743531703948975,-0.913860023021698,1.4718644618988037,-2.545994997024536
Siamycin-I_p12GW,1.7777471542358398,-1.8275814056396484,0.16899056732654572,-2.7194716930389404
Siamycin-I_p12GY,1.986629605293274,-1.7442171573638916,0.4092181324958801,-2.6930439472198486
Siamycin-I_p13CA,1.9792927503585815,-0.7497276067733765,1.4324172735214233,-2.504826068878174
Siamycin-I_p13CD,1.8613417148590088,-1.592415690422058,0.6500263214111328,-2.6477959156036377
Siamycin-I_p13CE,1.7699538469314575,-0.8557382822036743,1.3154178857803345,-2.506413221359253
Siamycin-I_p13CF,2.572100877761841,-0.6916003227233887,1.6807161569595337,-2.5231235027313232
Siamycin-I_p13CG,2.301409959793091,-1.1802300214767456,1.244096279144287,-2.5834553241729736
Siamycin-I_p13CH,2.0135369300842285,-1.7145076990127563,0.45157673954963684,-2.685380458831787
Siamycin-I_p13CI,2.5918405055999756,-0.5406641960144043,1.776467204093933,-2.5034754276275635
Siamycin-I_p13CK,1.2612570524215698,-1.137320637702942,0.9621952772140503,-2.5483548641204834
Siamycin-I_p13CL,1.9415135383605957,-0.7018517255783081,1.4582754373550415,-2.508112668991089
Siamycin-I_p13CM,1.952284336090088,-0.8009485602378845,1.4048951864242554,-2.533341407775879
Siamycin-I_p13CN,1.7092384099960327,-1.6626882553100586,0.48955267667770386,-2.6639316082000732
Siamycin-I_p13CP,1.9572988748550415,-0.6742385029792786,1.4542661905288696,-2.4600272178649902
Siamycin-I_p13CQ,1.8007391691207886,-1.1590150594711304,1.131260871887207,-2.555466890335083
Siamycin-I_p13CR,1.9161494970321655,-1.2644456624984741,1.0727872848510742,-2.5958845615386963
Siamycin-I_p13CS,2.2104790210723877,-0.9738515615463257,1.3804744482040405,-2.5425515174865723
Siamycin-I_p13CT,2.0963711738586426,-0.757044792175293,1.4814057350158691,-2.512080669403076
Siamycin-I_p13CV,2.353830099105835,-0.3544318377971649,1.7775031328201294,-2.4685184955596924
Siamycin-I_p13CW,1.835496187210083,-1.7833515405654907,0.3273742198944092,-2.709132432937622
Siamycin-I_p13CY,1.878988265991211,-1.800359845161438,0.24503976106643677,-2.7125160694122314
Siamycin-I_p14GA,1.5654698610305786,-1.3518750667572021,0.8991880416870117,-2.6112687587738037
Siamycin-I_p14GC,0.7137710452079773,-1.8990757465362549,-0.559441089630127,-2.7268102169036865
Siamycin-I_p14GD,1.3949434757232666,-1.598983883857727,0.5741011500358582,-2.650975465774536
Siamycin-I_p14GE,1.3559587001800537,-1.529036283493042,0.6750376224517822,-2.633086681365967
Siamycin-I_p14GF,2.5558054447174072,-0.7522850036621094,1.6436711549758911,-2.5324175357818604
Siamycin-I_p14GH,1.972407579421997,-1.4976539611816406,0.847848117351532,-2.64748477935791
Siamycin-I_p14GI,2.0601940155029297,-1.0568586587905884,1.2981089353561401,-2.543421506881714
Siamycin-I_p14GK,1.2359533309936523,-1.3905421495437622,0.7677034139633179,-2.6081936359405518
Siamycin-I_p14GL,1.6545685529708862,-0.7762876749038696,1.3120161294937134,-2.4991042613983154
Siamycin-I_p14GM,1.7016948461532593,-1.1575888395309448,1.1116663217544556,-2.5659162998199463
Siamycin-I_p14GN,1.0970425605773926,-1.533915400505066,0.5612626671791077,-2.6339643001556396
Siamycin-I_p14GP,1.662373423576355,-1.2070077657699585,1.0623186826705933,-2.5679450035095215
Siamycin-I_p14GQ,1.3456615209579468,-1.3918384313583374,0.7951604723930359,-2.6126973628997803
Siamycin-I_p14GR,1.8393480777740479,-1.3918977975845337,0.9460113048553467,-2.6278319358825684
Siamycin-I_p14GS,1.9276996850967407,-1.0213428735733032,1.2873095273971558,-2.5495810508728027
Siamycin-I_p14GT,1.6183173656463623,-1.2619017362594604,1.0010769367218018,-2.59070086479187
Siamycin-I_p14GV,2.096459150314331,-1.147660255432129,1.2325259447097778,-2.5614116191864014
Siamycin-I_p14GW,1.7029320001602173,-1.7804750204086304,0.28356918692588806,-2.702509641647339
Siamycin-I_p14GY,1.7049459218978882,-1.8697837591171265,0.027618736028671265,-2.732072591781616
Siamycin-I_p15YA,1.3008135557174683,-0.9643219709396362,1.0129830837249756,-2.536588191986084
Siamycin-I_p15YC,1.042074203491211,-1.436381459236145,0.5867834091186523,-2.613365650177002
Siamycin-I_p15YD,1.587546944618225,-1.330985426902771,0.9357275366783142,-2.608400583267212
Siamycin-I_p15YE,1.6597325801849365,-0.702986478805542,1.331956386566162,-2.5054972171783447
Siamycin-I_p15YF,2.622546672821045,-0.7970589399337769,1.6091216802597046,-2.5344507694244385
Siamycin-I_p15YG,1.4605376720428467,-1.4340816736221313,0.7416338324546814,-2.610950231552124
Siamycin-I_p15YH,2.3376779556274414,-1.1091305017471313,1.3353585004806519,-2.578160047531128
Siamycin-I_p15YI,2.4208462238311768,-0.8201766014099121,1.5505505800247192,-2.511354923248291
Siamycin-I_p15YK,1.242956280708313,-0.5228309631347656,1.1764987707138062,-2.4601006507873535
Siamycin-I_p15YL,1.734928011894226,-0.3628867566585541,1.5052456855773926,-2.4260354042053223
Siamycin-I_p15YM,1.730233073234558,-0.5134639739990234,1.441890835762024,-2.468912363052368
Siamycin-I_p15YN,1.224352240562439,-1.2904114723205566,0.7995930910110474,-2.585592031478882
Siamycin-I_p15YP,1.3903337717056274,-0.48441633582115173,1.2738043069839478,-2.421312093734741
Siamycin-I_p15YQ,1.8644592761993408,-0.58984375,1.4588422775268555,-2.487713098526001
Siamycin-I_p15YR,1.9716089963912964,-0.5535520911216736,1.5023308992385864,-2.506589412689209
Siamycin-I_p15YS,1.6965583562850952,-0.9686398506164551,1.1992425918579102,-2.539393663406372
Siamycin-I_p15YT,1.646241545677185,-0.8581337928771973,1.2345033884048462,-2.52545428276062
Siamycin-I_p15YV,2.197606325149536,-0.6818283796310425,1.5586885213851929,-2.4943368434906006
Siamycin-I_p15YW,1.7167707681655884,-1.615399718284607,0.618969202041626,-2.6606667041778564
Siamycin-I_p16AC,1.6823195219039917,-1.7588666677474976,0.21869313716888428,-2.6892249584198
Siamycin-I_p16AD,1.5294760465621948,-1.9208277463912964,-0.1416005790233612,-2.751490354537964
Siamycin-I_p16AE,2.1599457263946533,-1.526379108428955,0.829662561416626,-2.638293981552124
Siamycin-I_p16AF,2.9483368396759033,-1.353403925895691,1.1752264499664307,-2.632209062576294
Siamycin-I_p16AG,1.215203881263733,-2.0025956630706787,-0.4437766373157501,-2.773240804672241
Siamycin-I_p16AH,2.3817474842071533,-1.6892534494400024,0.5853563547134399,-2.686274528503418
Siamycin-I_p16AI,2.829655885696411,-1.2702323198318481,1.2182295322418213,-2.5818545818328857
Siamycin-I_p16AK,1.6142393350601196,-1.6951698064804077,0.45111191272735596,-2.6778550148010254
Siamycin-I_p16AL,2.602205276489258,-1.1171895265579224,1.3481866121292114,-2.5476837158203125
Siamycin-I_p16AM,2.515308380126953,-1.4482635259628296,0.9813241958618164,-2.6266658306121826
Siamycin-I_p16AN,1.453670620918274,-1.8351686000823975,0.08111286908388138,-2.716825246810913
Siamycin-I_p16AP,1.92778742313385,-1.1496269702911377,1.1763683557510376,-2.547975778579712
Siamycin-I_p16AQ,2.0111818313598633,-1.6990050077438354,0.5157809257507324,-2.6838014125823975
Siamycin-I_p16AR,2.0613839626312256,-1.731495976448059,0.47931522130966187,-2.7011191844940186
Siamycin-I_p16AS,2.3913490772247314,-1.4583078622817993,0.9575402140617371,-2.634298086166382
Siamycin-I_p16AT,2.109066963195801,-1.6861608028411865,0.5714826583862305,-2.681966543197632
Siamycin-I_p16AV,2.715550184249878,-1.334072470664978,1.1429647207260132,-2.6049387454986572
Siamycin-I_p16AW,1.9105838537216187,-1.8819018602371216,0.06840278953313828,-2.7452776432037354
Siamycin-I_p16AY,2.0533106327056885,-1.8387991189956665,0.1508323848247528,-2.727435350418091
Siamycin-I_p17IA,0.8184303641319275,-1.9476124048233032,-0.19697481393814087,-2.7491259574890137
Siamycin-I_p17IC,-0.38619518280029297,-2.2496044635772705,-1.618170976638794,-2.8493893146514893
Siamycin-I_p17ID,0.9180907607078552,-1.9615873098373413,-0.2926146388053894,-2.7579691410064697
Siamycin-I_p17IE,1.208032250404358,-1.8731895685195923,-0.03397641330957413,-2.7306621074676514
Siamycin-I_p17IF,1.8791507482528687,-1.7624341249465942,0.40907397866249084,-2.709871292114258
Siamycin-I_p17IG,0.5932694673538208,-2.132782220840454,-0.8607786297798157,-2.8125667572021484
Siamycin-I_p17IH,1.4971611499786377,-1.916782259941101,-0.044545672833919525,-2.7486870288848877
Siamycin-I_p17IK,0.8632863163948059,-1.8997348546981812,-0.059002555906772614,-2.7333943843841553
Siamycin-I_p17IL,1.5339330434799194,-1.4768401384353638,0.7563025951385498,-2.6206982135772705
Siamycin-I_p17IM,1.3014699220657349,-1.7653933763504028,0.2761850655078888,-2.697220802307129
Siamycin-I_p17IN,0.9398062229156494,-1.9022501707077026,-0.13990962505340576,-2.735227346420288
Siamycin-I_p17IP,0.5813906788825989,-1.7168930768966675,0.12246179580688477,-2.6679952144622803
Siamycin-I_p17IQ,0.8288798332214355,-2.026923418045044,-0.42432406544685364,-2.7796571254730225
Siamycin-I_p17IR,1.2185248136520386,-1.8795148134231567,0.03954724222421646,-2.736450672149658
Siamycin-I_p17IS,1.3453189134597778,-1.8273179531097412,0.1298094391822815,-2.7151567935943604
Siamycin-I_p17IT,1.288645625114441,-1.8951144218444824,0.010512202978134155,-2.7374889850616455
Siamycin-I_p17IV,1.6856378316879272,-1.7423747777938843,0.39422881603240967,-2.696928024291992
Siamycin-I_p17IW,0.8530386090278625,-2.1024045944213867,-0.6671302318572998,-2.807720184326172
Siamycin-I_p17IY,0.729398250579834,-2.1695456504821777,-0.9027497172355652,-2.8298113346099854
Siamycin-I_p18VA,1.0534453392028809,-1.8400484323501587,0.11245027184486389,-2.7160937786102295
Siamycin-I_p18VC,0.18926075100898743,-2.0155467987060547,-0.9357646703720093,-2.763892412185669
Siamycin-I_p18VD,0.9525682926177979,-2.000000476837158,-0.41833850741386414,-2.77146315574646
Siamycin-I_p18VE,1.3652666807174683,-1.855625867843628,0.0696159079670906,-2.725450277328491
Siamycin-I_p18VF,2.4672584533691406,-1.434146761894226,1.0072021484375,-2.6376593112945557
Siamycin-I_p18VG,0.8823134899139404,-2.0144269466400146,-0.4791780412197113,-2.7716734409332275
Siamycin-I_p18VH,1.9092618227005005,-1.7775264978408813,0.33776959776878357,-2.704904794692993
Siamycin-I_p18VI,2.1598803997039795,-1.5196954011917114,0.8341975808143616,-2.6464595794677734
Siamycin-I_p18VK,0.8793549537658691,-1.8847848176956177,-0.09562554210424423,-2.7249515056610107
Siamycin-I_p18VL,1.9289458990097046,-1.3605366945266724,0.9816275238990784,-2.597341299057007
Siamycin-I_p18VM,1.7766152620315552,-1.641830325126648,0.5900384783744812,-2.6697380542755127
Siamycin-I_p18VN,1.1240731477737427,-1.8456727266311646,0.0005401968955993652,-2.716271162033081
Siamycin-I_p18VP,1.226244330406189,-1.3599580526351929,0.7573162913322449,-2.5950512886047363
Siamycin-I_p18VQ,1.378771424293518,-1.7915414571762085,0.228910893201828,-2.7023732662200928
Siamycin-I_p18VR,1.3487592935562134,-1.8473312854766846,0.09978174418210983,-2.7216110229492188
Siamycin-I_p18VS,1.681193232536316,-1.7310549020767212,0.38208848237991333,-2.6867916584014893
Siamycin-I_p18VT,1.3561431169509888,-1.8286206722259521,0.16832950711250305,-2.7141525745391846
Siamycin-I_p18VW,1.4962044954299927,-1.97563898563385,-0.2385278046131134,-2.7712581157684326
Siamycin-I_p18VY,1.5861977338790894,-1.951590657234192,-0.17590627074241638,-2.761181116104126
Siamycin-I_p19CA,0.7918217182159424,-1.1896681785583496,0.7016243934631348,-2.5520360469818115
Siamycin-I_p19CD,1.5244033336639404,-1.3324229717254639,0.9216004610061646,-2.5864179134368896
Siamycin-I_p19CE,1.582394003868103,-1.3308615684509277,0.8993316888809204,-2.5563502311706543
Siamycin-I_p19CF,2.68404221534729,-1.029595971107483,1.4387439489364624,-2.554326057434082
Siamycin-I_p19CG,1.4276827573776245,-1.7258731126785278,0.35201406478881836,-2.6847026348114014
Siamycin-I_p19CH,2.1972765922546387,-1.4667977094650269,0.9199329614639282,-2.6219472885131836
Siamycin-I_p19CI,2.3086965084075928,-1.1841164827346802,1.224557638168335,-2.5587193965911865
Siamycin-I_p19CK,1.0936304330825806,-1.0104657411575317,0.9817115068435669,-2.5078952312469482
Siamycin-I_p19CL,1.4230233430862427,-0.9008772969245911,1.162054181098938,-2.489206075668335
Siamycin-I_p19CM,1.6477817296981812,-1.1221849918365479,1.1206865310668945,-2.5503885746002197
Siamycin-I_p19CN,1.6372724771499634,-1.0797617435455322,1.1558821201324463,-2.529367685317993
Siamycin-I_p19CP,0.9916003346443176,-0.2461203634738922,1.1262656450271606,-2.353398561477661
Siamycin-I_p19CQ,1.45244562625885,-1.3273528814315796,0.8830593824386597,-2.5639290809631348
Siamycin-I_p19CR,1.6454423666000366,-1.5469783544540405,0.6937241554260254,-2.639756202697754
Siamycin-I_p19CS,1.5847469568252563,-0.981291651725769,1.186965823173523,-2.513596296310425
Siamycin-I_p19CT,1.204118251800537,-1.1880253553390503,0.9191408157348633,-2.538933753967285
Siamycin-I_p19CV,2.0715267658233643,-1.288800597190857,1.0757917165756226,-2.584188222885132
Siamycin-I_p19CW,1.7019366025924683,-1.9169901609420776,-0.05855197459459305,-2.750971794128418
Siamycin-I_p19CY,1.9609410762786865,-1.800557017326355,0.20065994560718536,-2.710271120071411
Siamycin-I_p20FA,0.830559492111206,-1.5579242706298828,0.39850690960884094,-2.6288158893585205
Siamycin-I_p20FC,-0.1716981828212738,-2.019164562225342,-1.0829476118087769,-2.762558698654175
Siamycin-I_p20FD,0.9414997100830078,-1.7902309894561768,0.022065535187721252,-2.6981093883514404
Siamycin-I_p20FE,1.2338110208511353,-1.6195149421691895,0.4695369303226471,-2.645066499710083
Siamycin-I_p20FG,1.0742789506912231,-1.7928370237350464,0.10859103500843048,-2.6978514194488525
Siamycin-I_p20FH,1.6717346906661987,-1.7121909856796265,0.42277225852012634,-2.686164617538452
Siamycin-I_p20FI,1.2804771661758423,-1.6341221332550049,0.4224897623062134,-2.6468091011047363
Siamycin-I_p20FK,0.5076870322227478,-1.7436120510101318,0.04743408411741257,-2.676973581314087
Siamycin-I_p20FL,1.5033049583435059,-1.548500418663025,0.6321510076522827,-2.623669385910034
Siamycin-I_p20FM,1.7172127962112427,-1.5250566005706787,0.7350487112998962,-2.6318981647491455
Siamycin-I_p20FN,0.5905055403709412,-1.7637544870376587,0.006944276392459869,-2.680748224258423
Siamycin-I_p20FP,0.42343267798423767,-1.4717029333114624,0.2866241931915283,-2.59680438041687
Siamycin-I_p20FQ,1.3682035207748413,-1.5875961780548096,0.5586366653442383,-2.6438229084014893
Siamycin-I_p20FR,1.3810995817184448,-1.6336241960525513,0.4908851981163025,-2.6594340801239014
Siamycin-I_p20FS,1.2050061225891113,-1.681764841079712,0.34219539165496826,-2.662963628768921
Siamycin-I_p20FT,0.7444276809692383,-1.8435367345809937,-0.10537741333246231,-2.7112197875976562
Siamycin-I_p20FV,1.4896832704544067,-1.5522524118423462,0.6189442276954651,-2.628342866897583
Siamycin-I_p20FW,1.6874397993087769,-1.8542729616165161,0.12986478209495544,-2.7300586700439453
Siamycin-I_p20FY,0.8863168954849243,-1.9911741018295288,-0.4113698899745941,-2.764207601547241
Siamycin-I_p21WA,1.186080813407898,-1.3877925872802734,0.711020290851593,-2.6121456623077393
Siamycin-I_p21WC,-0.06483585387468338,-1.76919424533844,-0.21525418758392334,-2.6741931438446045
Siamycin-I_p21WD,0.8967132568359375,-1.6490508317947388,0.3219034969806671,-2.649151563644409
Siamycin-I_p21WE,0.7739068269729614,-1.622558355331421,0.3512025475502014,-2.638453722000122
Siamycin-I_p21WF,1.7181867361068726,-1.2619518041610718,1.0159032344818115,-2.600203514099121
Siamycin-I_p21WG,0.7878623008728027,-1.767939567565918,0.11332105100154877,-2.6875035762786865
Siamycin-I_p21WH,1.7029865980148315,-1.4396687746047974,0.8312089443206787,-2.618825674057007
Siamycin-I_p21WI,1.8462532758712769,-0.48673370480537415,1.5200436115264893,-2.45100998878479
Siamycin-I_p21WK,0.4761069715023041,-1.632460117340088,0.23460540175437927,-2.6404876708984375
Siamycin-I_p21WL,1.7867728471755981,-0.613924503326416,1.4436149597167969,-2.464195728302002
Siamycin-I_p21WM,2.1245176792144775,-0.5889991521835327,1.5856351852416992,-2.4757297039031982
Siamycin-I_p21WN,0.47579386830329895,-1.6449860334396362,0.19264310598373413,-2.643125295639038
Siamycin-I_p21WP,1.1459242105484009,-1.369219183921814,0.7101680636405945,-2.582062005996704
Siamycin-I_p21WQ,0.7974754571914673,-1.4941459894180298,0.47619232535362244,-2.6085267066955566
Siamycin-I_p21WR,1.4350415468215942,-1.5452443361282349,0.6545512676239014,-2.6454832553863525
Siamycin-I_p21WS,1.100916862487793,-1.429018497467041,0.6583750247955322,-2.6081697940826416
Siamycin-I_p21WT,1.2125853300094604,-1.3091071844100952,0.810957670211792,-2.572148561477661
Siamycin-I_p21WV,1.94696843624115,-0.5028011202812195,1.5584503412246704,-2.4556188583374023
Siamycin-I_p21WY,1.1332528591156006,-1.879259467124939,-0.010323308408260345,-2.7297475337982178
Lassomycin_p1GA,-12.584783554077148,-4.66437292098999,-8.161469459533691,-2.5066707134246826
Lassomycin_p1GC,-4.805790424346924,-0.8240211009979248,-2.6386406421661377,-1.4684579372406006
Lassomycin_p1GD,-5.665980339050293,-1.248124122619629,-3.259122133255005,0.47484660148620605
Lassomycin_p1GE,-4.8755340576171875,-1.0092769861221313,-2.728205919265747,0.5630365014076233
Lassomycin_p1GF,-4.046801567077637,-0.7641648054122925,-2.222496747970581,0.4162002503871918
Lassomycin_p1GH,-1.713161587715149,-0.020862817764282227,-0.69339519739151,0.38050851225852966
Lassomycin_p1GI,-4.110432147979736,-1.0595730543136597,-2.423146963119507,0.3399910032749176
Lassomycin_p1GK,-2.6469051837921143,-0.388944149017334,-1.343422770500183,0.4655536115169525
Lassomycin_p1GL,-2.912317991256714,-0.4223955571651459,-1.495404839515686,0.443655401468277
Lassomycin_p1GM,-4.233511447906494,-0.8070312142372131,-2.331878900527954,0.41779085993766785
Lassomycin_p1GN,-3.2931811809539795,-0.6268406510353088,-1.7974225282669067,0.4605333209037781
Lassomycin_p1GP,-3.9703357219696045,-0.6292410492897034,-2.1167404651641846,0.38483744859695435
Lassomycin_p1GQ,-1.4780206680297852,-0.04928935319185257,-0.6555838584899902,0.4817074239253998
Lassomycin_p1GR,-6.36458158493042,-1.6854523420333862,-3.7888023853302,0.30807724595069885
Lassomycin_p1GS,-5.721852779388428,-1.3439677953720093,-3.319937229156494,0.406670480966568
Lassomycin_p1GT,-7.037638187408447,-1.870026707649231,-4.2181396484375,0.41734132170677185
Lassomycin_p1GV,-10.927481651306152,-3.457134962081909,-6.871015548706055,0.05084700882434845
Lassomycin_p1GW,-2.2876219749450684,-0.08390114456415176,-1.0106173753738403,0.07498835027217865
Lassomycin_p1GY,-1.7469308376312256,-0.025736086070537567,-0.7285269498825073,0.5118923187255859
Lassomycin_p2LA,-7.15995979309082,-1.8854892253875732,-4.291431427001953,0.3442792594432831
Lassomycin_p2LC,-10.977005958557129,-3.4502065181732178,-6.888650417327881,0.09410423040390015
Lassomycin_p2LD,-5.206905841827393,-1.1005250215530396,-2.9568164348602295,0.41315701603889465
Lassomycin_p2LE,-5.22559118270874,-1.137609601020813,-2.981452465057373,0.3811699151992798
Lassomycin_p2LF,-4.444392681121826,-0.7297589778900146,-2.4189865589141846,0.509662926197052
Lassomycin_p2LG,-5.103984355926514,-1.0573431253433228,-2.8918378353118896,0.4145996570587158
Lassomycin_p2LH,-3.2907941341400146,-0.2964875400066376,-1.6385079622268677,0.38833943009376526
Lassomycin_p2LI,-5.566563606262207,-1.2342529296875,-3.202176809310913,0.41098737716674805
Lassomycin_p2LK,-6.550010681152344,-1.6292520761489868,-3.8717312812805176,0.38777080178260803
Lassomycin_p2LM,-7.869711399078369,-2.1899213790893555,-4.782651901245117,0.3478368818759918
Lassomycin_p2LN,-5.989247798919678,-1.3766838312149048,-3.480072498321533,0.44380122423171997
Lassomycin_p2LP,-5.679752826690674,-1.2657947540283203,-3.2762179374694824,0.3940489590167999
Lassomycin_p2LQ,-5.855935573577881,-1.3134368658065796,-3.3845596313476562,0.42169544100761414
Lassomycin_p2LR,-5.002011775970459,-0.9643183946609497,-2.8011820316314697,0.39906784892082214
Lassomycin_p2LS,-6.4780354499816895,-1.5956737995147705,-3.8198516368865967,0.3937356472015381
Lassomycin_p2LT,-6.779251575469971,-1.7033621072769165,-4.019369602203369,0.43376675248146057
Lassomycin_p2LV,-5.762406349182129,-1.3157891035079956,-3.339798927307129,0.370265930891037
Lassomycin_p2LW,-3.6936304569244385,-0.43871864676475525,-1.9055315256118774,0.4434531033039093
Lassomycin_p2LY,-1.8296639919281006,0.23977112770080566,-0.6697989106178284,0.49237456917762756
Lassomycin_p3RA,-11.210265159606934,-3.594775438308716,-7.073756217956543,0.19466480612754822
Lassomycin_p3RC,-11.902193069458008,-3.8479397296905518,-7.530651569366455,0.18985822796821594
Lassomycin_p3RD,-9.507901191711426,-2.8892462253570557,-5.908718585968018,0.273084431886673
Lassomycin_p3RE,-9.289554595947266,-2.7886974811553955,-5.7645392417907715,0.2577287554740906
Lassomycin_p3RF,-7.23875617980957,-1.8982800245285034,-4.3352227210998535,0.5268730521202087
Lassomycin_p3RG,-8.966283798217773,-2.632746934890747,-5.528600692749023,0.3643305003643036
Lassomycin_p3RH,-6.732553005218506,-1.6987251043319702,-3.9947426319122314,0.40875253081321716
Lassomycin_p3RI,-8.770942687988281,-2.579158067703247,-5.401440620422363,0.37781229615211487
Lassomycin_p3RK,-10.967692375183105,-3.4795947074890137,-6.903735160827637,0.197276309132576
Lassomycin_p3RL,-11.15485954284668,-3.5690174102783203,-7.036341667175293,0.20050442218780518
Lassomycin_p3RM,-11.812193870544434,-3.8467726707458496,-7.487486362457275,0.1397445797920227
Lassomycin_p3RN,-9.7239408493042,-2.958517074584961,-6.049315452575684,0.3596470057964325
Lassomycin_p3RP,-8.98570728302002,-2.6721012592315674,-5.550364017486572,0.27931731939315796
Lassomycin_p3RQ,-9.973847389221191,-3.067949056625366,-6.223752498626709,0.2660684287548065
Lassomycin_p3RS,-9.651689529418945,-2.925523042678833,-5.999964714050293,0.3444250524044037
Lassomycin_p3RT,-10.85261058807373,-3.4422085285186768,-6.82774019241333,0.23468294739723206
Lassomycin_p3RV,-9.830016136169434,-3.017061948776245,-6.123531818389893,0.24537402391433716
Lassomycin_p3RW,-5.8290886878967285,-1.3141041994094849,-3.3687984943389893,0.5146416425704956
Lassomycin_p3RY,-4.283419132232666,-0.6650938987731934,-2.305389165878296,0.5754519701004028
Lassomycin_p4RA,-10.061291694641113,-3.1100025177001953,-6.285065174102783,0.20095014572143555
Lassomycin_p4RC,-12.891758918762207,-4.273210525512695,-8.212841033935547,-0.04364042729139328
Lassomycin_p4RD,-8.991066932678223,-2.657594919204712,-5.545738220214844,0.3690582811832428
Lassomycin_p4RE,-9.196629524230957,-2.754032611846924,-5.6993865966796875,0.29780006408691406
Lassomycin_p4RF,-6.347625255584717,-1.525900959968567,-3.722754955291748,0.4545888602733612
Lassomycin_p4RG,-8.255372047424316,-2.3294193744659424,-5.031564235687256,0.3991703391075134
Lassomycin_p4RH,-7.309184551239014,-1.9478667974472046,-4.397161483764648,0.34727492928504944
Lassomycin_p4RI,-8.262887001037598,-2.3709683418273926,-5.0616888999938965,0.2784593403339386
Lassomycin_p4RK,-9.95207691192627,-3.055983781814575,-6.203409671783447,0.296207994222641
Lassomycin_p4RL,-9.991720199584961,-3.0983400344848633,-6.2406110763549805,0.13863633573055267
Lassomycin_p4RM,-10.951451301574707,-3.4879086017608643,-6.8961873054504395,0.09414850920438766
Lassomycin_p4RN,-9.292570114135742,-2.768141508102417,-5.748409271240234,0.3991946280002594
Lassomycin_p4RP,-8.895967483520508,-2.6406710147857666,-5.496397495269775,0.2335273027420044
Lassomycin_p4RQ,-9.815170288085938,-3.001230478286743,-6.114820957183838,0.2757061719894409
Lassomycin_p4RS,-8.630555152893066,-2.5084753036499023,-5.3004889488220215,0.35298654437065125
Lassomycin_p4RT,-9.735319137573242,-2.9624950885772705,-6.056915760040283,0.2807168662548065
Lassomycin_p4RV,-8.614777565002441,-2.518742322921753,-5.302408695220947,0.24040445685386658
Lassomycin_p4RW,-6.7300286293029785,-1.7086278200149536,-3.9981191158294678,0.3924628794193268
Lassomycin_p4RY,-4.565793514251709,-0.7851719856262207,-2.4987952709198,0.5505445003509521
Lassomycin_p5LA,-8.03007984161377,-2.229473829269409,-4.877291202545166,0.39606136083602905
Lassomycin_p5LC,-10.064957618713379,-3.0564308166503906,-6.262106418609619,0.2710840702056885
Lassomycin_p5LD,-7.033279895782471,-1.8125916719436646,-4.192229747772217,0.4430197775363922
Lassomycin_p5LE,-7.379003524780273,-1.9836970567703247,-4.447316646575928,0.4087822735309601
Lassomycin_p5LF,-4.999402046203613,-0.9458780288696289,-2.790870428085327,0.5317322015762329
Lassomycin_p5LG,-5.255777835845947,-1.0693448781967163,-2.975290536880493,0.46443402767181396
Lassomycin_p5LH,-3.809340715408325,-0.4794471561908722,-1.9826387166976929,0.3991004526615143
Lassomycin_p5LI,-7.107651710510254,-1.8535140752792358,-4.253846168518066,0.4185684621334076
Lassomycin_p5LK,-8.386933326721191,-2.3904123306274414,-5.1223273277282715,0.3935614228248596
Lassomycin_p5LM,-8.488190650939941,-2.4416348934173584,-5.20078706741333,0.4043475091457367
Lassomycin_p5LN,-6.840220928192139,-1.7130752801895142,-4.050780296325684,0.48950865864753723
Lassomycin_p5LP,-6.3351216316223145,-1.5291582345962524,-3.718236207962036,0.3775467574596405
Lassomycin_p5LQ,-7.161635875701904,-1.8655678033828735,-4.28247594833374,0.4376004636287689
Lassomycin_p5LR,-5.987607002258301,-1.3839012384414673,-3.4775867462158203,0.416146844625473
Lassomycin_p5LS,-6.673885822296143,-1.6542420387268066,-3.941739320755005,0.45469316840171814
Lassomycin_p5LT,-7.849268436431885,-2.129659414291382,-4.741492748260498,0.4608040153980255
Lassomycin_p5LV,-7.315292835235596,-1.935834288597107,-4.391534328460693,0.3783307373523712
Lassomycin_p5LW,-3.7193689346313477,-0.4230765402317047,-1.9146397113800049,0.5526060461997986
Lassomycin_p5LY,-2.5701119899749756,0.048453137278556824,-1.1203422546386719,0.5508456230163574
Lassomycin_p6FA,-11.778288841247559,-3.8213388919830322,-7.4563727378845215,0.0736832544207573
Lassomycin_p6FC,-12.305338859558105,-3.990978956222534,-7.794894695281982,0.06780421733856201
Lassomycin_p6FD,-10.963765144348145,-3.4829258918762207,-6.902854919433594,0.11134994029998779
Lassomycin_p6FE,-11.872349739074707,-3.850895881652832,-7.515036582946777,0.0017305314540863037
Lassomycin_p6FG,-12.090428352355957,-3.969007730484009,-7.678371906280518,-0.07352135330438614
Lassomycin_p6FH,-6.699060440063477,-1.699140191078186,-3.9700000286102295,0.3288878798484802
Lassomycin_p6FI,-9.71169376373291,-2.9555671215057373,-6.034124851226807,0.3918072283267975
Lassomycin_p6FK,-10.256640434265137,-3.152625799179077,-6.396397113800049,0.20964893698692322
Lassomycin_p6FL,-10.668492317199707,-3.3241965770721436,-6.677751064300537,0.2724548578262329
Lassomycin_p6FM,-11.484055519104004,-3.670285940170288,-7.243532657623291,0.13196197152137756
Lassomycin_p6FN,-10.85233211517334,-3.4292497634887695,-6.8181304931640625,0.23366710543632507
Lassomycin_p6FP,-10.288235664367676,-3.183220148086548,-6.424440860748291,0.07960173487663269
Lassomycin_p6FQ,-10.15077018737793,-3.123627185821533,-6.338045597076416,0.20267343521118164
Lassomycin_p6FR,-8.94627857208252,-2.6074230670928955,-5.499377727508545,0.3016962707042694
Lassomycin_p6FS,-10.635719299316406,-3.342980146408081,-6.671708583831787,0.1788400113582611
Lassomycin_p6FT,-10.989954948425293,-3.4891371726989746,-6.914435386657715,0.18564659357070923
Lassomycin_p6FV,-10.862480163574219,-3.4394681453704834,-6.832522869110107,0.19324974715709686
Lassomycin_p6FW,-7.654574871063232,-2.0962142944335938,-4.632503509521484,0.40012887120246887
Lassomycin_p6FY,-5.728478908538818,-1.2677687406539917,-3.300605297088623,0.4633766710758209
Lassomycin_p7AC,-9.647076606750488,-2.8931846618652344,-5.980854034423828,0.2930859327316284
Lassomycin_p7AD,-5.72860860824585,-1.2865521907806396,-3.308336019515991,0.4609386622905731
Lassomycin_p7AE,-6.866334915161133,-1.7855708599090576,-4.09589147567749,0.40179333090782166
Lassomycin_p7AF,-4.527990818023682,-0.7829210758209229,-2.482616424560547,0.5197613835334778
Lassomycin_p7AG,-7.9186320304870605,-2.207340955734253,-4.8101325035095215,0.3702409863471985
Lassomycin_p7AH,-3.8592185974121094,-0.5559813976287842,-2.0364229679107666,0.4062635600566864
Lassomycin_p7AI,-5.52286958694458,-1.22195565700531,-3.1765379905700684,0.48647651076316833
Lassomycin_p7AK,-8.152302742004395,-2.30077862739563,-4.976424694061279,0.31645920872688293
Lassomycin_p7AL,-6.995176792144775,-1.8269122838974,-4.184628963470459,0.4626365602016449
Lassomycin_p7AM,-7.949717998504639,-2.2317070960998535,-4.840936183929443,0.37816545367240906
Lassomycin_p7AN,-6.3911566734313965,-1.5570554733276367,-3.7628796100616455,0.4948369562625885
Lassomycin_p7AP,-6.030947208404541,-1.4223393201828003,-3.526789426803589,0.3697526156902313
Lassomycin_p7AQ,-6.812998294830322,-1.7467361688613892,-4.059009075164795,0.38875654339790344
Lassomycin_p7AR,-5.513522624969482,-1.2019728422164917,-3.1706321239471436,0.40344133973121643
Lassomycin_p7AS,-6.497825622558594,-1.6082041263580322,-3.8385684490203857,0.4385058879852295
Lassomycin_p7AT,-6.942399501800537,-1.782537579536438,-4.140160083770752,0.4627082645893097
Lassomycin_p7AV,-6.701602935791016,-1.6976672410964966,-3.9792091846466064,0.4095553159713745
Lassomycin_p7AW,-4.516034126281738,-0.8216924667358398,-2.4845969676971436,0.4977724254131317
Lassomycin_p7AY,-2.529827356338501,-0.05762285739183426,-1.1471794843673706,0.5322506427764893
Lassomycin_p8NA,-8.855778694152832,-2.581824779510498,-5.448410511016846,0.36311501264572144
Lassomycin_p8NC,-11.34555435180664,-3.6228880882263184,-7.153824329376221,0.13368818163871765
Lassomycin_p8ND,-8.231951713562012,-2.3216888904571533,-5.015532970428467,0.3664340078830719
Lassomycin_p8NE,-9.843803405761719,-3.018359422683716,-6.1359357833862305,0.27394455671310425
Lassomycin_p8NF,-5.816569805145264,-1.3008867502212524,-3.355401039123535,0.49810412526130676
Lassomycin_p8NG,-5.525740146636963,-1.1812340021133423,-3.157027244567871,0.4516720473766327
Lassomycin_p8NH,-4.957360744476318,-0.9750560522079468,-2.7850840091705322,0.36013612151145935
Lassomycin_p8NI,-7.120378017425537,-1.8774158954620361,-4.264989376068115,0.3662673234939575
Lassomycin_p8NK,-10.223650932312012,-3.1764075756073,-6.392675876617432,0.23584282398223877
Lassomycin_p8NL,-9.360468864440918,-2.8210365772247314,-5.802285671234131,0.25795090198516846
Lassomycin_p8NM,-9.854873657226562,-3.025268316268921,-6.139919757843018,0.2450259029865265
Lassomycin_p8NP,-8.034656524658203,-2.2711374759674072,-4.901403427124023,0.2850189208984375
Lassomycin_p8NQ,-9.258000373840332,-2.7766544818878174,-5.7307658195495605,0.2750478982925415
Lassomycin_p8NR,-7.619908332824707,-2.092268466949463,-4.614570140838623,0.3475823700428009
Lassomycin_p8NS,-7.92055082321167,-2.203312635421753,-4.808691501617432,0.3841967284679413
Lassomycin_p8NT,-8.680943489074707,-2.5098493099212646,-5.329511642456055,0.3529641330242157
Lassomycin_p8NV,-8.026618003845215,-2.256600856781006,-4.8948140144348145,0.30164361000061035
Lassomycin_p8NW,-5.70126485824585,-1.2672024965286255,-3.2840940952301025,0.49245381355285645
Lassomycin_p8NY,-3.909503936767578,-0.52312833070755,-2.0576579570770264,0.543104887008667
Lassomycin_p9QA,-8.817947387695312,-2.558546543121338,-5.415456771850586,0.45758920907974243
Lassomycin_p9QC,-12.438875198364258,-4.086371898651123,-7.903819561004639,0.09522195905447006
Lassomycin_p9QD,-8.817519187927246,-2.5979514122009277,-5.433735370635986,0.23820409178733826
Lassomycin_p9QE,-9.356680870056152,-2.8239126205444336,-5.805016994476318,0.26793521642684937
Lassomycin_p9QF,-3.9946024417877197,-0.543176531791687,-2.107897996902466,0.6119208335876465
Lassomycin_p9QG,-5.644246578216553,-1.2294886112213135,-3.2381844520568848,0.5111202597618103
Lassomycin_p9QH,-5.810356616973877,-1.3333348035812378,-3.3733270168304443,0.37092921137809753
Lassomycin_p9QI,-5.564371585845947,-1.210901141166687,-3.1919987201690674,0.5909450650215149
Lassomycin_p9QK,-10.25412368774414,-3.1712992191314697,-6.4024224281311035,0.2982369363307953
Lassomycin_p9QL,-7.9828104972839355,-2.238955497741699,-4.853825569152832,0.4947911202907562
Lassomycin_p9QM,-8.695084571838379,-2.5456690788269043,-5.35252046585083,0.3761264979839325
Lassomycin_p9QN,-8.121768951416016,-2.2859160900115967,-4.947680950164795,0.42763182520866394
Lassomycin_p9QP,-7.594020843505859,-2.080090284347534,-4.598601341247559,0.3912801146507263
Lassomycin_p9QR,-6.977837562561035,-1.8024667501449585,-4.164971828460693,0.4165593683719635
Lassomycin_p9QS,-7.285150051116943,-1.9202252626419067,-4.366451740264893,0.49076053500175476
Lassomycin_p9QT,-7.8924455642700195,-2.1466774940490723,-4.770135402679443,0.5048949122428894
Lassomycin_p9QV,-7.304740905761719,-1.9336580038070679,-4.385188579559326,0.4558774530887604
Lassomycin_p9QW,-6.499663829803467,-1.6035393476486206,-3.8357458114624023,0.5071099400520325
Lassomycin_p9QY,-4.857665538787842,-0.9236807823181152,-2.7096259593963623,0.5486511588096619
Lassomycin_p10LA,-7.3759565353393555,-1.9386428594589233,-4.4171905517578125,0.3848167955875397
Lassomycin_p10LC,-9.051900863647461,-2.6365668773651123,-5.567100524902344,0.3212038576602936
Lassomycin_p10LD,-6.79572057723999,-1.6904926300048828,-4.019806861877441,0.46714547276496887
Lassomycin_p10LE,-7.57275915145874,-2.0572454929351807,-4.577358722686768,0.33029597997665405
Lassomycin_p10LF,-3.5758283138275146,-0.36596789956092834,-1.8156399726867676,0.5297645926475525
Lassomycin_p10LG,-4.751004219055176,-0.8494479656219482,-2.6254613399505615,0.42897915840148926
Lassomycin_p10LH,-3.0326433181762695,-0.18997377157211304,-1.461844563484192,0.3755064308643341
Lassomycin_p10LI,-6.770839214324951,-1.7054649591445923,-4.018890857696533,0.45990654826164246
Lassomycin_p10LK,-9.069364547729492,-2.6557023525238037,-5.587173938751221,0.29344671964645386
Lassomycin_p10LM,-8.3361177444458,-2.381960153579712,-5.09649133682251,0.3319239616394043
Lassomycin_p10LN,-6.471860408782959,-1.5578070878982544,-3.7995195388793945,0.45378318428993225
Lassomycin_p10LP,-6.567255020141602,-1.634433388710022,-3.8827526569366455,0.35745465755462646
Lassomycin_p10LQ,-6.431215286254883,-1.5678735971450806,-3.7839174270629883,0.36526528000831604
Lassomycin_p10LR,-5.097248077392578,-1.0026583671569824,-2.862844705581665,0.3783800005912781
Lassomycin_p10LS,-5.7603535652160645,-1.2752742767333984,-3.319343328475952,0.41978469491004944
Lassomycin_p10LT,-7.214633941650391,-1.870561957359314,-4.309084415435791,0.44346508383750916
Lassomycin_p10LV,-7.259853839874268,-1.9117757081985474,-4.351384162902832,0.38001713156700134
Lassomycin_p10LW,-2.499509572982788,-0.05852242559194565,-1.1262561082839966,0.41783902049064636
Lassomycin_p10LY,-1.890371322631836,0.24390500783920288,-0.6856452822685242,0.4956662356853485
Lassomycin_p11VA,-9.170292854309082,-2.7173912525177,-5.664005279541016,0.363582044839859
Lassomycin_p11VC,-10.071647644042969,-3.0493175983428955,-6.261996269226074,0.35881713032722473
Lassomycin_p11VD,-7.799739360809326,-2.1513264179229736,-4.727555751800537,0.4014640152454376
Lassomycin_p11VE,-9.4674711227417,-2.863532781600952,-5.874115467071533,0.3069458603858948
Lassomycin_p11VF,-6.019394397735596,-1.3642107248306274,-3.48225736618042,0.5754595994949341
Lassomycin_p11VG,-6.736861705780029,-1.6899007558822632,-3.9937198162078857,0.4837888777256012
Lassomycin_p11VH,-5.400848865509033,-1.1416010856628418,-3.0798323154449463,0.41530317068099976
Lassomycin_p11VI,-7.588049411773682,-2.0757806301116943,-4.59257173538208,0.44697728753089905
Lassomycin_p11VK,-10.543028831481934,-3.2698581218719482,-6.589232921600342,0.22012147307395935
Lassomycin_p11VL,-8.632439613342285,-2.4911141395568848,-5.289127826690674,0.48173508048057556
Lassomycin_p11VM,-8.400321006774902,-2.3974311351776123,-5.134101390838623,0.4572126269340515
Lassomycin_p11VN,-8.403742790222168,-2.3987390995025635,-5.137518405914307,0.4315173923969269
Lassomycin_p11VP,-6.956696510314941,-1.8126435279846191,-4.155419826507568,0.3323531448841095
Lassomycin_p11VQ,-8.079488754272461,-2.2703115940093994,-4.916933059692383,0.37381884455680847
Lassomycin_p11VR,-6.499311923980713,-1.6119240522384644,-3.834534168243408,0.42241689562797546
Lassomycin_p11VS,-7.75749397277832,-2.1392571926116943,-4.70358419418335,0.38772982358932495
Lassomycin_p11VT,-8.414424896240234,-2.412590742111206,-5.149991512298584,0.39780598878860474
Lassomycin_p11VW,-4.4195146560668945,-0.7133404016494751,-2.397648572921753,0.4962778389453888
Lassomycin_p11VY,-4.022688388824463,-0.5357441306114197,-2.118267774581909,0.5296252369880676
Lassomycin_p12GA,-10.025628089904785,-3.085357904434204,-6.253941059112549,0.2561064660549164
Lassomycin_p12GC,-8.483673095703125,-2.417334794998169,-5.188086986541748,0.3318895101547241
Lassomycin_p12GD,-9.7474946975708,-2.9727842807769775,-6.064454555511475,0.25044965744018555
Lassomycin_p12GE,-9.35366439819336,-2.7896153926849365,-5.789978981018066,0.2748705744743347
Lassomycin_p12GF,-5.454888343811035,-1.139398455619812,-3.102997064590454,0.5201933979988098
Lassomycin_p12GH,-7.765945911407471,-2.1416664123535156,-4.709436893463135,0.3540925085544586
Lassomycin_p12GI,-7.805391311645508,-2.1627633571624756,-4.74110221862793,0.37458139657974243
Lassomycin_p12GK,-11.710938453674316,-3.7651126384735107,-7.396323204040527,0.09438325464725494
Lassomycin_p12GL,-10.513392448425293,-3.291934013366699,-6.591513633728027,0.21723800897598267
Lassomycin_p12GM,-10.25804615020752,-3.183220624923706,-6.415964603424072,0.2433139681816101
Lassomycin_p12GN,-10.424179077148438,-3.249946355819702,-6.5267415046691895,0.25914549827575684
Lassomycin_p12GP,-9.253180503845215,-2.767617702484131,-5.735997200012207,0.16343700885772705
Lassomycin_p12GQ,-10.367717742919922,-3.228757619857788,-6.490036487579346,0.23149940371513367
Lassomycin_p12GR,-8.880973815917969,-2.609977960586548,-5.467263698577881,0.32262149453163147
Lassomycin_p12GS,-9.311924934387207,-2.796719551086426,-5.767940044403076,0.26804879307746887
Lassomycin_p12GT,-9.77912425994873,-2.98205304145813,-6.087747573852539,0.29100343585014343
Lassomycin_p12GV,-8.381357192993164,-2.399644374847412,-5.126947402954102,0.32969868183135986
Lassomycin_p12GW,-5.369892597198486,-1.1182793378829956,-3.049781084060669,0.5209587216377258
Lassomycin_p12GY,-4.268705368041992,-0.6583297252655029,-2.2921125888824463,0.5307257771492004
Lassomycin_p13RA,-8.420976638793945,-2.3943536281585693,-5.149000644683838,0.3337455093860626
Lassomycin_p13RC,-8.949188232421875,-2.6028854846954346,-5.505895137786865,0.39936333894729614
Lassomycin_p13RD,-7.23864221572876,-1.9131739139556885,-4.347326278686523,0.4082299768924713
Lassomycin_p13RE,-7.645626544952393,-2.0958452224731445,-4.626271724700928,0.36613643169403076
Lassomycin_p13RF,-3.1439263820648193,-0.17189332842826843,-1.5198343992233276,0.6700541377067566
Lassomycin_p13RG,-5.473978519439697,-1.1521321535110474,-3.1197831630706787,0.4861525297164917
Lassomycin_p13RH,-5.360118389129639,-1.118416428565979,-3.04887056350708,0.435555100440979
Lassomycin_p13RI,-5.656067848205566,-1.2407296895980835,-3.2491633892059326,0.5374837517738342
Lassomycin_p13RK,-12.033392906188965,-3.9137489795684814,-7.623619556427002,0.020676419138908386
Lassomycin_p13RL,-9.234536170959473,-2.764295816421509,-5.712932109832764,0.33958569169044495
Lassomycin_p13RM,-8.436016082763672,-2.421074390411377,-5.164583206176758,0.3786022961139679
Lassomycin_p13RN,-8.317716598510742,-2.3720929622650146,-5.083481788635254,0.3539379835128784
Lassomycin_p13RP,-7.299861431121826,-1.9533685445785522,-4.3935675621032715,0.2948611378669739
Lassomycin_p13RQ,-7.777251720428467,-2.1489150524139404,-4.71765661239624,0.36894604563713074
Lassomycin_p13RS,-6.8389506340026855,-1.7393125295639038,-4.066215515136719,0.40444982051849365
Lassomycin_p13RT,-7.247961044311523,-1.8918976783752441,-4.333604335784912,0.4493032991886139
Lassomycin_p13RV,-7.123133182525635,-1.847608208656311,-4.25527811050415,0.41820189356803894
Lassomycin_p13RW,-3.3457255363464355,-0.26291677355766296,-1.655901312828064,0.5609404444694519
Lassomycin_p13RY,-3.558384656906128,-0.34877249598503113,-1.8055247068405151,0.6055145263671875
Lassomycin_p14RA,-8.154983520507812,-2.2637033462524414,-4.954651355743408,0.4026225805282593
Lassomycin_p14RC,-8.946392059326172,-2.608027696609497,-5.49848747253418,0.4161314070224762
Lassomycin_p14RD,-5.33510160446167,-1.0984688997268677,-3.025221586227417,0.45235344767570496
Lassomycin_p14RE,-7.695105075836182,-2.121141195297241,-4.662896633148193,0.35114285349845886
Lassomycin_p14RF,-2.7122914791107178,0.02123558521270752,-1.2150100469589233,0.6237084865570068
Lassomycin_p14RG,-4.473903179168701,-0.7305483818054199,-2.432781934738159,0.5144082903862
Lassomycin_p14RH,-4.211724758148193,-0.640805721282959,-2.2615692615509033,0.4234406650066376
Lassomycin_p14RI,-5.0294318199157715,-0.9661797285079956,-2.8100099563598633,0.6119779348373413
Lassomycin_p14RK,-12.488078117370605,-4.116109371185303,-7.939822673797607,-0.07060884684324265
Lassomycin_p14RL,-7.524569988250732,-2.0354256629943848,-4.534616947174072,0.5274785757064819
Lassomycin_p14RM,-6.816980361938477,-1.7177647352218628,-4.043028354644775,0.5205870866775513
Lassomycin_p14RN,-6.441964626312256,-1.5576624870300293,-3.7865188121795654,0.4804348647594452
Lassomycin_p14RP,-7.828455448150635,-2.191974639892578,-4.762547969818115,0.26076701283454895
Lassomycin_p14RQ,-7.681939601898193,-2.1044981479644775,-4.654289722442627,0.3563228249549866
Lassomycin_p14RS,-6.967344760894775,-1.7844010591506958,-4.150092601776123,0.414921373128891
Lassomycin_p14RT,-7.479287624359131,-1.972664475440979,-4.486040115356445,0.48103854060173035
Lassomycin_p14RV,-6.032968521118164,-1.3760398626327515,-3.4972732067108154,0.5466476678848267
Lassomycin_p14RW,-1.7658063173294067,0.3411902189254761,-0.5784828066825867,0.552726686000824
Lassomycin_p14RY,-2.0239906311035156,0.2493727207183838,-0.7536575794219971,0.5812729597091675
Lassomycin_p15NA,-9.424616813659668,-2.8298890590667725,-5.842458724975586,0.2692675292491913
Lassomycin_p15NC,-9.413398742675781,-2.8047308921813965,-5.822636604309082,0.30371740460395813
Lassomycin_p15ND,-6.172545909881592,-1.4671639204025269,-3.6090574264526367,0.37774425745010376
Lassomycin_p15NE,-7.096436500549316,-1.8880900144577026,-4.259332180023193,0.30742862820625305
Lassomycin_p15NF,-5.338040828704834,-1.0958002805709839,-3.02811861038208,0.516857922077179
Lassomycin_p15NG,-5.711309909820557,-1.2519091367721558,-3.286189079284668,0.4732465147972107
Lassomycin_p15NH,-5.961782932281494,-1.3911948204040527,-3.4737813472747803,0.34088370203971863
Lassomycin_p15NI,-7.890748023986816,-2.205784559249878,-4.800416946411133,0.35153862833976746
Lassomycin_p15NK,-11.780362129211426,-3.814567804336548,-7.449065208435059,-0.015673168003559113
Lassomycin_p15NL,-9.814751625061035,-3.0023679733276367,-6.114964008331299,0.251326322555542
Lassomycin_p15NM,-8.917119979858398,-2.6335742473602295,-5.500748157501221,0.327175110578537
Lassomycin_p15NP,-8.581513404846191,-2.514988660812378,-5.283117294311523,0.1823667287826538
Lassomycin_p15NQ,-8.733956336975098,-2.5638437271118164,-5.3808512687683105,0.25402018427848816
Lassomycin_p15NR,-8.649686813354492,-2.524231433868408,-5.323254108428955,0.2918073534965515
Lassomycin_p15NS,-7.592550277709961,-2.0772087574005127,-4.597504615783691,0.38099658489227295
Lassomycin_p15NT,-8.497177124023438,-2.446988105773926,-5.207517623901367,0.3611580729484558
Lassomycin_p15NV,-8.466429710388184,-2.4505348205566406,-5.201728343963623,0.3019329905509949
Lassomycin_p15NW,-3.5728671550750732,-0.40320342779159546,-1.8163689374923706,0.49837011098861694
Lassomycin_p15NY,-4.315196514129639,-0.6850631237030029,-2.3304054737091064,0.5097222924232483
Lassomycin_p16IA,-10.63637638092041,-3.334047555923462,-6.669094562530518,0.3145316541194916
Lassomycin_p16IC,-10.119343757629395,-3.1211206912994385,-6.321588039398193,0.20967134833335876
Lassomycin_p16ID,-8.676278114318848,-2.5459530353546143,-5.342270374298096,0.24498754739761353
Lassomycin_p16IE,-9.586092948913574,-2.9238836765289307,-5.962018013000488,0.27455416321754456
Lassomycin_p16IF,-7.193102836608887,-1.8564789295196533,-4.290853023529053,0.48994991183280945
Lassomycin_p16IG,-8.483882904052734,-2.4258430004119873,-5.193519115447998,0.4558276832103729
Lassomycin_p16IH,-8.231459617614746,-2.3384602069854736,-5.024899959564209,0.2842213213443756
Lassomycin_p16IK,-13.600942611694336,-4.568554401397705,-8.697776794433594,-0.155533105134964
Lassomycin_p16IL,-10.321911811828613,-3.2077839374542236,-6.45965051651001,0.2500826120376587
Lassomycin_p16IM,-9.587202072143555,-2.892225503921509,-5.951931476593018,0.32228711247444153
Lassomycin_p16IN,-9.495329856872559,-2.8837287425994873,-5.8977742195129395,0.1860513538122177
Lassomycin_p16IP,-9.452494621276855,-2.8587403297424316,-5.864927768707275,0.2311743199825287
Lassomycin_p16IQ,-10.676356315612793,-3.3526041507720947,-6.704639434814453,0.1620778888463974
Lassomycin_p16IR,-11.26463794708252,-3.5796680450439453,-7.0920023918151855,0.17413847148418427
Lassomycin_p16IS,-9.693495750427246,-2.9472134113311768,-6.030111789703369,0.33199697732925415
Lassomycin_p16IT,-9.318164825439453,-2.7814295291900635,-5.770229339599609,0.35758671164512634
Lassomycin_p16IV,-8.505640983581543,-2.449237108230591,-5.211323261260986,0.3795921206474304
Lassomycin_p16IW,-5.756299018859863,-1.275689721107483,-3.3195507526397705,0.4373912513256073
Lassomycin_p16IY,-5.058223724365234,-0.9755736589431763,-2.8347578048706055,0.4775368273258209
Sphingopyxin-I_p1GA,-7.4094438552856445,-2.9845399856567383,-4.671792030334473,-2.5071566104888916
Sphingopyxin-I_p1GC,0.5175191164016724,0.9764243960380554,0.9888219237327576,-1.867026925086975
Sphingopyxin-I_p1GD,-0.12775897979736328,0.9398030638694763,0.5472643971443176,-0.7417936325073242
Sphingopyxin-I_p1GE,0.5443373918533325,0.9477819204330444,0.8381447792053223,0.08816305547952652
Sphingopyxin-I_p1GF,0.5025290250778198,0.9215704798698425,0.7757902145385742,0.6061404943466187
Sphingopyxin-I_p1GH,0.5654369592666626,1.1845166683197021,1.0141373872756958,-0.7521846294403076
Sphingopyxin-I_p1GI,0.349881112575531,0.6331830620765686,0.5399466156959534,0.7363098859786987
Sphingopyxin-I_p1GK,1.598029375076294,1.2311855554580688,1.4632558822631836,0.2058056890964508
Sphingopyxin-I_p1GL,1.2217166423797607,1.1027320623397827,1.2154971361160278,0.4763309359550476
Sphingopyxin-I_p1GM,-0.35598024725914,0.6058254837989807,0.24451443552970886,0.46372565627098083
Sphingopyxin-I_p1GN,1.012359380722046,0.9451495409011841,1.037036657333374,0.6146550178527832
Sphingopyxin-I_p1GP,0.8761171102523804,1.2784044742584229,1.2076047658920288,-0.4478892982006073
Sphingopyxin-I_p1GQ,1.7139146327972412,1.267052173614502,1.5387381315231323,-0.33441659808158875
Sphingopyxin-I_p1GR,-0.0028838589787483215,0.7150731086730957,0.42341262102127075,0.6442124843597412
Sphingopyxin-I_p1GS,-0.1352454125881195,0.7129760980606079,0.36498451232910156,0.6196972131729126
Sphingopyxin-I_p1GT,-0.5415934920310974,0.501032292842865,0.06529758125543594,0.6494382619857788
Sphingopyxin-I_p1GV,-1.817734956741333,0.39340290427207947,-0.5988428592681885,0.11572223901748657
Sphingopyxin-I_p1GW,1.463457703590393,1.3934382200241089,1.5444549322128296,-0.7044745683670044
Sphingopyxin-I_p1GY,1.9373592138290405,1.3446604013442993,1.6814919710159302,0.1971372365951538
Sphingopyxin-I_p2IA,-1.1057697534561157,0.7529600858688354,-0.08758827298879623,0.05086693540215492
Sphingopyxin-I_p2IC,-2.4654102325439453,0.18945512175559998,-1.0238765478134155,-0.04639428108930588
Sphingopyxin-I_p2ID,-1.061653971672058,0.7679070234298706,-0.06042087823152542,-0.21756413578987122
Sphingopyxin-I_p2IE,-0.9929970502853394,0.7954646944999695,-0.009890921413898468,-0.034201428294181824
Sphingopyxin-I_p2IF,-0.14754247665405273,1.1623681783676147,0.5762757658958435,-0.4071143865585327
Sphingopyxin-I_p2IG,-0.18863824009895325,1.1241732835769653,0.545749306678772,-0.07633998245000839
Sphingopyxin-I_p2IH,-0.37541237473487854,1.064150333404541,0.41677334904670715,-0.5395312905311584
Sphingopyxin-I_p2IK,-1.7037681341171265,0.5160333514213562,-0.48975786566734314,-0.31956079602241516
Sphingopyxin-I_p2IL,-1.5840333700180054,0.554466962814331,-0.41736313700675964,-0.1928137242794037
Sphingopyxin-I_p2IM,-1.5836316347122192,0.5506042838096619,-0.41741541028022766,-0.11448017507791519
Sphingopyxin-I_p2IN,-1.4072411060333252,0.6365761756896973,-0.29424935579299927,-0.25070053339004517
Sphingopyxin-I_p2IP,-0.5176831483840942,0.9838820695877075,0.31478092074394226,-0.3309996426105499
Sphingopyxin-I_p2IQ,-1.430204153060913,0.6302302479743958,-0.30483394861221313,-0.381374329328537
Sphingopyxin-I_p2IR,-0.902349054813385,0.8527487516403198,0.05406700819730759,-0.38353466987609863
Sphingopyxin-I_p2IS,-1.4242349863052368,0.6251360177993774,-0.30749157071113586,-0.11199969798326492
Sphingopyxin-I_p2IT,-2.1178104877471924,0.34205007553100586,-0.7759954333305359,-0.20779737830162048
Sphingopyxin-I_p2IV,-1.0429573059082031,0.7709890604019165,-0.04439940303564072,-0.04524075239896774
Sphingopyxin-I_p2IW,0.05261232703924179,1.2346786260604858,0.7116804122924805,-0.3893944025039673
Sphingopyxin-I_p2IY,0.4054812490940094,1.3750324249267578,0.9548822641372681,-0.4273442327976227
Sphingopyxin-I_p3EA,-0.48900070786476135,0.9981354475021362,0.3344416916370392,0.1755913496017456
Sphingopyxin-I_p3EC,-1.1285723447799683,0.7377382516860962,-0.1026310846209526,0.23532822728157043
Sphingopyxin-I_p3ED,-1.3719335794448853,0.641413152217865,-0.27081456780433655,0.081281378865242
Sphingopyxin-I_p3EF,1.3923321962356567,1.6297484636306763,1.5891894102096558,0.15597563982009888
Sphingopyxin-I_p3EG,0.35659855604171753,1.3295050859451294,0.9122572541236877,0.14879167079925537
Sphingopyxin-I_p3EH,1.0773125886917114,1.5442031621932983,1.3892319202423096,-0.31881046295166016
Sphingopyxin-I_p3EI,0.645777702331543,1.3796635866165161,1.087820291519165,0.35310661792755127
Sphingopyxin-I_p3EK,-0.6986280679702759,0.9236204624176025,0.19215428829193115,-0.19281426072120667
Sphingopyxin-I_p3EL,0.06841059774160385,1.1760212182998657,0.7038556337356567,0.1864849179983139
Sphingopyxin-I_p3EM,-0.18351677060127258,1.1062686443328857,0.5327156186103821,0.14464101195335388
Sphingopyxin-I_p3EN,-0.7629010081291199,0.8971842527389526,0.1483827531337738,0.019870050251483917
Sphingopyxin-I_p3EP,-0.31356072425842285,1.059377670288086,0.44949081540107727,-0.04029840975999832
Sphingopyxin-I_p3EQ,-0.3818972408771515,1.039770245552063,0.4079574644565582,-0.1332974135875702
Sphingopyxin-I_p3ER,0.8930730819702148,1.5196853876113892,1.2727078199386597,-0.3172616958618164
Sphingopyxin-I_p3ES,-0.6663577556610107,0.9248517751693726,0.21101179718971252,0.17642083764076233
Sphingopyxin-I_p3ET,-0.9413760900497437,0.8202263116836548,0.02614773064851761,-0.007254846394062042
Sphingopyxin-I_p3EV,0.0026097670197486877,1.155591607093811,0.6576578617095947,0.24309691786766052
Sphingopyxin-I_p3EW,1.4330343008041382,1.6182249784469604,1.6121944189071655,0.06996963918209076
Sphingopyxin-I_p3EY,2.137819290161133,1.8568835258483887,2.0742347240448,-0.1521734595298767
Sphingopyxin-I_p4PA,-1.3200219869613647,0.6739519834518433,-0.2349725067615509,-0.09614316374063492
Sphingopyxin-I_p4PC,-1.3415147066116333,0.6736807227134705,-0.24710318446159363,-0.3317812979221344
Sphingopyxin-I_p4PD,-1.6330424547195435,0.5312363505363464,-0.4520808756351471,-0.2986096441745758
Sphingopyxin-I_p4PE,-1.4662232398986816,0.6017922163009644,-0.33660629391670227,-0.3021058142185211
Sphingopyxin-I_p4PF,0.7053279280662537,1.4663022756576538,1.156349778175354,-0.12891384959220886
Sphingopyxin-I_p4PG,-0.520992636680603,1.0203711986541748,0.3181244134902954,-0.4171580970287323
Sphingopyxin-I_p4PH,-0.22252753376960754,1.1065970659255981,0.5170472264289856,-0.40972617268562317
Sphingopyxin-I_p4PI,-0.9005944132804871,0.8544368743896484,0.05312303453683853,-0.09439156204462051
Sphingopyxin-I_p4PK,-1.1331565380096436,0.7450574040412903,-0.10709690302610397,-0.035831063985824585
Sphingopyxin-I_p4PL,-0.9977937936782837,0.8142788410186768,-0.012577630579471588,-0.19847658276557922
Sphingopyxin-I_p4PM,-1.1698579788208008,0.7401880025863647,-0.1329880952835083,-0.0750899687409401
Sphingopyxin-I_p4PN,-1.1214163303375244,0.7551106214523315,-0.09763536602258682,-0.16937831044197083
Sphingopyxin-I_p4PQ,-1.3346689939498901,0.6573038697242737,-0.24672165513038635,-0.09902247041463852
Sphingopyxin-I_p4PR,-0.587891161441803,0.9615996479988098,0.26710715889930725,-0.20890524983406067
Sphingopyxin-I_p4PS,-1.147175908088684,0.7440494298934937,-0.1162569597363472,-0.17143002152442932
Sphingopyxin-I_p4PT,-1.7975472211837769,0.4790918529033661,-0.5626281499862671,-0.25390079617500305
Sphingopyxin-I_p4PV,-1.1979180574417114,0.7392072677612305,-0.14816638827323914,-0.3273736536502838
Sphingopyxin-I_p4PW,1.3338613510131836,1.6330294609069824,1.5616470575332642,-0.3895798921585083
Sphingopyxin-I_p4PY,1.0426563024520874,1.6074479818344116,1.391945242881775,-0.4862956702709198
Sphingopyxin-I_p5LA,-1.311518669128418,0.6591184139251709,-0.23090779781341553,-0.19474640488624573
Sphingopyxin-I_p5LC,-1.6326839923858643,0.5350419282913208,-0.4506405293941498,-0.32523444294929504
Sphingopyxin-I_p5LD,-2.184462308883667,0.3018949329853058,-0.8258059024810791,-0.5256885886192322
Sphingopyxin-I_p5LE,-1.873233437538147,0.42984500527381897,-0.6179777383804321,-0.5089713931083679
Sphingopyxin-I_p5LF,-0.2517452538013458,1.0969048738479614,0.4980858266353607,-0.27466824650764465
Sphingopyxin-I_p5LG,-1.1348121166229248,0.7427084445953369,-0.10810372978448868,-0.3930302858352661
Sphingopyxin-I_p5LH,-0.5604252219200134,0.9581689834594727,0.28548339009284973,-0.5664170384407043
Sphingopyxin-I_p5LI,-1.111440896987915,0.7588629722595215,-0.0915137305855751,-0.172797292470932
Sphingopyxin-I_p5LK,-1.7477246522903442,0.4855146110057831,-0.5282413959503174,-0.45943447947502136
Sphingopyxin-I_p5LM,-1.3425902128219604,0.6485268473625183,-0.25393375754356384,-0.23228242993354797
Sphingopyxin-I_p5LN,-1.7609843015670776,0.4793669283390045,-0.5400335788726807,-0.32668542861938477
Sphingopyxin-I_p5LP,-0.9441083669662476,0.7950183749198914,0.014974795281887054,-0.3605577349662781
Sphingopyxin-I_p5LQ,-1.1680885553359985,0.7225694060325623,-0.1327281892299652,-0.42835304141044617
Sphingopyxin-I_p5LR,-0.5898483991622925,0.9535894393920898,0.26545804738998413,-0.4800303876399994
Sphingopyxin-I_p5LS,-1.1165001392364502,0.743371844291687,-0.09596527367830276,-0.2644668519496918
Sphingopyxin-I_p5LT,-1.7256526947021484,0.4945060908794403,-0.5157417058944702,-0.3026108741760254
Sphingopyxin-I_p5LV,-1.304289698600769,0.6695845723152161,-0.22575914859771729,-0.18979495763778687
Sphingopyxin-I_p5LW,-0.04960251599550247,1.1457687616348267,0.6304366588592529,-0.4023350775241852
Sphingopyxin-I_p5LY,0.047231487929821014,1.2099988460540771,0.7018711566925049,-0.5174459218978882
Sphingopyxin-I_p6GA,-2.179628610610962,0.2880890667438507,-0.8311192393302917,0.36312955617904663
Sphingopyxin-I_p6GC,-2.9085028171539307,-0.0084129199385643,-1.331675410270691,0.3471470773220062
Sphingopyxin-I_p6GD,-2.4436967372894287,0.17441096901893616,-1.017938494682312,-0.017810627818107605
Sphingopyxin-I_p6GE,-2.1438944339752197,0.29927337169647217,-0.8103820085525513,-0.0014591142535209656
Sphingopyxin-I_p6GF,-0.8555364608764648,0.8464900255203247,0.08039887994527817,0.26475629210472107
Sphingopyxin-I_p6GH,-0.7827904224395752,0.8357257843017578,0.12005452066659927,-0.012892328202724457
Sphingopyxin-I_p6GI,-1.482767105102539,0.586703360080719,-0.35203781723976135,0.46345338225364685
Sphingopyxin-I_p6GK,-1.9797371625900269,0.36663341522216797,-0.6979168653488159,0.3459620177745819
Sphingopyxin-I_p6GL,-1.8971786499023438,0.4057910442352295,-0.63979172706604,0.47398021817207336
Sphingopyxin-I_p6GM,-1.876479983329773,0.4218648076057434,-0.6220793724060059,0.26310643553733826
Sphingopyxin-I_p6GN,-2.3329951763153076,0.2236713171005249,-0.9364010095596313,0.30173707008361816
Sphingopyxin-I_p6GP,-1.275036334991455,0.633220911026001,-0.22169280052185059,0.32672497630119324
Sphingopyxin-I_p6GQ,-1.4347978830337524,0.5814530253410339,-0.32719066739082336,0.2257261872291565
Sphingopyxin-I_p6GR,-0.5392414927482605,0.9164837598800659,0.2767162322998047,0.22068393230438232
Sphingopyxin-I_p6GS,-1.6630961894989014,0.5054022073745728,-0.47586163878440857,0.29539015889167786
Sphingopyxin-I_p6GT,-2.0786168575286865,0.33380579948425293,-0.7614021301269531,0.28021425008773804
Sphingopyxin-I_p6GV,-1.84040367603302,0.4350050985813141,-0.5991050004959106,0.4296427369117737
Sphingopyxin-I_p6GW,-0.5047436952590942,0.957676112651825,0.3148168623447418,-0.05952338129281998
Sphingopyxin-I_p6GY,-0.18524375557899475,1.0937907695770264,0.5386391282081604,-0.0766310915350914
Sphingopyxin-I_p7PA,-1.6602016687393188,0.5218433141708374,-0.470215767621994,-0.11087588220834732
Sphingopyxin-I_p7PC,-2.4425406455993652,0.20075955986976624,-1.0063989162445068,-0.29633355140686035
Sphingopyxin-I_p7PD,-2.567899465560913,0.1368108093738556,-1.0944067239761353,-0.11063403636217117
Sphingopyxin-I_p7PE,-2.163330316543579,0.3126508891582489,-0.8174018263816833,-0.10766769200563431
Sphingopyxin-I_p7PF,-0.4171294867992401,1.0612815618515015,0.3937946856021881,-0.07073494046926498
Sphingopyxin-I_p7PG,-1.7078135013580322,0.4924571216106415,-0.5027317404747009,0.016548998653888702
Sphingopyxin-I_p7PH,-0.902376115322113,0.8411606550216675,0.05106758326292038,-0.3065877854824066
Sphingopyxin-I_p7PI,-0.7760031819343567,0.9040679931640625,0.14071860909461975,-0.0730954185128212
Sphingopyxin-I_p7PK,-2.415271043777466,0.21443220973014832,-0.9815915822982788,0.0738351121544838
Sphingopyxin-I_p7PL,-1.6871140003204346,0.5216478109359741,-0.48820289969444275,-0.08268795162439346
Sphingopyxin-I_p7PM,-1.7017571926116943,0.5154995322227478,-0.4982040822505951,-0.17621293663978577
Sphingopyxin-I_p7PN,-2.2014424800872803,0.2924000322818756,-0.8422885537147522,0.05757681280374527
Sphingopyxin-I_p7PQ,-1.6987903118133545,0.5069975256919861,-0.49680039286613464,-0.0328066423535347
Sphingopyxin-I_p7PR,-0.7656732797622681,0.9035083055496216,0.14338845014572144,-0.24039068818092346
Sphingopyxin-I_p7PS,-1.5516725778579712,0.5657531023025513,-0.3921146094799042,-0.05248994380235672
Sphingopyxin-I_p7PT,-1.8270384073257446,0.45563751459121704,-0.5839108228683472,-0.11305402964353561
Sphingopyxin-I_p7PV,-1.2664424180984497,0.6981487274169922,-0.19880729913711548,-0.15771394968032837
Sphingopyxin-I_p7PW,0.031816087663173676,1.2310906648635864,0.699600100517273,-0.3595864474773407
Sphingopyxin-I_p7PY,-0.1459413468837738,1.179452896118164,0.5795242190361023,-0.37197187542915344
Sphingopyxin-I_p8VA,-1.8613386154174805,0.4290943741798401,-0.6102259159088135,-0.04338531941175461
Sphingopyxin-I_p8VC,-3.1015591621398926,-0.08983611315488815,-1.465013861656189,-0.10063398629426956
Sphingopyxin-I_p8VD,-2.5634584426879883,0.1313748061656952,-1.0955866575241089,-0.20060917735099792
Sphingopyxin-I_p8VE,-2.7655556201934814,0.04035932570695877,-1.2380753755569458,-0.07284275442361832
Sphingopyxin-I_p8VF,-0.14048954844474792,1.1191688776016235,0.5711042284965515,-0.3222540318965912
Sphingopyxin-I_p8VG,-2.028075695037842,0.3143126368522644,-0.7390974760055542,0.01500130444765091
Sphingopyxin-I_p8VH,-0.9043152928352356,0.8138058185577393,0.04785104840993881,-0.40220558643341064
Sphingopyxin-I_p8VI,-0.8877553939819336,0.8389286398887634,0.062058933079242706,-0.09585928171873093
Sphingopyxin-I_p8VK,-2.742713451385498,0.05815208703279495,-1.215753197669983,0.09759845584630966
Sphingopyxin-I_p8VL,-1.2889503240585327,0.6656934022903442,-0.21397283673286438,-0.07760783284902573
Sphingopyxin-I_p8VM,-1.493688941001892,0.5819128751754761,-0.3567807078361511,-0.09867159277200699
Sphingopyxin-I_p8VN,-2.3623859882354736,0.2110210657119751,-0.9577078819274902,0.025132983922958374
Sphingopyxin-I_p8VP,-1.5720421075820923,0.5253035426139832,-0.4195357859134674,0.14601071178913116
Sphingopyxin-I_p8VQ,-1.9635690450668335,0.3822226822376251,-0.681312084197998,-0.06458837538957596
Sphingopyxin-I_p8VR,-1.3685764074325562,0.6309380531311035,-0.27045395970344543,-0.20843282341957092
Sphingopyxin-I_p8VS,-1.739676594734192,0.473537415266037,-0.5258710384368896,0.0022862479090690613
Sphingopyxin-I_p8VT,-2.018233299255371,0.36598825454711914,-0.7177050113677979,-0.0940520241856575
Sphingopyxin-I_p8VW,0.14718899130821228,1.1844178438186646,0.7589401006698608,-0.44925305247306824
Sphingopyxin-I_p8VY,0.24386358261108398,1.265389323234558,0.834507167339325,-0.5466905236244202
Sphingopyxin-I_p9DA,-2.1254160404205322,0.29623129963874817,-0.7988550662994385,0.2791881263256073
Sphingopyxin-I_p9DC,-3.920889139175415,-0.44747868180274963,-2.0348689556121826,0.24501711130142212
Sphingopyxin-I_p9DE,-2.3860480785369873,0.2164875864982605,-0.9696983098983765,0.28549307584762573
Sphingopyxin-I_p9DF,-0.417542427778244,0.9020209908485413,0.34919312596321106,0.226843923330307
Sphingopyxin-I_p9DG,-1.2229931354522705,0.6464020013809204,-0.18282923102378845,0.08849892020225525
Sphingopyxin-I_p9DH,-1.1717880964279175,0.6719039678573608,-0.14578315615653992,-0.025954201817512512
Sphingopyxin-I_p9DI,-1.3797255754470825,0.5764320492744446,-0.2931681275367737,0.2717319428920746
Sphingopyxin-I_p9DK,-2.5157384872436523,0.13857989013195038,-1.0670047998428345,0.25306349992752075
Sphingopyxin-I_p9DL,-2.1519432067871094,0.2608780860900879,-0.8260223865509033,0.34233173727989197
Sphingopyxin-I_p9DM,-2.2643754482269287,0.2382824718952179,-0.8958579301834106,0.2016892433166504
Sphingopyxin-I_p9DN,-2.4676554203033447,0.1692093312740326,-1.028327465057373,0.2485349476337433
Sphingopyxin-I_p9DP,-2.3753137588500977,0.1596282720565796,-0.9778181314468384,0.5960630178451538
Sphingopyxin-I_p9DQ,-1.897678256034851,0.3839353621006012,-0.6440969705581665,0.16669943928718567
Sphingopyxin-I_p9DR,-0.8211604356765747,0.7767416834831238,0.07737711817026138,0.12300261855125427
Sphingopyxin-I_p9DS,-1.648886799812317,0.4944858253002167,-0.47005918622016907,0.19224581122398376
Sphingopyxin-I_p9DT,-1.9762996435165405,0.3624331057071686,-0.6958083510398865,0.20702457427978516
Sphingopyxin-I_p9DV,-1.964983582496643,0.34140920639038086,-0.6950882077217102,0.264544278383255
Sphingopyxin-I_p9DW,-0.9228516817092896,0.7275218963623047,0.012573279440402985,0.09266187250614166
Sphingopyxin-I_p9DY,0.21295073628425598,1.1179636716842651,0.7797729969024658,-0.0560959056019783
Sphingopyxin-I_p10EA,-1.128193974494934,0.7455934286117554,-0.10387248545885086,0.020021766424179077
Sphingopyxin-I_p10EC,-2.0496718883514404,0.36147749423980713,-0.7342493534088135,-0.04346763342618942
Sphingopyxin-I_p10ED,-0.7790959477424622,0.8963361978530884,0.13552376627922058,-0.3265112340450287
Sphingopyxin-I_p10EF,1.392153024673462,1.6897419691085815,1.6042183637619019,0.06415693461894989
Sphingopyxin-I_p10EG,-0.39099982380867004,1.0415438413619995,0.4024069607257843,-0.18071985244750977
Sphingopyxin-I_p10EH,0.030340097844600677,1.1904422044754028,0.6842280626296997,-0.21039339900016785
Sphingopyxin-I_p10EI,0.06633927673101425,1.209185242652893,0.70573890209198,0.09834520518779755
Sphingopyxin-I_p10EK,-2.2987468242645264,0.24652588367462158,-0.9120957255363464,0.18178100883960724
Sphingopyxin-I_p10EL,-0.09545595198869705,1.1391854286193848,0.5953096747398376,0.09912270307540894
Sphingopyxin-I_p10EM,-0.8881489038467407,0.8314253091812134,0.05089140683412552,0.029341280460357666
Sphingopyxin-I_p10EN,-0.8548352122306824,0.8610243201255798,0.08777622133493423,-0.0981980636715889
Sphingopyxin-I_p10EP,-0.20034584403038025,1.0884901285171509,0.5228053331375122,0.13165447115898132
Sphingopyxin-I_p10EQ,-1.0704576969146729,0.7593652009963989,-0.06569131463766098,0.029083076864480972
Sphingopyxin-I_p10ER,-0.05351070314645767,1.1614673137664795,0.6267508864402771,-0.09194350987672806
Sphingopyxin-I_p10ES,-0.7147078514099121,0.9156644940376282,0.1833907663822174,-0.023984968662261963
Sphingopyxin-I_p10ET,-0.9996753931045532,0.7984417080879211,-0.011814124882221222,-0.06662110239267349
Sphingopyxin-I_p10EV,-1.0178539752960205,0.7811211347579956,-0.030168168246746063,0.1478043496608734
Sphingopyxin-I_p10EW,1.0513747930526733,1.554828405380249,1.3728083372116089,-0.14922019839286804
Sphingopyxin-I_p10EY,1.2713127136230469,1.673324704170227,1.5293298959732056,-0.19213783740997314
Sphingopyxin-I_p11DA,-0.46853938698768616,1.0291393995285034,0.3505416214466095,-0.03307897597551346
Sphingopyxin-I_p11DC,-0.4668230712413788,1.0093249082565308,0.35511836409568787,-0.18295106291770935
Sphingopyxin-I_p11DE,-1.4021742343902588,0.6306171417236328,-0.29097485542297363,-0.2293466031551361
Sphingopyxin-I_p11DF,2.304425001144409,2.0354535579681396,2.231717348098755,-0.049122028052806854
Sphingopyxin-I_p11DG,-0.6632198095321655,0.9335270524024963,0.21738797426223755,-0.061481840908527374
Sphingopyxin-I_p11DH,0.7965054512023926,1.4721513986587524,1.205410361289978,-0.4292815625667572
Sphingopyxin-I_p11DI,0.9449625015258789,1.545005202293396,1.3108853101730347,0.05680151283740997
Sphingopyxin-I_p11DK,-1.8191494941711426,0.4580126702785492,-0.578201174736023,-0.02942097932100296
Sphingopyxin-I_p11DL,0.7306521534919739,1.4600905179977417,1.1630102396011353,0.0473172701895237
Sphingopyxin-I_p11DM,0.03829853981733322,1.228432059288025,0.6948829889297485,-0.11996706575155258
Sphingopyxin-I_p11DN,-0.9969569444656372,0.8095477819442749,-0.010516561567783356,-0.06279630213975906
Sphingopyxin-I_p11DP,-0.765843391418457,0.8623347282409668,0.13770106434822083,0.10159298777580261
Sphingopyxin-I_p11DQ,-0.7060868144035339,0.9182409644126892,0.18651092052459717,-0.18172267079353333
Sphingopyxin-I_p11DR,0.32692256569862366,1.2967513799667358,0.8829002976417542,-0.3000197112560272
Sphingopyxin-I_p11DS,-0.6146035194396973,0.9617805480957031,0.2505652606487274,-0.04992615431547165
Sphingopyxin-I_p11DT,-1.05422842502594,0.7838616371154785,-0.05078304558992386,-0.022280514240264893
Sphingopyxin-I_p11DV,0.16431459784507751,1.2553670406341553,0.7800828218460083,0.045096542686223984
Sphingopyxin-I_p11DW,1.462699055671692,1.7325471639633179,1.6585310697555542,-0.22209858894348145
Sphingopyxin-I_p11DY,2.2063727378845215,1.9609662294387817,2.1576035022735596,-0.3224063217639923
Sphingopyxin-I_p12QA,-1.382412075996399,0.6440882682800293,-0.2780240774154663,-0.23047804832458496
Sphingopyxin-I_p12QC,-1.7805081605911255,0.4799337685108185,-0.5510362386703491,-0.4992813169956207
Sphingopyxin-I_p12QD,-1.2331358194351196,0.7001425623893738,-0.1760578751564026,-0.38208961486816406
Sphingopyxin-I_p12QE,-1.805578589439392,0.4569062292575836,-0.5706816911697388,-0.2583558261394501
Sphingopyxin-I_p12QF,0.38936981558799744,1.3357126712799072,0.9345031976699829,-0.15063804388046265
Sphingopyxin-I_p12QG,-0.906102180480957,0.8352379202842712,0.04975380748510361,-0.3082767128944397
Sphingopyxin-I_p12QH,-0.5266116857528687,0.9914931654930115,0.31076565384864807,-0.33552321791648865
Sphingopyxin-I_p12QI,-0.5759891271591187,0.9732571244239807,0.27865704894065857,-0.10760296136140823
Sphingopyxin-I_p12QK,-2.038315534591675,0.3669768273830414,-0.7289915680885315,-0.1431809365749359
Sphingopyxin-I_p12QL,-0.8293750882148743,0.8637965321540833,0.10246668010950089,-0.06308504194021225
Sphingopyxin-I_p12QM,-1.2993842363357544,0.675896167755127,-0.22229322791099548,-0.20548972487449646
Sphingopyxin-I_p12QN,-1.1249116659164429,0.7560759782791138,-0.09978411346673965,-0.25748685002326965
Sphingopyxin-I_p12QP,-1.506140112876892,0.5747956037521362,-0.36298561096191406,-0.06395751982927322
Sphingopyxin-I_p12QR,-0.5805286765098572,0.9744751453399658,0.27218905091285706,-0.3043525218963623
Sphingopyxin-I_p12QS,-0.742440938949585,0.9155040979385376,0.16246095299720764,-0.2837241590023041
Sphingopyxin-I_p12QT,-0.8606188297271729,0.8725942373275757,0.08044343441724777,-0.4783940017223358
Sphingopyxin-I_p12QV,-1.1634929180145264,0.7349696159362793,-0.12831419706344604,-0.11950910836458206
Sphingopyxin-I_p12QW,0.4972139298915863,1.3699328899383545,1.008664608001709,-0.3156101405620575
Sphingopyxin-I_p12QY,0.3771519958972931,1.337440848350525,0.9286292791366577,-0.34710773825645447
Sphingopyxin-I_p13GA,-2.4252285957336426,0.2042885720729828,-0.9974056482315063,-0.08499766141176224
Sphingopyxin-I_p13GC,-2.9743969440460205,-0.0317142978310585,-1.3753303289413452,-0.13108554482460022
Sphingopyxin-I_p13GD,-2.286414623260498,0.24867525696754456,-0.9048876166343689,-0.06019171327352524
Sphingopyxin-I_p13GE,-2.4468729496002197,0.18035808205604553,-1.0176597833633423,0.0471339076757431
Sphingopyxin-I_p13GF,-0.6027595400810242,0.9580634236335754,0.257081001996994,-0.020538456737995148
Sphingopyxin-I_p13GH,-1.5091744661331177,0.5793152451515198,-0.3658059537410736,-0.16173884272575378
Sphingopyxin-I_p13GI,-1.8399635553359985,0.44289591908454895,-0.5912227630615234,0.1512274444103241
Sphingopyxin-I_p13GK,-3.6905934810638428,-0.33429089188575745,-1.8605719804763794,0.24247094988822937
Sphingopyxin-I_p13GL,-3.1994683742523193,-0.1255587935447693,-1.5318019390106201,0.24711710214614868
Sphingopyxin-I_p13GM,-2.370237112045288,0.2229941189289093,-0.9566524028778076,-0.014119848608970642
Sphingopyxin-I_p13GN,-2.4036684036254883,0.20850370824337006,-0.9819355010986328,0.08437846601009369
Sphingopyxin-I_p13GP,-2.0145840644836426,0.36375465989112854,-0.7156082391738892,0.213423490524292
Sphingopyxin-I_p13GQ,-2.1716842651367188,0.2991213798522949,-0.8237566947937012,0.06881985068321228
Sphingopyxin-I_p13GR,-1.216071367263794,0.7009071111679077,-0.16741245985031128,-0.10222529619932175
Sphingopyxin-I_p13GS,-2.0484492778778076,0.35408422350883484,-0.7377501726150513,0.058811984956264496
Sphingopyxin-I_p13GT,-2.521064519882202,0.16081391274929047,-1.0605860948562622,-0.023046135902404785
Sphingopyxin-I_p13GV,-2.430100202560425,0.20320425927639008,-1.0042942762374878,-0.007801264524459839
Sphingopyxin-I_p13GW,-0.3975777328014374,1.0055720806121826,0.39323821663856506,-0.2573293149471283
Sphingopyxin-I_p13GY,0.3047620356082916,1.3093539476394653,0.8764247298240662,-0.19828811287879944
Sphingopyxin-I_p14EA,-1.157976746559143,0.7339667677879333,-0.12412051111459732,-0.018903210759162903
Sphingopyxin-I_p14EC,-1.4393552541732788,0.6179160475730896,-0.31301742792129517,-0.05228740721940994
Sphingopyxin-I_p14ED,-1.6097215414047241,0.5387381315231323,-0.43584075570106506,-0.12761884927749634
Sphingopyxin-I_p14EF,0.7413244247436523,1.5074615478515625,1.1832982301712036,-0.1464047133922577
Sphingopyxin-I_p14EG,-0.7761083841323853,0.888730525970459,0.14135369658470154,-0.06359370797872543
Sphingopyxin-I_p14EH,-0.4512534439563751,1.0144702196121216,0.3580764830112457,-0.21417146921157837
Sphingopyxin-I_p14EI,-0.34008267521858215,1.0660948753356934,0.4372243583202362,0.12468917667865753
Sphingopyxin-I_p14EK,-1.8289529085159302,0.4504644274711609,-0.5852445363998413,-0.0012075603008270264
Sphingopyxin-I_p14EL,-0.500223696231842,1.0059268474578857,0.32897859811782837,0.06378050148487091
Sphingopyxin-I_p14EM,-1.2097985744476318,0.7118687629699707,-0.16133597493171692,-0.03972972184419632
Sphingopyxin-I_p14EN,-1.6097038984298706,0.5431395769119263,-0.43503817915916443,-0.03229401260614395
Sphingopyxin-I_p14EP,-1.409058928489685,0.6183316111564636,-0.29750022292137146,0.04013291746377945
Sphingopyxin-I_p14EQ,-1.429664134979248,0.6166549921035767,-0.31180089712142944,0.03450309485197067
Sphingopyxin-I_p14ER,-0.21163615584373474,1.1136630773544312,0.5235927104949951,-0.21768119931221008
Sphingopyxin-I_p14ES,-1.2358025312423706,0.698111355304718,-0.17863300442695618,0.014799267053604126
Sphingopyxin-I_p14ET,-1.1829266548156738,0.7247964143753052,-0.14111250638961792,-0.03498266637325287
Sphingopyxin-I_p14EV,-0.7466201782226562,0.9030255079269409,0.1597549319267273,0.047906093299388885
Sphingopyxin-I_p14EW,0.5805157423019409,1.4136041402816772,1.0613070726394653,-0.3291648328304291
Sphingopyxin-I_p14EY,0.354907751083374,1.3501867055892944,0.9150865077972412,-0.20948415994644165
Sphingopyxin-I_p15HA,-2.427746295928955,0.197140634059906,-0.9986337423324585,0.1273595094680786
Sphingopyxin-I_p15HC,-2.3716771602630615,0.2279949188232422,-0.9586707353591919,-0.15558287501335144
Sphingopyxin-I_p15HD,-2.6261961460113525,0.1082364097237587,-1.1384308338165283,-0.08608386665582657
Sphingopyxin-I_p15HE,-2.355509042739868,0.22559383511543274,-0.953445315361023,-0.13252004981040955
Sphingopyxin-I_p15HF,-1.0148497819900513,0.8052120804786682,-0.02539227157831192,0.162117600440979
Sphingopyxin-I_p15HG,-1.662803053855896,0.5140973925590515,-0.4716319739818573,-0.05323126167058945
Sphingopyxin-I_p15HI,-1.4176609516143799,0.6285406351089478,-0.3045257329940796,0.17406132817268372
Sphingopyxin-I_p15HK,-3.0890066623687744,-0.07913831621408463,-1.4503926038742065,0.19749921560287476
Sphingopyxin-I_p15HL,-2.241063356399536,0.2777612805366516,-0.8703298568725586,0.14634278416633606
Sphingopyxin-I_p15HM,-2.5883371829986572,0.13668319582939148,-1.1081715822219849,0.028351925313472748
Sphingopyxin-I_p15HN,-2.7032182216644287,0.07841844856739044,-1.188715934753418,0.16412115097045898
Sphingopyxin-I_p15HP,-2.3233211040496826,0.234897643327713,-0.927531361579895,0.31096044182777405
Sphingopyxin-I_p15HQ,-2.3695671558380127,0.2219035029411316,-0.9587576389312744,0.10530592501163483
Sphingopyxin-I_p15HR,-1.4526678323745728,0.6135867238044739,-0.3261723518371582,-0.1321152150630951
Sphingopyxin-I_p15HS,-2.393514394760132,0.20945259928703308,-0.9757368564605713,0.14647477865219116
Sphingopyxin-I_p15HT,-2.5903403759002686,0.12937307357788086,-1.1114702224731445,0.11060342192649841
Sphingopyxin-I_p15HV,-1.728285551071167,0.49450692534446716,-0.5175801515579224,0.1467146873474121
Sphingopyxin-I_p15HW,-0.45768222212791443,1.015584111213684,0.35456615686416626,-0.31634795665740967
Sphingopyxin-I_p15HY,-0.21935072541236877,1.1371487379074097,0.5220243334770203,-0.1690761148929596
Sphingopyxin-I_p16YA,-3.7572519779205322,-0.36491483449935913,-1.906290888786316,0.06732238084077835
Sphingopyxin-I_p16YC,-3.5896310806274414,-0.29652124643325806,-1.7932997941970825,0.014023154973983765
Sphingopyxin-I_p16YD,-3.772878885269165,-0.3675285875797272,-1.9160109758377075,-0.24904420971870422
Sphingopyxin-I_p16YE,-4.157862663269043,-0.5291607975959778,-2.1831212043762207,-0.14032259583473206
Sphingopyxin-I_p16YF,-1.4830399751663208,0.5924392342567444,-0.3467514216899872,-0.026541657745838165
Sphingopyxin-I_p16YG,-3.565911054611206,-0.2892267405986786,-1.776718020439148,-0.08007925003767014
Sphingopyxin-I_p16YH,-2.6968138217926025,0.07539241760969162,-1.1787770986557007,-0.13399118185043335
Sphingopyxin-I_p16YI,-2.3634612560272217,0.21947255730628967,-0.9558027982711792,-0.06423593312501907
Sphingopyxin-I_p16YK,-5.345661640167236,-1.0287773609161377,-3.000645875930786,0.28610458970069885
Sphingopyxin-I_p16YL,-3.4160196781158447,-0.22432050108909607,-1.671430230140686,-0.007553555071353912
Sphingopyxin-I_p16YM,-3.738835334777832,-0.34835657477378845,-1.887644648551941,-0.005044765770435333
Sphingopyxin-I_p16YN,-4.139517307281494,-0.5213276147842407,-2.1676392555236816,0.11465778201818466
Sphingopyxin-I_p16YP,-3.4258201122283936,-0.24250340461730957,-1.6894365549087524,0.23240059614181519
Sphingopyxin-I_p16YQ,-3.892923593521118,-0.41892263293266296,-1.9975637197494507,0.15302956104278564
Sphingopyxin-I_p16YR,-3.1204895973205566,-0.09776831418275833,-1.4681097269058228,-0.037524111568927765
Sphingopyxin-I_p16YS,-4.038081645965576,-0.48671314120292664,-2.0999629497528076,0.22380393743515015
Sphingopyxin-I_p16YT,-4.4655070304870605,-0.6566451787948608,-2.3927435874938965,0.08847342431545258
Sphingopyxin-I_p16YV,-2.8128812313079834,0.029398716986179352,-1.2599736452102661,-0.05284707993268967
Sphingopyxin-I_p16YW,-2.2109453678131104,0.288148432970047,-0.850156307220459,-0.27938541769981384
Sphingopyxin-I_p17LA,-1.825338363647461,0.4509602189064026,-0.5850782990455627,-0.22065111994743347
Sphingopyxin-I_p17LC,-1.811761736869812,0.4643968343734741,-0.5734752416610718,-0.3458053171634674
Sphingopyxin-I_p17LD,-1.1615511178970337,0.7195764780044556,-0.1291632056236267,-0.5333294868469238
Sphingopyxin-I_p17LE,-1.0925472974777222,0.7342101335525513,-0.08230166882276535,-0.4494609534740448
Sphingopyxin-I_p17LF,0.2332095205783844,1.2816351652145386,0.8303145170211792,-0.2527788579463959
Sphingopyxin-I_p17LG,-1.0548499822616577,0.7592830657958984,-0.05617427080869675,-0.38834884762763977
Sphingopyxin-I_p17LH,-0.2058606743812561,1.0954806804656982,0.5272088646888733,-0.4698406159877777
Sphingopyxin-I_p17LI,-0.5723323225975037,0.9787106513977051,0.2788712680339813,-0.2180538773536682
Sphingopyxin-I_p17LK,-2.081637144088745,0.33943846821784973,-0.7616546750068665,0.0740261971950531
Sphingopyxin-I_p17LM,-1.236546277999878,0.7002590298652649,-0.17827406525611877,-0.307388573884964
Sphingopyxin-I_p17LN,-1.3690799474716187,0.6375570297241211,-0.27202746272087097,-0.1411774754524231
Sphingopyxin-I_p17LP,-0.7876921892166138,0.8543282747268677,0.12466002255678177,-0.06567951291799545
Sphingopyxin-I_p17LQ,-0.8432446122169495,0.8485076427459717,0.08914601057767868,-0.1742241084575653
Sphingopyxin-I_p17LR,-0.30135947465896606,1.0613101720809937,0.45842912793159485,-0.3507142961025238
Sphingopyxin-I_p17LS,-1.1206486225128174,0.7398316860198975,-0.10109899193048477,-0.23304495215415955
Sphingopyxin-I_p17LT,-1.5670322179794312,0.5645466446876526,-0.4065534472465515,-0.3173852264881134
Sphingopyxin-I_p17LV,-0.9866126775741577,0.8083422780036926,-0.00681690126657486,-0.23607704043388367
Sphingopyxin-I_p17LW,0.4240226745605469,1.3397454023361206,0.9564312100410461,-0.4738300144672394
Sphingopyxin-I_p17LY,0.6063418388366699,1.4227877855300903,1.0864797830581665,-0.39463281631469727
Sphingopyxin-I_p18FA,-2.370051145553589,0.21531569957733154,-0.9618731737136841,-0.2500428259372711
Sphingopyxin-I_p18FC,-2.472125768661499,0.176800936460495,-1.0313655138015747,-0.19472646713256836
Sphingopyxin-I_p18FD,-2.64780592918396,0.09837367385625839,-1.1521409749984741,-0.463030070066452
Sphingopyxin-I_p18FE,-2.6038424968719482,0.11463483422994614,-1.124812364578247,-0.2858467102050781
Sphingopyxin-I_p18FG,-1.3595863580703735,0.6105034947395325,-0.26765868067741394,-0.20204639434814453
Sphingopyxin-I_p18FH,-1.0941277742385864,0.7348850965499878,-0.08367573469877243,-0.3835383951663971
Sphingopyxin-I_p18FI,-1.733156681060791,0.48591771721839905,-0.5223720073699951,-0.14939457178115845
Sphingopyxin-I_p18FK,-2.4927077293395996,0.16847386956214905,-1.045918583869934,-0.014946527779102325
Sphingopyxin-I_p18FL,-2.795595407485962,0.03326805680990219,-1.2556568384170532,-0.12773719429969788
Sphingopyxin-I_p18FM,-2.4364817142486572,0.18593764305114746,-1.0047764778137207,-0.22985413670539856
Sphingopyxin-I_p18FN,-2.1769635677337646,0.29501885175704956,-0.8277690410614014,-0.16793063282966614
Sphingopyxin-I_p18FP,-2.1295166015625,0.3044838309288025,-0.7971861362457275,0.13312789797782898
Sphingopyxin-I_p18FQ,-1.918972134590149,0.40124204754829407,-0.650792121887207,-0.11071489006280899
Sphingopyxin-I_p18FR,-1.0249614715576172,0.7623996734619141,-0.03450203686952591,-0.3283476233482361
Sphingopyxin-I_p18FS,-1.7921875715255737,0.45085957646369934,-0.5634207129478455,-0.14118343591690063
Sphingopyxin-I_p18FT,-2.4970784187316895,0.1588103175163269,-1.0490871667861938,-0.1814381182193756
Sphingopyxin-I_p18FV,-1.9453786611557007,0.3924299478530884,-0.6693487167358398,-0.16723397374153137
Sphingopyxin-I_p18FW,-0.8210048675537109,0.8575609922409058,0.10532727092504501,-0.45610806345939636
Sphingopyxin-I_p18FY,-0.5387645363807678,0.9856001734733582,0.30058544874191284,-0.377309113740921
Sphingopyxin-I_p19AC,-1.0891796350479126,0.7655463218688965,-0.07383652776479721,-0.3631877899169922
Sphingopyxin-I_p19AD,-1.3035117387771606,0.6421483159065247,-0.22636744379997253,-0.32933229207992554
Sphingopyxin-I_p19AE,-1.0642693042755127,0.714556097984314,-0.06871628016233444,-0.12006784230470657
Sphingopyxin-I_p19AF,0.006068609654903412,1.2101202011108398,0.6751337051391602,-0.30354318022727966
Sphingopyxin-I_p19AG,-0.6805911660194397,0.8946103453636169,0.19745227694511414,-0.04485668987035751
Sphingopyxin-I_p19AH,-0.4908885657787323,0.9794520139694214,0.32901281118392944,-0.3390182852745056
Sphingopyxin-I_p19AI,0.08984798938035965,1.2291098833084106,0.7306181788444519,-0.3081379234790802
Sphingopyxin-I_p19AK,-1.1104594469070435,0.7391283512115479,-0.09475281089544296,-0.06754975765943527
Sphingopyxin-I_p19AL,-0.9963384866714478,0.7972732782363892,-0.016610123217105865,-0.19856345653533936
Sphingopyxin-I_p19AM,-1.109765648841858,0.7508013248443604,-0.0942734107375145,-0.23400670289993286
Sphingopyxin-I_p19AN,-1.2996450662612915,0.6618137359619141,-0.2230944037437439,-0.09039648622274399
Sphingopyxin-I_p19AP,-0.9942210912704468,0.7558904886245728,-0.02650073915719986,0.09663897007703781
Sphingopyxin-I_p19AQ,-0.7705437541007996,0.8715184926986694,0.14064458012580872,-0.0269123837351799
Sphingopyxin-I_p19AR,0.39503213763237,1.3114855289459229,0.9325453042984009,-0.26744961738586426
Sphingopyxin-I_p19AS,-1.1786284446716309,0.7144930362701416,-0.14124414324760437,0.00684550404548645
Sphingopyxin-I_p19AT,-1.7110354900360107,0.498547226190567,-0.5048007369041443,-0.11397814005613327
Sphingopyxin-I_p19AV,-0.4943813383579254,0.9994987845420837,0.3295632302761078,-0.21405845880508423
Sphingopyxin-I_p19AW,-0.021904267370700836,1.1851388216018677,0.652605414390564,-0.4726267158985138
Sphingopyxin-I_p19AY,0.14374440908432007,1.2478224039077759,0.7687067985534668,-0.4372459352016449
Sphingopyxin-I_p20GA,-1.9625619649887085,0.4098409116268158,-0.6766138672828674,-0.369624525308609
Sphingopyxin-I_p20GC,-2.3085367679595947,0.27163082361221313,-0.9151338338851929,-0.4044170379638672
Sphingopyxin-I_p20GD,-1.6562970876693726,0.5143606066703796,-0.46993961930274963,-0.3798404633998871
Sphingopyxin-I_p20GE,-1.9257677793502808,0.40454575419425964,-0.656099259853363,-0.1204712763428688
Sphingopyxin-I_p20GF,0.2020013928413391,1.3018244504928589,0.8206257820129395,-0.7602311968803406
Sphingopyxin-I_p20GH,-0.16655543446540833,1.129299283027649,0.5587096214294434,-0.4891907870769501
Sphingopyxin-I_p20GI,-0.0632697120308876,1.1828960180282593,0.6301881670951843,-0.6010059118270874
Sphingopyxin-I_p20GK,-2.3008766174316406,0.25914186239242554,-0.9129251837730408,-0.2692957818508148
Sphingopyxin-I_p20GL,-1.199412226676941,0.7297327518463135,-0.15037432312965393,-0.676731288433075
Sphingopyxin-I_p20GM,-1.42611563205719,0.6383250951766968,-0.3058582544326782,-0.7194145917892456
Sphingopyxin-I_p20GN,-1.789727807044983,0.4701075255870819,-0.558646023273468,-0.15645602345466614
Sphingopyxin-I_p20GP,-2.39383864402771,0.20708319544792175,-0.9770611524581909,0.10082504153251648
Sphingopyxin-I_p20GQ,-1.5882760286331177,0.552571713924408,-0.4230296313762665,-0.029765136539936066
Sphingopyxin-I_p20GR,-0.9379827976226807,0.8405206203460693,0.03023151308298111,-0.6108317375183105
Sphingopyxin-I_p20GS,-1.2890968322753906,0.6881374716758728,-0.21306544542312622,-0.20351305603981018
Sphingopyxin-I_p20GT,-1.6792690753936768,0.5320310592651367,-0.481193870306015,-0.3139227330684662
Sphingopyxin-I_p20GV,-0.6991572380065918,0.9376468658447266,0.1944543421268463,-0.5203554630279541
Sphingopyxin-I_p20GW,-0.31705713272094727,1.064352035522461,0.45676836371421814,-0.8779138922691345
Sphingopyxin-I_p20GY,0.545336127281189,1.3844633102416992,1.0490095615386963,-0.9179666042327881
Sphingopyxin-I_p21GA,-1.4105851650238037,0.6207730174064636,-0.2976919412612915,-0.007532306015491486
Sphingopyxin-I_p21GC,-2.6394808292388916,0.11707112938165665,-1.1411837339401245,-0.04343172162771225
Sphingopyxin-I_p21GD,-1.7670241594314575,0.45340096950531006,-0.5488762259483337,-0.18814149498939514
Sphingopyxin-I_p21GE,-1.1536906957626343,0.6792420148849487,-0.13027873635292053,-0.09909889847040176
Sphingopyxin-I_p21GF,0.5957209467887878,1.4402695894241333,1.0792450904846191,-0.1882476508617401
Sphingopyxin-I_p21GH,0.18203866481781006,1.2371162176132202,0.7852076888084412,-0.29178231954574585
Sphingopyxin-I_p21GI,-0.14232173562049866,1.1404279470443726,0.5730094909667969,-0.1847514808177948
Sphingopyxin-I_p21GK,-1.812393069267273,0.4552512466907501,-0.5764472484588623,-0.044751234352588654
Sphingopyxin-I_p21GL,-0.9822365045547485,0.8072960376739502,-0.0038446709513664246,-0.2679145634174347
Sphingopyxin-I_p21GM,-1.164818525314331,0.7249212861061096,-0.13249048590660095,-0.19139835238456726
Sphingopyxin-I_p21GN,-1.7639518976211548,0.46977195143699646,-0.5428392291069031,0.0018387958407402039
Sphingopyxin-I_p21GP,-0.6889383792877197,0.875615656375885,0.18373802304267883,0.2077007293701172
Sphingopyxin-I_p21GQ,-1.042920470237732,0.754007875919342,-0.05164312571287155,-0.01693044602870941
Sphingopyxin-I_p21GR,0.1308319866657257,1.2102757692337036,0.7505035400390625,-0.39642298221588135
Sphingopyxin-I_p21GS,-0.8821120858192444,0.8273199796676636,0.06111154705286026,0.06347619742155075
Sphingopyxin-I_p21GT,-0.6587934494018555,0.9268304705619812,0.2202470302581787,-0.1782926619052887
Sphingopyxin-I_p21GV,-0.6282211542129517,0.9452510476112366,0.23990288376808167,-0.14408326148986816
Sphingopyxin-I_p21GW,-0.11312393099069595,1.146004319190979,0.5923537015914917,-0.38328036665916443
Sphingopyxin-I_p21GY,1.4012070894241333,1.7028032541275024,1.622110366821289,-0.4437932074069977
Sphingopyxin-I_p22IA,-1.4156287908554077,0.6153616905212402,-0.30144718289375305,-0.16776466369628906
Sphingopyxin-I_p22IC,-2.711709499359131,0.07649584859609604,-1.1978024244308472,-0.3235042095184326
Sphingopyxin-I_p22ID,-2.2305057048797607,0.2633230686187744,-0.8646825551986694,-0.37402984499931335
Sphingopyxin-I_p22IE,-2.180133104324341,0.2832527160644531,-0.8343653678894043,-0.32130417227745056
Sphingopyxin-I_p22IF,0.21646389365196228,1.2515202760696411,0.8144354224205017,-0.3470178544521332
Sphingopyxin-I_p22IG,-1.1702631711959839,0.7182289958000183,-0.13301709294319153,-0.42570915818214417
Sphingopyxin-I_p22IH,-0.28900146484375,1.0422940254211426,0.4633720815181732,-0.5142420530319214
Sphingopyxin-I_p22IK,-2.754460573196411,0.06306608021259308,-1.2147806882858276,-0.08308631926774979
Sphingopyxin-I_p22IL,-1.979880452156067,0.38212820887565613,-0.6907411813735962,-0.15424463152885437
Sphingopyxin-I_p22IM,-1.7264007329940796,0.48712286353111267,-0.517903208732605,-0.2716924846172333
Sphingopyxin-I_p22IN,-2.325218677520752,0.24263349175453186,-0.9188469648361206,-0.15531882643699646
Sphingopyxin-I_p22IP,-1.2594472169876099,0.6647531986236572,-0.2004903256893158,-0.11535493284463882
Sphingopyxin-I_p22IQ,-2.025496244430542,0.35582274198532104,-0.7232950925827026,-0.2146785855293274
Sphingopyxin-I_p22IR,-0.9170125722885132,0.811582088470459,0.03878021985292435,-0.3879484236240387
Sphingopyxin-I_p22IS,-1.5523154735565186,0.5577999949455261,-0.39456266164779663,-0.15133744478225708
Sphingopyxin-I_p22IT,-1.709065318107605,0.4956969916820526,-0.5035847425460815,-0.22134929895401
Sphingopyxin-I_p22IV,-1.6495741605758667,0.521594762802124,-0.4635330140590668,-0.17862561345100403
Sphingopyxin-I_p22IW,-0.7379540801048279,0.8759437799453735,0.16197466850280762,-0.6356035470962524
Sphingopyxin-I_p22IY,0.15232595801353455,1.219488501548767,0.7711122632026672,-0.5261603593826294
Sphingopyxin-I_p23TA,-1.8775749206542969,0.41912582516670227,-0.6209718585014343,0.055795736610889435
Sphingopyxin-I_p23TC,-2.584899663925171,0.13354671001434326,-1.1077189445495605,-0.028234653174877167
Sphingopyxin-I_p23TD,-1.8662041425704956,0.4193936288356781,-0.6151677370071411,-0.35517749190330505
Sphingopyxin-I_p23TE,-2.2160775661468506,0.2642989456653595,-0.8628126382827759,-0.01866251975297928
Sphingopyxin-I_p23TF,0.38100719451904297,1.3314825296401978,0.9239535331726074,-0.25177067518234253
Sphingopyxin-I_p23TG,-0.4862322509288788,0.9881002306938171,0.3322512209415436,-0.32573166489601135
Sphingopyxin-I_p23TH,-0.2926543056964874,1.0438154935836792,0.45799145102500916,-0.3082101345062256
Sphingopyxin-I_p23TI,-0.7030124068260193,0.8922705054283142,0.18397164344787598,0.04187227785587311
Sphingopyxin-I_p23TK,-2.6171178817749023,0.11603014916181564,-1.1310834884643555,0.13341087102890015
Sphingopyxin-I_p23TL,-1.4755929708480835,0.5869085192680359,-0.3448406755924225,-0.049741871654987335
Sphingopyxin-I_p23TM,-1.763717770576477,0.4742966294288635,-0.5438615083694458,-0.06513097137212753
Sphingopyxin-I_p23TN,-1.9839600324630737,0.3789660334587097,-0.6935107111930847,-0.05591673403978348
Sphingopyxin-I_p23TP,-1.0395480394363403,0.7260726690292358,-0.05845577269792557,0.1136927381157875
Sphingopyxin-I_p23TQ,-1.4932857751846313,0.5713328719139099,-0.3606205880641937,0.09442701935768127
Sphingopyxin-I_p23TR,-0.8755519390106201,0.8199631571769714,0.05865491181612015,-0.13485360145568848
Sphingopyxin-I_p23TS,-1.6023424863815308,0.5426697134971619,-0.4319770038127899,-0.026581712067127228
Sphingopyxin-I_p23TV,-1.1652954816818237,0.7096256017684937,-0.12905248999595642,-0.01804058998823166
Sphingopyxin-I_p23TW,-0.1224980428814888,1.1444001197814941,0.5869233012199402,-0.5448850989341736
Sphingopyxin-I_p23TY,0.816748857498169,1.48379647731781,1.2202128171920776,-0.37675395607948303
Sphingopyxin-I_p24AC,-2.1664068698883057,0.3123030960559845,-0.8185446262359619,-0.022367410361766815
Sphingopyxin-I_p24AD,-1.5472685098648071,0.5643556714057922,-0.39595645666122437,-0.39718273282051086
Sphingopyxin-I_p24AE,-1.5545591115951538,0.5420808792114258,-0.40184199810028076,-0.06564446538686752
Sphingopyxin-I_p24AF,2.270177125930786,1.9162286520004272,2.1791269779205322,-0.47047629952430725
Sphingopyxin-I_p24AG,0.3449164927005768,1.2938907146453857,0.8937398195266724,-0.5261638164520264
Sphingopyxin-I_p24AH,0.8242916464805603,1.4398589134216309,1.2129789590835571,-0.4059997797012329
Sphingopyxin-I_p24AI,0.42646101117134094,1.2702807188034058,0.9356999397277832,-0.05785820633172989
Sphingopyxin-I_p24AK,-2.974879026412964,-0.0344124510884285,-1.3809667825698853,0.19170919060707092
Sphingopyxin-I_p24AL,-0.5016911029815674,0.9486191272735596,0.3165000379085541,-0.13613763451576233
Sphingopyxin-I_p24AM,-1.1260236501693726,0.729813277721405,-0.1107090637087822,-0.08756045252084732
Sphingopyxin-I_p24AN,-1.5867425203323364,0.5479267835617065,-0.4240654408931732,-0.0639871135354042
Sphingopyxin-I_p24AP,-1.0212961435317993,0.7378464937210083,-0.046928755939006805,0.08199469745159149
Sphingopyxin-I_p24AQ,-1.9559472799301147,0.38585174083709717,-0.6802560687065125,0.20693102478981018
Sphingopyxin-I_p24AR,-0.19242385029792786,1.0653549432754517,0.5253628492355347,-0.07078907638788223
Sphingopyxin-I_p24AS,-1.616289496421814,0.54069584608078,-0.4425918757915497,-0.041013143956661224
Sphingopyxin-I_p24AT,-1.5853084325790405,0.5526893138885498,-0.42075052857398987,-0.1115754023194313
Sphingopyxin-I_p24AV,-0.643950343132019,0.9017825722694397,0.21938380599021912,-0.024814791977405548
Sphingopyxin-I_p24AW,0.4669418931007385,1.2592087984085083,0.9640158414840698,-0.3864026367664337
Sphingopyxin-I_p24AY,2.401892900466919,1.924228549003601,2.247509717941284,-0.41880670189857483
Sphingopyxin-I_p25DA,-1.0899263620376587,0.7544121742248535,-0.07863325625658035,-0.14845651388168335
Sphingopyxin-I_p25DC,-2.3260722160339355,0.2446671426296234,-0.9274517297744751,0.33133822679519653
Sphingopyxin-I_p25DE,-1.5735199451446533,0.5450024008750916,-0.41354671120643616,0.05224845930933952
Sphingopyxin-I_p25DF,1.142105221748352,1.6151014566421509,1.4373952150344849,0.08638112992048264
Sphingopyxin-I_p25DG,0.15554454922676086,1.237587809562683,0.7703724503517151,-0.32758209109306335
Sphingopyxin-I_p25DH,1.096166729927063,1.5399433374404907,1.3971235752105713,-0.16041672229766846
Sphingopyxin-I_p25DI,0.19502928853034973,1.2482208013534546,0.7964149713516235,-0.19765791296958923
Sphingopyxin-I_p25DK,-1.9797874689102173,0.3871321380138397,-0.6926240921020508,0.2182004153728485
Sphingopyxin-I_p25DL,0.0124087855219841,1.173682451248169,0.670030951499939,-0.11610115319490433
Sphingopyxin-I_p25DM,-0.9779149293899536,0.8049101233482361,-0.005143426358699799,0.17237767577171326
Sphingopyxin-I_p25DN,-1.350290060043335,0.6442318558692932,-0.25606703758239746,0.028806142508983612
Sphingopyxin-I_p25DP,-1.3258352279663086,0.6302832961082458,-0.25383055210113525,0.36215731501579285
Sphingopyxin-I_p25DQ,-1.356447696685791,0.6397278308868408,-0.26794835925102234,0.23775339126586914
Sphingopyxin-I_p25DR,-0.03128603845834732,1.1596165895462036,0.639193594455719,-0.12433219701051712
Sphingopyxin-I_p25DS,-1.1856460571289062,0.7240367531776428,-0.13916969299316406,-0.1211494728922844
Sphingopyxin-I_p25DT,-1.3896958827972412,0.6357027292251587,-0.2816992402076721,-0.14131838083267212
Sphingopyxin-I_p25DV,-0.3374548852443695,1.0435014963150024,0.43043655157089233,-0.183946430683136
Sphingopyxin-I_p25DW,-0.3122471868991852,1.0859220027923584,0.4581509232521057,0.12013284862041473
Sphingopyxin-I_p25DY,1.4120447635650635,1.6879554986953735,1.6101100444793701,0.27123913168907166
Sphingopyxin-I_p26DA,-1.3187052011489868,0.6379599571228027,-0.2406580150127411,0.06464320421218872
Sphingopyxin-I_p26DC,-3.9769680500030518,-0.46612343192100525,-2.0689995288848877,0.10434646904468536
Sphingopyxin-I_p26DE,-1.2967740297317505,0.6578768491744995,-0.22385704517364502,0.03597164899110794
Sphingopyxin-I_p26DF,1.0041803121566772,1.4516595602035522,1.3297661542892456,-0.10324256867170334
Sphingopyxin-I_p26DG,-0.8099607229232788,0.8339180946350098,0.10691764205694199,-0.017004534602165222
Sphingopyxin-I_p26DH,0.9215222597122192,1.4125992059707642,1.2741453647613525,-0.36126285791397095
Sphingopyxin-I_p26DI,-1.5588821172714233,0.5381900668144226,-0.4052380323410034,0.3443446457386017
Sphingopyxin-I_p26DK,-1.289859414100647,0.6474710702896118,-0.22392353415489197,0.1220545768737793
Sphingopyxin-I_p26DL,-0.9724494218826294,0.771772563457489,-0.006850980222225189,0.16114431619644165
Sphingopyxin-I_p26DM,0.07928381115198135,1.1602550745010376,0.703508198261261,-0.1205965206027031
Sphingopyxin-I_p26DN,-0.71214359998703,0.9010958671569824,0.18538334965705872,-0.1606196165084839
Sphingopyxin-I_p26DP,-0.9789208173751831,0.7845748662948608,-0.002679295837879181,0.060214556753635406
Sphingopyxin-I_p26DQ,0.32915306091308594,1.214220643043518,0.8672813773155212,-0.2409837543964386
Sphingopyxin-I_p26DR,1.2356239557266235,1.4151500463485718,1.4511183500289917,-0.24957409501075745
Sphingopyxin-I_p26DS,-1.0838251113891602,0.7354214191436768,-0.07195623964071274,-0.27906695008277893
Sphingopyxin-I_p26DT,-1.7305388450622559,0.48500856757164,-0.5165201425552368,0.1234801858663559
Sphingopyxin-I_p26DV,-1.8614376783370972,0.42202481627464294,-0.6109834909439087,0.26923149824142456
Sphingopyxin-I_p26DW,-0.15984287858009338,1.1189700365066528,0.5599894523620605,-0.1048976257443428
Sphingopyxin-I_p26DY,0.6575119495391846,1.3777235746383667,1.0971628427505493,-0.05150835961103439
Lariocidin_p1SA,-6.703622341156006,-2.772385835647583,-4.274632930755615,-2.58720326423645
Lariocidin_p1SC,-1.0260075330734253,0.17532393336296082,-0.11103648692369461,-1.9037606716156006
Lariocidin_p1SD,-0.9736768007278442,0.13797125220298767,-0.30991268157958984,0.29092761874198914
Lariocidin_p1SE,-0.9586911201477051,0.10856081545352936,-0.3171517550945282,0.44941654801368713
Lariocidin_p1SF,-0.2995222508907318,0.28413331508636475,0.07167976349592209,0.4781453311443329
Lariocidin_p1SG,-1.4944703578948975,0.08799861371517181,-0.5570878982543945,0.4632820188999176
Lariocidin_p1SH,0.21583861112594604,0.34604957699775696,0.37150266766548157,-0.07571094483137131
Lariocidin_p1SI,-1.182876467704773,-0.025384485721588135,-0.538253664970398,0.5543233752250671
Lariocidin_p1SK,0.6590603590011597,0.413669615983963,0.5586708784103394,0.24908259510993958
Lariocidin_p1SL,-0.11305219680070877,0.2910418212413788,0.1502702832221985,0.4506451189517975
Lariocidin_p1SM,-0.8512118458747864,0.13443301618099213,-0.2786526083946228,0.39170533418655396
Lariocidin_p1SN,-0.05044976621866226,0.3062739670276642,0.20336757600307465,0.6032334566116333
Lariocidin_p1SP,-0.4809360206127167,0.2289031445980072,-0.04867018014192581,0.4756958782672882
Lariocidin_p1SQ,0.0827791765332222,0.3065679669380188,0.25041159987449646,0.4679671823978424
Lariocidin_p1SR,-1.8962547779083252,-0.24898767471313477,-0.9703429937362671,0.5822620391845703
Lariocidin_p1ST,-1.857563853263855,-0.18954038619995117,-0.9222398996353149,0.6293456554412842
Lariocidin_p1SV,-4.322434425354004,-0.9399963617324829,-2.4491984844207764,0.5062864422798157
Lariocidin_p1SW,0.0015019699931144714,0.325666606426239,0.277401328086853,-0.6866065859794617
Lariocidin_p1SY,0.5596010088920593,0.4146009385585785,0.5382404327392578,0.3177625834941864
Lariocidin_p2KA,-4.1191086769104,-0.9207024574279785,-2.3474042415618896,0.5231434106826782
Lariocidin_p2KC,-7.205505847930908,-2.0227344036102295,-4.369174957275391,0.2919626235961914
Lariocidin_p2KD,-3.0207111835479736,-0.5648495554924011,-1.6432454586029053,0.5137431621551514
Lariocidin_p2KE,-3.018599033355713,-0.5809876322746277,-1.6600106954574585,0.47605958580970764
Lariocidin_p2KF,-1.9475651979446411,-0.2116764783859253,-0.9754502773284912,0.5087918639183044
Lariocidin_p2KG,-2.7326347827911377,-0.48731985688209534,-1.4878114461898804,0.6080650091171265
Lariocidin_p2KH,-2.0565338134765625,-0.2637377381324768,-1.0598106384277344,0.46173056960105896
Lariocidin_p2KI,-2.904453754425049,-0.5412660241127014,-1.589847445487976,0.4248577654361725
Lariocidin_p2KL,-4.8547043800354,-1.1558167934417725,-2.82011079788208,0.38435396552085876
Lariocidin_p2KM,-4.770576000213623,-1.144709587097168,-2.766934633255005,0.38480299711227417
Lariocidin_p2KN,-2.4294519424438477,-0.37575763463974,-1.2833601236343384,0.5358812808990479
Lariocidin_p2KP,-2.7741565704345703,-0.49881574511528015,-1.5027827024459839,0.5275664925575256
Lariocidin_p2KQ,-2.690671682357788,-0.45332756638526917,-1.4337215423583984,0.48501089215278625
Lariocidin_p2KR,-1.7803514003753662,-0.1760234236717224,-0.8747441172599792,0.5557628273963928
Lariocidin_p2KS,-2.806685447692871,-0.5091041326522827,-1.5322715044021606,0.5494702458381653
Lariocidin_p2KT,-3.4840171337127686,-0.678195059299469,-1.9182900190353394,0.524035632610321
Lariocidin_p2KV,-3.349330186843872,-0.706193745136261,-1.8758763074874878,0.44053491950035095
Lariocidin_p2KW,-2.679692506790161,-0.44937971234321594,-1.4251644611358643,0.4495781362056732
Lariocidin_p2KY,-1.5028132200241089,-0.07274950295686722,-0.6969194412231445,0.48758941888809204
Lariocidin_p3KA,-3.049717426300049,-0.5522738099098206,-1.640904426574707,0.485561728477478
Lariocidin_p3KC,-6.348543167114258,-1.6846295595169067,-3.7854812145233154,0.339578777551651
Lariocidin_p3KD,-3.247154951095581,-0.6306780576705933,-1.7788435220718384,0.48704683780670166
Lariocidin_p3KE,-3.229761838912964,-0.6525986790657043,-1.7899208068847656,0.45463573932647705
Lariocidin_p3KF,-2.0463767051696777,-0.24328327178955078,-1.0385334491729736,0.5193073153495789
Lariocidin_p3KG,-3.06343674659729,-0.5532031059265137,-1.655006766319275,0.5542092323303223
Lariocidin_p3KH,-1.9880629777908325,-0.2364884912967682,-1.01332688331604,0.47866901755332947
Lariocidin_p3KI,-2.3666269779205322,-0.34349289536476135,-1.2375315427780151,0.4333502948284149
Lariocidin_p3KL,-3.4526526927948,-0.6912813782691956,-1.9118810892105103,0.41310742497444153
Lariocidin_p3KM,-3.6391215324401855,-0.740461528301239,-2.0272324085235596,0.4697556793689728
Lariocidin_p3KN,-2.6268956661224365,-0.422234445810318,-1.3886967897415161,0.5355443358421326
Lariocidin_p3KP,-2.421266555786133,-0.3996274471282959,-1.2951899766921997,0.49261096119880676
Lariocidin_p3KQ,-2.735368490219116,-0.4937998354434967,-1.4898942708969116,0.48530319333076477
Lariocidin_p3KR,-2.272028684616089,-0.34183838963508606,-1.1951133012771606,0.5215618014335632
Lariocidin_p3KS,-2.304574728012085,-0.33150383830070496,-1.199902892112732,0.5246121287345886
Lariocidin_p3KT,-2.864171028137207,-0.4788626730442047,-1.5169428586959839,0.5069745779037476
Lariocidin_p3KV,-2.47415828704834,-0.3814813792705536,-1.2983158826828003,0.4357318580150604
Lariocidin_p3KW,-2.051696538925171,-0.2505796551704407,-1.045398235321045,0.4987071752548218
Lariocidin_p3KY,-1.2632970809936523,0.018608734011650085,-0.5362104773521423,0.5342426300048828
Lariocidin_p4SA,-1.8712983131408691,-0.17616522312164307,-0.9087840914726257,0.6303127408027649
Lariocidin_p4SC,-5.182288646697998,-1.227808952331543,-3.0230484008789062,0.4766866862773895
Lariocidin_p4SD,-1.922348141670227,-0.2003149390220642,-0.9571878910064697,0.5848608613014221
Lariocidin_p4SE,-1.8796907663345337,-0.20413652062416077,-0.9416691064834595,0.5413835644721985
Lariocidin_p4SF,-1.544748306274414,-0.09289006143808365,-0.721859335899353,0.6693633794784546
Lariocidin_p4SG,-1.487017035484314,-0.06415469199419022,-0.6837003231048584,0.657049298286438
Lariocidin_p4SH,-1.769121766090393,-0.1747317910194397,-0.8767164349555969,0.5454918146133423
Lariocidin_p4SI,-1.4349435567855835,-0.060389675199985504,-0.6498782634735107,0.5506516695022583
Lariocidin_p4SK,-0.987747311592102,0.07221255451440811,-0.3899344503879547,0.6168488264083862
Lariocidin_p4SL,-2.3331844806671143,-0.35076114535331726,-1.2196437120437622,0.5176535248756409
Lariocidin_p4SM,-2.5171213150024414,-0.3884958326816559,-1.3307000398635864,0.5499526858329773
Lariocidin_p4SN,-1.58970046043396,-0.10875476151704788,-0.7513506412506104,0.6011966466903687
Lariocidin_p4SP,-1.1273504495620728,0.02414792776107788,-0.47373124957084656,0.5803143382072449
Lariocidin_p4SQ,-1.6008126735687256,-0.1217946782708168,-0.762569785118103,0.5474168658256531
Lariocidin_p4SR,-1.2132285833358765,0.005326695740222931,-0.5222287178039551,0.5971214175224304
Lariocidin_p4ST,-1.7064803838729858,-0.13999763131141663,-0.8197413682937622,0.5962451696395874
Lariocidin_p4SV,-1.712516188621521,-0.15657249093055725,-0.8331596851348877,0.5722533464431763
Lariocidin_p4SW,-1.5738394260406494,-0.11293146759271622,-0.7438948750495911,0.5756468176841736
Lariocidin_p4SY,-1.3802658319473267,-0.04032198339700699,-0.6206502914428711,0.6571750044822693
Lariocidin_p5KA,-3.459352731704712,-0.7111772298812866,-1.919263243675232,0.48134300112724304
Lariocidin_p5KC,-7.934996128082275,-2.2373805046081543,-4.805605411529541,0.29664573073387146
Lariocidin_p5KD,-3.0602500438690186,-0.5732992887496948,-1.663211703300476,0.4713951647281647
Lariocidin_p5KE,-3.4188051223754883,-0.7058292031288147,-1.9047578573226929,0.4221480190753937
Lariocidin_p5KF,-1.9863759279251099,-0.22834208607673645,-1.0063912868499756,0.4976387917995453
Lariocidin_p5KG,-2.9322092533111572,-0.5095024108886719,-1.5806806087493896,0.5534088611602783
Lariocidin_p5KH,-1.9179455041885376,-0.22166985273361206,-0.9745385646820068,0.46057453751564026
Lariocidin_p5KI,-3.335003614425659,-0.6746237277984619,-1.8561255931854248,0.4472661316394806
Lariocidin_p5KL,-3.848907232284546,-0.8534215688705444,-2.189960479736328,0.38804736733436584
Lariocidin_p5KM,-3.7643210887908936,-0.8038813471794128,-2.1255314350128174,0.4683252274990082
Lariocidin_p5KN,-2.4808616638183594,-0.38194021582603455,-1.3065952062606812,0.5389703512191772
Lariocidin_p5KP,-2.5764288902282715,-0.4533925950527191,-1.3989430665969849,0.43585774302482605
Lariocidin_p5KQ,-3.0270447731018066,-0.5836282968521118,-1.6625803709030151,0.460730642080307
Lariocidin_p5KR,-2.15126633644104,-0.30963781476020813,-1.1256054639816284,0.5249260067939758
Lariocidin_p5KS,-3.3835647106170654,-0.6898783445358276,-1.8797780275344849,0.4932294487953186
Lariocidin_p5KT,-3.603238344192505,-0.7250487208366394,-1.999820590019226,0.5195501446723938
Lariocidin_p5KV,-3.480726957321167,-0.7227417230606079,-1.9437669515609741,0.4281478226184845
Lariocidin_p5KW,-2.396676778793335,-0.3862549066543579,-1.2807258367538452,0.45308077335357666
Lariocidin_p5KY,-1.0788958072662354,0.07542518526315689,-0.41820308566093445,0.5174570083618164
Lariocidin_p6PA,-2.515796184539795,-0.35845449566841125,-1.2913769483566284,0.6261290907859802
Lariocidin_p6PC,-4.823794364929199,-1.0160279273986816,-2.7248523235321045,0.5770115256309509
Lariocidin_p6PD,-1.4157150983810425,-0.052220962941646576,-0.636580228805542,0.590899646282196
Lariocidin_p6PE,-2.5082757472991943,-0.38517436385154724,-1.3186489343643188,0.5479636788368225
Lariocidin_p6PF,-1.3526673316955566,-0.011010661721229553,-0.583646833896637,0.7574337720870972
Lariocidin_p6PG,-0.5679594278335571,0.1892288625240326,-0.11817087978124619,0.6136454343795776
Lariocidin_p6PH,-1.1571824550628662,0.039142169058322906,-0.4694277346134186,0.6038478016853333
Lariocidin_p6PI,-1.233243465423584,0.021480776369571686,-0.5126941204071045,0.6005114912986755
Lariocidin_p6PK,-0.4057895839214325,0.22022753953933716,-0.02354736626148224,0.5539656281471252
Lariocidin_p6PL,-2.141772985458374,-0.27792617678642273,-1.089063048362732,0.6057778596878052
Lariocidin_p6PM,-2.0665788650512695,-0.23637601733207703,-1.0336041450500488,0.6242486238479614
Lariocidin_p6PN,-1.2276161909103394,0.023825496435165405,-0.507491409778595,0.6391249895095825
Lariocidin_p6PQ,-0.9382998943328857,0.08957447111606598,-0.3414292335510254,0.5884013175964355
Lariocidin_p6PR,-0.3816812038421631,0.22298666834831238,-0.010324560105800629,0.5645185708999634
Lariocidin_p6PS,-0.7669655084609985,0.14445021748542786,-0.23485121130943298,0.6138173937797546
Lariocidin_p6PT,-1.1013154983520508,0.06354483962059021,-0.4259130656719208,0.6132550835609436
Lariocidin_p6PV,-1.5704563856124878,-0.09695408493280411,-0.7324746251106262,0.604834258556366
Lariocidin_p6PW,-0.9690207242965698,0.08696642518043518,-0.3596949875354767,0.6517389416694641
Lariocidin_p6PY,-0.4270409047603607,0.241123229265213,-0.023982323706150055,0.6562226414680481
Lariocidin_p7GA,-2.518695592880249,-0.388564795255661,-1.3145554065704346,0.5989224314689636
Lariocidin_p7GC,-6.611206531524658,-1.6779803037643433,-3.895508289337158,0.44200775027275085
Lariocidin_p7GD,-2.168670177459717,-0.28526028990745544,-1.1094396114349365,0.5579879283905029
Lariocidin_p7GE,-2.7762629985809326,-0.49244388937950134,-1.5002710819244385,0.49826568365097046
Lariocidin_p7GF,-1.3046313524246216,-0.034103043377399445,-0.5797853469848633,0.6330636739730835
Lariocidin_p7GH,-1.1244505643844604,0.028997331857681274,-0.4686053693294525,0.5648653507232666
Lariocidin_p7GI,-1.7812119722366333,-0.18272271752357483,-0.8764216899871826,0.5706108212471008
Lariocidin_p7GK,-0.6524409055709839,0.16491028666496277,-0.1831125020980835,0.6318024396896362
Lariocidin_p7GL,-2.917351484298706,-0.5577528476715088,-1.5974777936935425,0.523616373538971
Lariocidin_p7GM,-3.0058324337005615,-0.5502251386642456,-1.6379990577697754,0.5853345990180969
Lariocidin_p7GN,-1.169289231300354,0.030819036066532135,-0.48149600625038147,0.6362255215644836
Lariocidin_p7GP,-2.372647285461426,-0.3870406448841095,-1.2611116170883179,0.5254927277565002
Lariocidin_p7GQ,-1.8089951276779175,-0.1980871558189392,-0.8985297679901123,0.5507587790489197
Lariocidin_p7GR,-1.198374629020691,0.002884775400161743,-0.524782121181488,0.6451793909072876
Lariocidin_p7GS,-1.8797932863235474,-0.20382601022720337,-0.9306536912918091,0.6211659908294678
Lariocidin_p7GT,-2.1668131351470947,-0.27825307846069336,-1.0925246477127075,0.6134039163589478
Lariocidin_p7GV,-2.6275243759155273,-0.45192429423332214,-1.4057523012161255,0.5456833839416504
Lariocidin_p7GW,-1.440325140953064,-0.07891205698251724,-0.6614992618560791,0.6017558574676514
Lariocidin_p7GY,-0.2564553916454315,0.2740357220172882,0.06543590873479843,0.6351568698883057
Lariocidin_p8DA,-0.8970105648040771,0.10179086774587631,-0.3239583671092987,0.5908847451210022
Lariocidin_p8DC,-4.142022132873535,-0.8071472644805908,-2.2915799617767334,0.5829066038131714
Lariocidin_p8DE,-1.2548772096633911,-0.0098537877202034,-0.5430359840393066,0.5625826120376587
Lariocidin_p8DF,-0.7595364451408386,0.13997912406921387,-0.2517397701740265,0.6807049512863159
Lariocidin_p8DG,-0.08268795162439346,0.2701382637023926,0.17401237785816193,0.3786161243915558
Lariocidin_p8DH,-0.10385721176862717,0.2698732018470764,0.15924209356307983,0.5039669871330261
Lariocidin_p8DI,-0.8128173351287842,0.10945907235145569,-0.2847966253757477,0.6061806678771973
Lariocidin_p8DK,0.024199046194553375,0.28204578161239624,0.2191968560218811,0.3444226384162903
Lariocidin_p8DL,-1.3015739917755127,-0.039624884724617004,-0.5863409042358398,0.596690833568573
Lariocidin_p8DM,-1.1877095699310303,0.014148689806461334,-0.5061853528022766,0.6389408707618713
Lariocidin_p8DN,-0.16680669784545898,0.2550660967826843,0.12046710401773453,0.4981352984905243
Lariocidin_p8DP,-0.13278120756149292,0.25281986594200134,0.13152599334716797,0.5111352205276489
Lariocidin_p8DQ,0.08926001936197281,0.30619049072265625,0.27254417538642883,0.507595419883728
Lariocidin_p8DR,0.12420827895402908,0.3042236864566803,0.2828582525253296,0.38453876972198486
Lariocidin_p8DS,-0.4275940954685211,0.20632889866828918,-0.0465007945895195,0.5669720768928528
Lariocidin_p8DT,-0.47257205843925476,0.20603182911872864,-0.06960675865411758,0.5627102851867676
Lariocidin_p8DV,-0.9118669033050537,0.08435776829719543,-0.34846022725105286,0.6053832769393921
Lariocidin_p8DW,-0.3461105227470398,0.2219751477241516,-0.0008781552314758301,0.5817257761955261
Lariocidin_p8DY,0.1629023253917694,0.32658854126930237,0.32026416063308716,0.5633917450904846
Lariocidin_p9GA,-3.3421027660369873,-0.6357911825180054,-1.825579285621643,0.5965639352798462
Lariocidin_p9GC,-4.8355712890625,-1.1129359006881714,-2.779771566390991,0.4663179814815521
Lariocidin_p9GD,-3.5121889114379883,-0.7087898254394531,-1.949947714805603,0.6101760864257812
Lariocidin_p9GE,-4.319845199584961,-0.9921630620956421,-2.4837148189544678,0.4956170320510864
Lariocidin_p9GF,-1.8269147872924805,-0.1949509084224701,-0.9023563861846924,0.6266805529594421
Lariocidin_p9GH,-1.8161388635635376,-0.19859114289283752,-0.9059264659881592,0.5564906597137451
Lariocidin_p9GI,-2.1472434997558594,-0.2934620976448059,-1.1064242124557495,0.6629542112350464
Lariocidin_p9GK,-1.5765200853347778,-0.0945059135556221,-0.7436121702194214,0.7015766501426697
Lariocidin_p9GL,-3.6374711990356445,-0.7752244472503662,-2.039722442626953,0.5342152714729309
Lariocidin_p9GM,-3.9196455478668213,-0.8244822025299072,-2.200303792953491,0.5924526453018188
Lariocidin_p9GN,-1.863552451133728,-0.19114017486572266,-0.9200483560562134,0.6619635820388794
Lariocidin_p9GP,-2.722369432449341,-0.48755404353141785,-1.48186457157135,0.6000063419342041
Lariocidin_p9GQ,-2.6789767742156982,-0.48111602663993835,-1.4523125886917114,0.5538623332977295
Lariocidin_p9GR,-1.4873942136764526,-0.08954507857561111,-0.7008534669876099,0.652686595916748
Lariocidin_p9GS,-2.3229196071624756,-0.34645843505859375,-1.2104989290237427,0.6457169651985168
Lariocidin_p9GT,-2.441335916519165,-0.3610490560531616,-1.260586142539978,0.6622705459594727
Lariocidin_p9GV,-3.0284173488616943,-0.5723198652267456,-1.641771674156189,0.6184883713722229
Lariocidin_p9GW,-2.339512586593628,-0.363415002822876,-1.2262271642684937,0.566312313079834
Lariocidin_p9GY,-1.5647507905960083,-0.10187997668981552,-0.7321814894676208,0.6171938180923462
Lariocidin_p10KA,-2.92761492729187,-0.47902390360832214,-1.555442452430725,0.5267584919929504
Lariocidin_p10KC,-6.05903959274292,-1.5172979831695557,-3.5513248443603516,0.44921889901161194
Lariocidin_p10KD,-3.203038454055786,-0.6005116701126099,-1.753882646560669,0.49140796065330505
Lariocidin_p10KE,-3.6022040843963623,-0.7358162999153137,-2.0038540363311768,0.4577435255050659
Lariocidin_p10KF,-1.4790023565292358,-0.031931616365909576,-0.6647634506225586,0.5711545944213867
Lariocidin_p10KG,-1.5168360471725464,-0.08081702142953873,-0.702605128288269,0.5625429749488831
Lariocidin_p10KH,-1.5180013179779053,-0.08000584691762924,-0.7060991525650024,0.5058672428131104
Lariocidin_p10KI,-2.176145076751709,-0.25126543641090393,-1.1029263734817505,0.5656203627586365
Lariocidin_p10KL,-3.34568452835083,-0.635998547077179,-1.8347903490066528,0.5403698682785034
Lariocidin_p10KM,-2.948401927947998,-0.4832514226436615,-1.5700852870941162,0.5753548741340637
Lariocidin_p10KN,-2.1341230869293213,-0.2637422978878021,-1.0873316526412964,0.5616002678871155
Lariocidin_p10KP,-2.83611798286438,-0.5217916965484619,-1.5465606451034546,0.5416101813316345
Lariocidin_p10KQ,-1.9057143926620483,-0.20142245292663574,-0.9503598213195801,0.5129764676094055
Lariocidin_p10KR,-1.2669776678085327,-0.017153196036815643,-0.5399137139320374,0.5462567806243896
Lariocidin_p10KS,-2.5620369911193848,-0.397149920463562,-1.3480463027954102,0.5562406182289124
Lariocidin_p10KT,-2.639216184616089,-0.3887307941913605,-1.3815211057662964,0.5706853866577148
Lariocidin_p10KV,-2.8659005165100098,-0.48427054286003113,-1.5331368446350098,0.5130556225776672
Lariocidin_p10KW,-1.7653661966323853,-0.1522216796875,-0.8586918115615845,0.5212733745574951
Lariocidin_p10KY,-0.7932595610618591,0.17379602789878845,-0.22629770636558533,0.5563026070594788
Lariocidin_p11FA,-3.3211286067962646,-0.6058024168014526,-1.7848443984985352,0.6155789494514465
Lariocidin_p11FC,-5.5084147453308105,-1.2533818483352661,-3.166654348373413,0.5346967577934265
Lariocidin_p11FD,-4.018367290496826,-0.8492708802223206,-2.256075143814087,0.5420640110969543
Lariocidin_p11FE,-4.782426357269287,-1.1121985912322998,-2.747824192047119,0.48057952523231506
Lariocidin_p11FG,-2.3994905948638916,-0.32666778564453125,-1.2498362064361572,0.6591378450393677
Lariocidin_p11FH,-1.9145281314849854,-0.1953340768814087,-0.9481329917907715,0.5774868130683899
Lariocidin_p11FI,-2.644380807876587,-0.44867464900016785,-1.4214576482772827,0.5229716300964355
Lariocidin_p11FK,-2.020958185195923,-0.21146249771118164,-1.0126463174819946,0.6929261088371277
Lariocidin_p11FL,-3.1502392292022705,-0.5906212329864502,-1.7143300771713257,0.5271125435829163
Lariocidin_p11FM,-3.0481512546539307,-0.541051983833313,-1.6407831907272339,0.5630100965499878
Lariocidin_p11FN,-2.804009199142456,-0.4524659216403961,-1.4746421575546265,0.6216599941253662
Lariocidin_p11FP,-2.7421953678131104,-0.4685164988040924,-1.489498257637024,0.6205244064331055
Lariocidin_p11FQ,-2.6306064128875732,-0.4287124574184418,-1.4042688608169556,0.5660884380340576
Lariocidin_p11FR,-1.7902084589004517,-0.14993825554847717,-0.8658100962638855,0.6502794623374939
Lariocidin_p11FS,-2.49332332611084,-0.3625892996788025,-1.2997007369995117,0.6405121684074402
Lariocidin_p11FT,-2.741454601287842,-0.43237003684043884,-1.4385724067687988,0.6125611662864685
Lariocidin_p11FV,-2.9106783866882324,-0.5136022567749023,-1.5748213529586792,0.5462707877159119
Lariocidin_p11FW,-2.129213333129883,-0.2847490608692169,-1.1041676998138428,0.546160876750946
Lariocidin_p11FY,-1.3542999029159546,-0.03211098909378052,-0.6006923913955688,0.5897838473320007
Lariocidin_p12GA,-3.4974379539489746,-0.7042574882507324,-1.939653754234314,0.50824373960495
Lariocidin_p12GC,-6.283327102661133,-1.6004167795181274,-3.6923434734344482,0.3444341719150543
Lariocidin_p12GD,-2.8098652362823486,-0.49966153502464294,-1.5138691663742065,0.4952559769153595
Lariocidin_p12GE,-2.8016414642333984,-0.5110197067260742,-1.5210705995559692,0.4473065733909607
Lariocidin_p12GF,-1.5575212240219116,-0.08911865204572678,-0.723523736000061,0.5292190909385681
Lariocidin_p12GH,-2.163581132888794,-0.30928677320480347,-1.136335015296936,0.5149620771408081
Lariocidin_p12GI,-2.613960027694702,-0.45959028601646423,-1.4145606756210327,0.5226651430130005
Lariocidin_p12GK,-1.1213222742080688,0.027838468551635742,-0.46396753191947937,0.6319608688354492
Lariocidin_p12GL,-3.6496646404266357,-0.7778363823890686,-2.050630807876587,0.4739871323108673
Lariocidin_p12GM,-3.371018886566162,-0.649420976638794,-1.8528188467025757,0.5626032948493958
Lariocidin_p12GN,-2.4537594318389893,-0.3825860023498535,-1.2933610677719116,0.59160315990448
Lariocidin_p12GP,-3.6092636585235596,-0.8016517758369446,-2.05293869972229,0.47575482726097107
Lariocidin_p12GQ,-2.510570526123047,-0.4199747145175934,-1.3417402505874634,0.4972415864467621
Lariocidin_p12GR,-1.3639719486236572,-0.0573987141251564,-0.6167536973953247,0.5622765421867371
Lariocidin_p12GS,-2.8559958934783936,-0.5355829000473022,-1.5578008890151978,0.5180480480194092
Lariocidin_p12GT,-2.6743979454040527,-0.4445086419582367,-1.4154654741287231,0.5589064359664917
Lariocidin_p12GV,-2.8917758464813232,-0.5482035875320435,-1.5752731561660767,0.5042548179626465
Lariocidin_p12GW,-1.918681263923645,-0.2144409716129303,-0.9511463642120361,0.5575256943702698
Lariocidin_p12GY,-1.343322992324829,-0.014945626258850098,-0.5830328464508057,0.5274183750152588
Lariocidin_p13RA,-3.224902391433716,-0.5619058012962341,-1.7387982606887817,0.5584689974784851
Lariocidin_p13RC,-4.95379114151001,-1.0978418588638306,-2.8237922191619873,0.5113741159439087
Lariocidin_p13RD,-2.8799381256103516,-0.46694454550743103,-1.5254783630371094,0.5899015665054321
Lariocidin_p13RE,-3.346503257751465,-0.646903395652771,-1.8455017805099487,0.5390588641166687
Lariocidin_p13RF,-1.8326245546340942,-0.14722809195518494,-0.8823943734169006,0.5933462977409363
Lariocidin_p13RG,-1.1150952577590942,0.06087358668446541,-0.4370823800563812,0.6222463846206665
Lariocidin_p13RH,-1.7837979793548584,-0.16584500670433044,-0.8809916973114014,0.5529673099517822
Lariocidin_p13RI,-2.3618099689483643,-0.31664007902145386,-1.2189888954162598,0.543881893157959
Lariocidin_p13RK,-2.2174103260040283,-0.2838371694087982,-1.1398173570632935,0.6899810433387756
Lariocidin_p13RL,-3.8589131832122803,-0.8188818693161011,-2.1773784160614014,0.5051532983779907
Lariocidin_p13RM,-3.193324565887451,-0.5652341842651367,-1.7360934019088745,0.5593443512916565
Lariocidin_p13RN,-2.0949771404266357,-0.23080822825431824,-1.041526198387146,0.6293107271194458
Lariocidin_p13RP,-2.844623327255249,-0.5150839686393738,-1.5566102266311646,0.5586909651756287
Lariocidin_p13RQ,-2.7954297065734863,-0.47510144114494324,-1.4892438650131226,0.5428472757339478
Lariocidin_p13RS,-2.413414478302002,-0.33830729126930237,-1.2436935901641846,0.5963000655174255
Lariocidin_p13RT,-2.768510580062866,-0.4233529269695282,-1.4543043375015259,0.5941939949989319
Lariocidin_p13RV,-2.7640647888183594,-0.45230576395988464,-1.4631108045578003,0.5399916768074036
Lariocidin_p13RW,-1.4421273469924927,-0.048513539135456085,-0.6488637924194336,0.5665934085845947
Lariocidin_p13RY,-1.2063722610473633,0.04248415678739548,-0.49878230690956116,0.5684090256690979
Lariocidin_p14GA,-4.519189834594727,-1.0229105949401855,-2.590139627456665,0.5422681570053101
Lariocidin_p14GC,-7.392275810241699,-2.00307559967041,-4.43727445602417,0.3715134263038635
Lariocidin_p14GD,-3.3776473999023438,-0.6712617874145508,-1.8676373958587646,0.5303347706794739
Lariocidin_p14GE,-4.398506164550781,-1.019020676612854,-2.5353009700775146,0.4935778081417084
Lariocidin_p14GF,-2.1958210468292236,-0.27816900610923767,-1.1192330121994019,0.5863668918609619
Lariocidin_p14GH,-2.25764799118042,-0.344101220369339,-1.1954046487808228,0.5233064889907837
Lariocidin_p14GI,-3.2087600231170654,-0.6242305040359497,-1.7619831562042236,0.5881521105766296
Lariocidin_p14GK,-2.8710694313049316,-0.5118343830108643,-1.555026650428772,0.7267693281173706
Lariocidin_p14GL,-5.485429286956787,-1.402260422706604,-3.230116367340088,0.4835856556892395
Lariocidin_p14GM,-4.19866943359375,-0.9101499915122986,-2.3758320808410645,0.5881194472312927
Lariocidin_p14GN,-2.886519432067871,-0.5186328887939453,-1.561926245689392,0.64019775390625
Lariocidin_p14GP,-4.258730411529541,-1.0085854530334473,-2.459031820297241,0.5673573613166809
Lariocidin_p14GQ,-3.9887301921844482,-0.8940573930740356,-2.270509958267212,0.5307170152664185
Lariocidin_p14GR,-2.5156219005584717,-0.41125431656837463,-1.340516448020935,0.6691488027572632
Lariocidin_p14GS,-3.29416561126709,-0.644973874092102,-1.8067184686660767,0.5868550539016724
Lariocidin_p14GT,-3.9365317821502686,-0.8289976119995117,-2.210256338119507,0.6111428737640381
Lariocidin_p14GV,-3.55769419670105,-0.7401413917541504,-1.9826949834823608,0.5819346904754639
Lariocidin_p14GW,-2.07236385345459,-0.2660088539123535,-1.0548850297927856,0.54239821434021
Lariocidin_p14GY,-1.7610998153686523,-0.14296770095825195,-0.8508676886558533,0.5659165382385254
Lariocidin_p15VA,-1.8156052827835083,-0.15354707837104797,-0.8786344528198242,0.6295861005783081
Lariocidin_p15VC,-3.879788637161255,-0.7357045412063599,-2.134185552597046,0.5885390043258667
Lariocidin_p15VD,-1.5836597681045532,-0.09233716875314713,-0.737170398235321,0.6189448833465576
Lariocidin_p15VE,-2.125277280807495,-0.27364301681518555,-1.0922943353652954,0.6016804575920105
Lariocidin_p15VF,0.006547324359416962,0.32080814242362976,0.2418183982372284,0.6076862215995789
Lariocidin_p15VG,-0.3774556815624237,0.23515474796295166,0.001770995557308197,0.581068217754364
Lariocidin_p15VH,-1.4009579420089722,-0.029630377888679504,-0.6224720478057861,0.6796104907989502
Lariocidin_p15VI,-0.9849148988723755,0.086771659553051,-0.3654004633426666,0.6157008409500122
Lariocidin_p15VK,-1.6832489967346191,-0.09553710371255875,-0.7988780736923218,0.7701641321182251
Lariocidin_p15VL,-2.3887031078338623,-0.3631419837474823,-1.2632640600204468,0.592566967010498
Lariocidin_p15VM,-1.8956459760665894,-0.17883622646331787,-0.9218177795410156,0.6636313796043396
Lariocidin_p15VN,-1.5022048950195312,-0.06605678051710129,-0.6918247938156128,0.7051042318344116
Lariocidin_p15VP,-1.656956672668457,-0.13908496499061584,-0.8041226267814636,0.6068149209022522
Lariocidin_p15VQ,-1.9499589204788208,-0.21639207005500793,-0.9776991605758667,0.6337096691131592
Lariocidin_p15VR,-1.5692991018295288,-0.07167599350214005,-0.7291964292526245,0.7511177659034729
Lariocidin_p15VS,-1.2623834609985352,0.00672362744808197,-0.541059672832489,0.6508011221885681
Lariocidin_p15VT,-1.3418166637420654,-0.01230282336473465,-0.5796164870262146,0.6042695045471191
Lariocidin_p15VW,-0.4783424437046051,0.20641657710075378,-0.08153272420167923,0.6353371143341064
Lariocidin_p15VY,-0.2561793029308319,0.2725481390953064,0.06920411437749863,0.6445885896682739
Lariocidin_p16KA,-2.7430217266082764,-0.4159782826900482,-1.4384607076644897,0.420165479183197
Lariocidin_p16KC,-4.407701015472412,-0.9044979810714722,-2.485687494277954,0.483322411775589
Lariocidin_p16KD,-0.6759524345397949,0.20018509030342102,-0.15560993552207947,0.4043518006801605
Lariocidin_p16KE,-1.6247085332870483,-0.10784681886434555,-0.7743531465530396,0.4016207158565521
Lariocidin_p16KF,0.6685175895690918,0.5918347835540771,0.7040396928787231,0.4986341595649719
Lariocidin_p16KG,0.06982102245092392,0.3358526825904846,0.2724800407886505,0.47973474860191345
Lariocidin_p16KH,0.0008840784430503845,0.34336817264556885,0.23143112659454346,0.45565930008888245
Lariocidin_p16KI,-0.672730028629303,0.21571511030197144,-0.14999628067016602,0.5182635188102722
Lariocidin_p16KL,-2.101454973220825,-0.24526900053024292,-1.0582046508789062,0.4329446852207184
Lariocidin_p16KM,-1.41679847240448,0.0011704042553901672,-0.6160463094711304,0.47687312960624695
Lariocidin_p16KN,-0.7382782101631165,0.17865166068077087,-0.19190499186515808,0.5047644376754761
Lariocidin_p16KP,-2.525120973587036,-0.43825241923332214,-1.3716611862182617,0.44487643241882324
Lariocidin_p16KQ,-1.1512815952301025,0.0420708954334259,-0.4745929539203644,0.4349953830242157
Lariocidin_p16KR,-1.1117193698883057,0.033954277634620667,-0.4494548738002777,0.5709441304206848
Lariocidin_p16KS,-1.3675884008407593,-0.021223895251750946,-0.6112549304962158,0.4833420515060425
Lariocidin_p16KT,-1.484731674194336,-0.012971311807632446,-0.6438230872154236,0.5047662258148193
Lariocidin_p16KV,-1.4215866327285767,-0.019650377333164215,-0.6324471831321716,0.485130250453949
Lariocidin_p16KW,0.5973144769668579,0.5233432054519653,0.6285167932510376,0.44832471013069153
Lariocidin_p16KY,0.6566348075866699,0.5560426712036133,0.6843817234039307,0.48155227303504944
Lariocidin_p17RA,-4.109426975250244,-0.8678748607635498,-2.313814878463745,0.49176886677742004
Lariocidin_p17RC,-4.009234428405762,-0.786483645439148,-2.257150411605835,0.5045706033706665
Lariocidin_p17RD,-2.448726177215576,-0.35292288661003113,-1.2634373903274536,0.5018891096115112
Lariocidin_p17RE,-3.941784620285034,-0.8736161589622498,-2.241319417953491,0.4384860098361969
Lariocidin_p17RF,-0.7182987928390503,0.20163267850875854,-0.17664355039596558,0.5810145735740662
Lariocidin_p17RG,-1.440554141998291,-0.041473545134067535,-0.6435272097587585,0.5568193793296814
Lariocidin_p17RH,-1.2909868955612183,-0.00913197547197342,-0.5513268709182739,0.519920825958252
Lariocidin_p17RI,-1.8588881492614746,-0.14497223496437073,-0.9014620780944824,0.5809739232063293
Lariocidin_p17RK,-2.3072080612182617,-0.3312336504459381,-1.2078607082366943,0.6634406447410583
Lariocidin_p17RL,-2.5437564849853516,-0.37698304653167725,-1.3281511068344116,0.5506903529167175
Lariocidin_p17RM,-2.232032537460327,-0.25443026423454285,-1.1270668506622314,0.5518004894256592
Lariocidin_p17RN,-1.7405457496643066,-0.13627693057060242,-0.8358590006828308,0.5592849254608154
Lariocidin_p17RP,-3.4463820457458496,-0.7386561632156372,-1.935775637626648,0.4635249674320221
Lariocidin_p17RQ,-2.847702741622925,-0.5048931837081909,-1.5292218923568726,0.465535432100296
Lariocidin_p17RS,-2.9357967376708984,-0.5208953022956848,-1.5766714811325073,0.5242828726768494
Lariocidin_p17RT,-2.977202892303467,-0.4861399233341217,-1.5845917463302612,0.5497677326202393
Lariocidin_p17RV,-2.5444138050079346,-0.3714279234409332,-1.3269740343093872,0.5538060069084167
Lariocidin_p17RW,-0.3712977170944214,0.30147892236709595,0.035956256091594696,0.5319100618362427
Lariocidin_p17RY,-0.7813217043876648,0.17539897561073303,-0.22420677542686462,0.534879207611084
Lariocidin_p18GA,-2.8883724212646484,-0.5080931186676025,-1.5475832223892212,0.5473123788833618
Lariocidin_p18GC,-3.7941794395446777,-0.7260632514953613,-2.0938313007354736,0.4848116338253021
Lariocidin_p18GD,-2.6207449436187744,-0.46744200587272644,-1.4346052408218384,0.4293224513530731
Lariocidin_p18GE,-3.3505775928497314,-0.6960460543632507,-1.8568085432052612,0.46178844571113586
Lariocidin_p18GF,-0.5264025330543518,0.20137158036231995,-0.1044783666729927,0.5904488563537598
Lariocidin_p18GH,-1.7919769287109375,-0.18879666924476624,-0.883385419845581,0.5641093850135803
Lariocidin_p18GI,-1.5974394083023071,-0.12970095872879028,-0.7645147442817688,0.5216438174247742
Lariocidin_p18GK,-2.324307441711426,-0.34181052446365356,-1.2138521671295166,0.6786272525787354
Lariocidin_p18GL,-2.1624982357025146,-0.31765085458755493,-1.134870171546936,0.49147602915763855
Lariocidin_p18GM,-1.5786722898483276,-0.11550355702638626,-0.7488577365875244,0.5183712244033813
Lariocidin_p18GN,-2.513333559036255,-0.4207843840122223,-1.3496688604354858,0.5728806257247925
Lariocidin_p18GP,-2.2278077602386475,-0.3517722487449646,-1.1814491748809814,0.4835919439792633
Lariocidin_p18GQ,-2.886674642562866,-0.5545109510421753,-1.5942730903625488,0.4902727007865906
Lariocidin_p18GR,-1.7078348398208618,-0.16263896226882935,-0.8433272242546082,0.6583679914474487
Lariocidin_p18GS,-2.725999355316162,-0.47353222966194153,-1.4662309885025024,0.5933855772018433
Lariocidin_p18GT,-2.116962194442749,-0.27375826239585876,-1.085262656211853,0.53916335105896
Lariocidin_p18GV,-1.5900877714157104,-0.12170790880918503,-0.7544994354248047,0.5179778337478638
Lariocidin_p18GW,-0.6180393099784851,0.1866883933544159,-0.13752901554107666,0.5348007082939148
Lariocidin_p18GY,-0.6166232228279114,0.18392011523246765,-0.15475112199783325,0.5598166584968567
